ISO-10303-21;
HEADER;
/* Generated by software containing ST-Developer
 * from STEP Tools, Inc. (www.steptools.com) 
 */

FILE_DESCRIPTION(
/* description */ (''),
/* implementation_level */ '2;1');

FILE_NAME(
/* name */ 'Arduino_case_lid.stp',
/* time_stamp */ '2025-09-19T12:07:32+02:00',
/* author */ ('TSO'),
/* organization */ (''),
/* preprocessor_version */ 'ST-DEVELOPER v20',
/* originating_system */ 'Autodesk Inventor 2025',
/* authorisation */ '');

FILE_SCHEMA (('AUTOMOTIVE_DESIGN { 1 0 10303 214 3 1 1 }'));
ENDSEC;

DATA;
#10=MECHANICAL_DESIGN_GEOMETRIC_PRESENTATION_REPRESENTATION('',(#13),#10034);
#11=SHAPE_REPRESENTATION_RELATIONSHIP('SRR','None',#10041,#12);
#12=ADVANCED_BREP_SHAPE_REPRESENTATION('',(#14),#10033);
#13=STYLED_ITEM('',(#10050),#14);
#14=MANIFOLD_SOLID_BREP('Solid1',#5945);
#15=FACE_BOUND('',#619,.T.);
#16=FACE_BOUND('',#676,.T.);
#17=FACE_BOUND('',#698,.T.);
#18=FACE_BOUND('',#731,.T.);
#19=FACE_BOUND('',#744,.T.);
#20=FACE_BOUND('',#799,.T.);
#21=FACE_BOUND('',#830,.T.);
#22=FACE_BOUND('',#846,.T.);
#23=FACE_BOUND('',#868,.T.);
#24=FACE_BOUND('',#869,.T.);
#25=FACE_BOUND('',#870,.T.);
#26=FACE_BOUND('',#871,.T.);
#27=FACE_BOUND('',#872,.T.);
#28=FACE_BOUND('',#873,.T.);
#29=FACE_BOUND('',#874,.T.);
#30=FACE_BOUND('',#875,.T.);
#31=FACE_BOUND('',#876,.T.);
#32=FACE_BOUND('',#877,.T.);
#33=FACE_BOUND('',#878,.T.);
#34=FACE_BOUND('',#879,.T.);
#35=FACE_BOUND('',#880,.T.);
#36=FACE_BOUND('',#881,.T.);
#37=FACE_BOUND('',#882,.T.);
#38=FACE_BOUND('',#883,.T.);
#39=FACE_BOUND('',#884,.T.);
#40=FACE_BOUND('',#885,.T.);
#41=FACE_BOUND('',#886,.T.);
#42=FACE_BOUND('',#887,.T.);
#43=FACE_BOUND('',#888,.T.);
#44=FACE_BOUND('',#889,.T.);
#45=FACE_BOUND('',#936,.T.);
#46=FACE_BOUND('',#937,.T.);
#47=FACE_BOUND('',#938,.T.);
#48=FACE_BOUND('',#939,.T.);
#49=FACE_BOUND('',#940,.T.);
#50=PLANE('',#5968);
#51=PLANE('',#5969);
#52=PLANE('',#5970);
#53=PLANE('',#5971);
#54=PLANE('',#5972);
#55=PLANE('',#5973);
#56=PLANE('',#5974);
#57=PLANE('',#5975);
#58=PLANE('',#5976);
#59=PLANE('',#5977);
#60=PLANE('',#5978);
#61=PLANE('',#5979);
#62=PLANE('',#5980);
#63=PLANE('',#5981);
#64=PLANE('',#5982);
#65=PLANE('',#5983);
#66=PLANE('',#5984);
#67=PLANE('',#5985);
#68=PLANE('',#5986);
#69=PLANE('',#5987);
#70=PLANE('',#5988);
#71=PLANE('',#5989);
#72=PLANE('',#5990);
#73=PLANE('',#5991);
#74=PLANE('',#5992);
#75=PLANE('',#5993);
#76=PLANE('',#5994);
#77=PLANE('',#5995);
#78=PLANE('',#5996);
#79=PLANE('',#5997);
#80=PLANE('',#5998);
#81=PLANE('',#5999);
#82=PLANE('',#6000);
#83=PLANE('',#6001);
#84=PLANE('',#6002);
#85=PLANE('',#6003);
#86=PLANE('',#6004);
#87=PLANE('',#6005);
#88=PLANE('',#6006);
#89=PLANE('',#6007);
#90=PLANE('',#6008);
#91=PLANE('',#6009);
#92=PLANE('',#6010);
#93=PLANE('',#6011);
#94=PLANE('',#6012);
#95=PLANE('',#6013);
#96=PLANE('',#6014);
#97=PLANE('',#6015);
#98=PLANE('',#6016);
#99=PLANE('',#6017);
#100=PLANE('',#6018);
#101=PLANE('',#6019);
#102=PLANE('',#6020);
#103=PLANE('',#6021);
#104=PLANE('',#6022);
#105=PLANE('',#6023);
#106=PLANE('',#6024);
#107=PLANE('',#6025);
#108=PLANE('',#6026);
#109=PLANE('',#6027);
#110=PLANE('',#6028);
#111=PLANE('',#6029);
#112=PLANE('',#6030);
#113=PLANE('',#6031);
#114=PLANE('',#6032);
#115=PLANE('',#6033);
#116=PLANE('',#6034);
#117=PLANE('',#6035);
#118=PLANE('',#6036);
#119=PLANE('',#6037);
#120=PLANE('',#6038);
#121=PLANE('',#6039);
#122=PLANE('',#6040);
#123=PLANE('',#6041);
#124=PLANE('',#6042);
#125=PLANE('',#6043);
#126=PLANE('',#6044);
#127=PLANE('',#6045);
#128=PLANE('',#6046);
#129=PLANE('',#6047);
#130=PLANE('',#6048);
#131=PLANE('',#6049);
#132=PLANE('',#6050);
#133=PLANE('',#6051);
#134=PLANE('',#6052);
#135=PLANE('',#6053);
#136=PLANE('',#6054);
#137=PLANE('',#6055);
#138=PLANE('',#6056);
#139=PLANE('',#6057);
#140=PLANE('',#6058);
#141=PLANE('',#6059);
#142=PLANE('',#6060);
#143=PLANE('',#6061);
#144=PLANE('',#6062);
#145=PLANE('',#6063);
#146=PLANE('',#6064);
#147=PLANE('',#6065);
#148=PLANE('',#6066);
#149=PLANE('',#6067);
#150=PLANE('',#6068);
#151=PLANE('',#6069);
#152=PLANE('',#6070);
#153=PLANE('',#6071);
#154=PLANE('',#6072);
#155=PLANE('',#6073);
#156=PLANE('',#6074);
#157=PLANE('',#6075);
#158=PLANE('',#6076);
#159=PLANE('',#6077);
#160=PLANE('',#6078);
#161=PLANE('',#6079);
#162=PLANE('',#6080);
#163=PLANE('',#6081);
#164=PLANE('',#6082);
#165=PLANE('',#6083);
#166=PLANE('',#6084);
#167=PLANE('',#6085);
#168=PLANE('',#6086);
#169=PLANE('',#6087);
#170=PLANE('',#6088);
#171=PLANE('',#6089);
#172=PLANE('',#6090);
#173=PLANE('',#6091);
#174=PLANE('',#6092);
#175=PLANE('',#6093);
#176=PLANE('',#6094);
#177=PLANE('',#6095);
#178=PLANE('',#6096);
#179=PLANE('',#6097);
#180=PLANE('',#6098);
#181=PLANE('',#6099);
#182=PLANE('',#6100);
#183=PLANE('',#6101);
#184=PLANE('',#6102);
#185=PLANE('',#6103);
#186=PLANE('',#6104);
#187=PLANE('',#6105);
#188=PLANE('',#6106);
#189=PLANE('',#6107);
#190=PLANE('',#6108);
#191=PLANE('',#6109);
#192=PLANE('',#6110);
#193=PLANE('',#6111);
#194=PLANE('',#6112);
#195=PLANE('',#6113);
#196=PLANE('',#6114);
#197=PLANE('',#6115);
#198=PLANE('',#6116);
#199=PLANE('',#6117);
#200=PLANE('',#6118);
#201=PLANE('',#6119);
#202=PLANE('',#6120);
#203=PLANE('',#6121);
#204=PLANE('',#6122);
#205=PLANE('',#6123);
#206=PLANE('',#6124);
#207=PLANE('',#6125);
#208=PLANE('',#6126);
#209=PLANE('',#6127);
#210=PLANE('',#6128);
#211=PLANE('',#6129);
#212=PLANE('',#6130);
#213=PLANE('',#6131);
#214=PLANE('',#6132);
#215=PLANE('',#6133);
#216=PLANE('',#6134);
#217=PLANE('',#6135);
#218=PLANE('',#6136);
#219=PLANE('',#6137);
#220=PLANE('',#6138);
#221=PLANE('',#6139);
#222=PLANE('',#6140);
#223=PLANE('',#6141);
#224=PLANE('',#6142);
#225=PLANE('',#6143);
#226=PLANE('',#6144);
#227=PLANE('',#6145);
#228=PLANE('',#6146);
#229=PLANE('',#6147);
#230=PLANE('',#6148);
#231=PLANE('',#6149);
#232=PLANE('',#6150);
#233=PLANE('',#6151);
#234=PLANE('',#6152);
#235=PLANE('',#6153);
#236=PLANE('',#6154);
#237=PLANE('',#6155);
#238=PLANE('',#6156);
#239=PLANE('',#6157);
#240=PLANE('',#6158);
#241=PLANE('',#6159);
#242=PLANE('',#6160);
#243=PLANE('',#6161);
#244=PLANE('',#6162);
#245=PLANE('',#6163);
#246=PLANE('',#6164);
#247=PLANE('',#6165);
#248=PLANE('',#6166);
#249=PLANE('',#6167);
#250=PLANE('',#6168);
#251=PLANE('',#6169);
#252=PLANE('',#6170);
#253=PLANE('',#6171);
#254=PLANE('',#6172);
#255=PLANE('',#6173);
#256=PLANE('',#6174);
#257=PLANE('',#6175);
#258=PLANE('',#6176);
#259=PLANE('',#6177);
#260=PLANE('',#6178);
#261=PLANE('',#6179);
#262=PLANE('',#6180);
#263=PLANE('',#6181);
#264=PLANE('',#6182);
#265=PLANE('',#6183);
#266=PLANE('',#6184);
#267=PLANE('',#6185);
#268=PLANE('',#6186);
#269=PLANE('',#6187);
#270=PLANE('',#6188);
#271=PLANE('',#6189);
#272=PLANE('',#6190);
#273=PLANE('',#6191);
#274=PLANE('',#6192);
#275=PLANE('',#6193);
#276=PLANE('',#6194);
#277=PLANE('',#6195);
#278=PLANE('',#6196);
#279=PLANE('',#6197);
#280=PLANE('',#6198);
#281=PLANE('',#6199);
#282=PLANE('',#6200);
#283=PLANE('',#6201);
#284=PLANE('',#6202);
#285=PLANE('',#6203);
#286=PLANE('',#6204);
#287=PLANE('',#6205);
#288=PLANE('',#6206);
#289=FACE_OUTER_BOUND('',#600,.T.);
#290=FACE_OUTER_BOUND('',#601,.T.);
#291=FACE_OUTER_BOUND('',#602,.T.);
#292=FACE_OUTER_BOUND('',#603,.T.);
#293=FACE_OUTER_BOUND('',#604,.T.);
#294=FACE_OUTER_BOUND('',#605,.T.);
#295=FACE_OUTER_BOUND('',#606,.T.);
#296=FACE_OUTER_BOUND('',#607,.T.);
#297=FACE_OUTER_BOUND('',#608,.T.);
#298=FACE_OUTER_BOUND('',#609,.T.);
#299=FACE_OUTER_BOUND('',#610,.T.);
#300=FACE_OUTER_BOUND('',#611,.T.);
#301=FACE_OUTER_BOUND('',#612,.T.);
#302=FACE_OUTER_BOUND('',#613,.T.);
#303=FACE_OUTER_BOUND('',#614,.T.);
#304=FACE_OUTER_BOUND('',#615,.T.);
#305=FACE_OUTER_BOUND('',#616,.T.);
#306=FACE_OUTER_BOUND('',#617,.T.);
#307=FACE_OUTER_BOUND('',#618,.T.);
#308=FACE_OUTER_BOUND('',#620,.T.);
#309=FACE_OUTER_BOUND('',#621,.T.);
#310=FACE_OUTER_BOUND('',#622,.T.);
#311=FACE_OUTER_BOUND('',#623,.T.);
#312=FACE_OUTER_BOUND('',#624,.T.);
#313=FACE_OUTER_BOUND('',#625,.T.);
#314=FACE_OUTER_BOUND('',#626,.T.);
#315=FACE_OUTER_BOUND('',#627,.T.);
#316=FACE_OUTER_BOUND('',#628,.T.);
#317=FACE_OUTER_BOUND('',#629,.T.);
#318=FACE_OUTER_BOUND('',#630,.T.);
#319=FACE_OUTER_BOUND('',#631,.T.);
#320=FACE_OUTER_BOUND('',#632,.T.);
#321=FACE_OUTER_BOUND('',#633,.T.);
#322=FACE_OUTER_BOUND('',#634,.T.);
#323=FACE_OUTER_BOUND('',#635,.T.);
#324=FACE_OUTER_BOUND('',#636,.T.);
#325=FACE_OUTER_BOUND('',#637,.T.);
#326=FACE_OUTER_BOUND('',#638,.T.);
#327=FACE_OUTER_BOUND('',#639,.T.);
#328=FACE_OUTER_BOUND('',#640,.T.);
#329=FACE_OUTER_BOUND('',#641,.T.);
#330=FACE_OUTER_BOUND('',#642,.T.);
#331=FACE_OUTER_BOUND('',#643,.T.);
#332=FACE_OUTER_BOUND('',#644,.T.);
#333=FACE_OUTER_BOUND('',#645,.T.);
#334=FACE_OUTER_BOUND('',#646,.T.);
#335=FACE_OUTER_BOUND('',#647,.T.);
#336=FACE_OUTER_BOUND('',#648,.T.);
#337=FACE_OUTER_BOUND('',#649,.T.);
#338=FACE_OUTER_BOUND('',#650,.T.);
#339=FACE_OUTER_BOUND('',#651,.T.);
#340=FACE_OUTER_BOUND('',#652,.T.);
#341=FACE_OUTER_BOUND('',#653,.T.);
#342=FACE_OUTER_BOUND('',#654,.T.);
#343=FACE_OUTER_BOUND('',#655,.T.);
#344=FACE_OUTER_BOUND('',#656,.T.);
#345=FACE_OUTER_BOUND('',#657,.T.);
#346=FACE_OUTER_BOUND('',#658,.T.);
#347=FACE_OUTER_BOUND('',#659,.T.);
#348=FACE_OUTER_BOUND('',#660,.T.);
#349=FACE_OUTER_BOUND('',#661,.T.);
#350=FACE_OUTER_BOUND('',#662,.T.);
#351=FACE_OUTER_BOUND('',#663,.T.);
#352=FACE_OUTER_BOUND('',#664,.T.);
#353=FACE_OUTER_BOUND('',#665,.T.);
#354=FACE_OUTER_BOUND('',#666,.T.);
#355=FACE_OUTER_BOUND('',#667,.T.);
#356=FACE_OUTER_BOUND('',#668,.T.);
#357=FACE_OUTER_BOUND('',#669,.T.);
#358=FACE_OUTER_BOUND('',#670,.T.);
#359=FACE_OUTER_BOUND('',#671,.T.);
#360=FACE_OUTER_BOUND('',#672,.T.);
#361=FACE_OUTER_BOUND('',#673,.T.);
#362=FACE_OUTER_BOUND('',#674,.T.);
#363=FACE_OUTER_BOUND('',#675,.T.);
#364=FACE_OUTER_BOUND('',#677,.T.);
#365=FACE_OUTER_BOUND('',#678,.T.);
#366=FACE_OUTER_BOUND('',#679,.T.);
#367=FACE_OUTER_BOUND('',#680,.T.);
#368=FACE_OUTER_BOUND('',#681,.T.);
#369=FACE_OUTER_BOUND('',#682,.T.);
#370=FACE_OUTER_BOUND('',#683,.T.);
#371=FACE_OUTER_BOUND('',#684,.T.);
#372=FACE_OUTER_BOUND('',#685,.T.);
#373=FACE_OUTER_BOUND('',#686,.T.);
#374=FACE_OUTER_BOUND('',#687,.T.);
#375=FACE_OUTER_BOUND('',#688,.T.);
#376=FACE_OUTER_BOUND('',#689,.T.);
#377=FACE_OUTER_BOUND('',#690,.T.);
#378=FACE_OUTER_BOUND('',#691,.T.);
#379=FACE_OUTER_BOUND('',#692,.T.);
#380=FACE_OUTER_BOUND('',#693,.T.);
#381=FACE_OUTER_BOUND('',#694,.T.);
#382=FACE_OUTER_BOUND('',#695,.T.);
#383=FACE_OUTER_BOUND('',#696,.T.);
#384=FACE_OUTER_BOUND('',#697,.T.);
#385=FACE_OUTER_BOUND('',#699,.T.);
#386=FACE_OUTER_BOUND('',#700,.T.);
#387=FACE_OUTER_BOUND('',#701,.T.);
#388=FACE_OUTER_BOUND('',#702,.T.);
#389=FACE_OUTER_BOUND('',#703,.T.);
#390=FACE_OUTER_BOUND('',#704,.T.);
#391=FACE_OUTER_BOUND('',#705,.T.);
#392=FACE_OUTER_BOUND('',#706,.T.);
#393=FACE_OUTER_BOUND('',#707,.T.);
#394=FACE_OUTER_BOUND('',#708,.T.);
#395=FACE_OUTER_BOUND('',#709,.T.);
#396=FACE_OUTER_BOUND('',#710,.T.);
#397=FACE_OUTER_BOUND('',#711,.T.);
#398=FACE_OUTER_BOUND('',#712,.T.);
#399=FACE_OUTER_BOUND('',#713,.T.);
#400=FACE_OUTER_BOUND('',#714,.T.);
#401=FACE_OUTER_BOUND('',#715,.T.);
#402=FACE_OUTER_BOUND('',#716,.T.);
#403=FACE_OUTER_BOUND('',#717,.T.);
#404=FACE_OUTER_BOUND('',#718,.T.);
#405=FACE_OUTER_BOUND('',#719,.T.);
#406=FACE_OUTER_BOUND('',#720,.T.);
#407=FACE_OUTER_BOUND('',#721,.T.);
#408=FACE_OUTER_BOUND('',#722,.T.);
#409=FACE_OUTER_BOUND('',#723,.T.);
#410=FACE_OUTER_BOUND('',#724,.T.);
#411=FACE_OUTER_BOUND('',#725,.T.);
#412=FACE_OUTER_BOUND('',#726,.T.);
#413=FACE_OUTER_BOUND('',#727,.T.);
#414=FACE_OUTER_BOUND('',#728,.T.);
#415=FACE_OUTER_BOUND('',#729,.T.);
#416=FACE_OUTER_BOUND('',#730,.T.);
#417=FACE_OUTER_BOUND('',#732,.T.);
#418=FACE_OUTER_BOUND('',#733,.T.);
#419=FACE_OUTER_BOUND('',#734,.T.);
#420=FACE_OUTER_BOUND('',#735,.T.);
#421=FACE_OUTER_BOUND('',#736,.T.);
#422=FACE_OUTER_BOUND('',#737,.T.);
#423=FACE_OUTER_BOUND('',#738,.T.);
#424=FACE_OUTER_BOUND('',#739,.T.);
#425=FACE_OUTER_BOUND('',#740,.T.);
#426=FACE_OUTER_BOUND('',#741,.T.);
#427=FACE_OUTER_BOUND('',#742,.T.);
#428=FACE_OUTER_BOUND('',#743,.T.);
#429=FACE_OUTER_BOUND('',#745,.T.);
#430=FACE_OUTER_BOUND('',#746,.T.);
#431=FACE_OUTER_BOUND('',#747,.T.);
#432=FACE_OUTER_BOUND('',#748,.T.);
#433=FACE_OUTER_BOUND('',#749,.T.);
#434=FACE_OUTER_BOUND('',#750,.T.);
#435=FACE_OUTER_BOUND('',#751,.T.);
#436=FACE_OUTER_BOUND('',#752,.T.);
#437=FACE_OUTER_BOUND('',#753,.T.);
#438=FACE_OUTER_BOUND('',#754,.T.);
#439=FACE_OUTER_BOUND('',#755,.T.);
#440=FACE_OUTER_BOUND('',#756,.T.);
#441=FACE_OUTER_BOUND('',#757,.T.);
#442=FACE_OUTER_BOUND('',#758,.T.);
#443=FACE_OUTER_BOUND('',#759,.T.);
#444=FACE_OUTER_BOUND('',#760,.T.);
#445=FACE_OUTER_BOUND('',#761,.T.);
#446=FACE_OUTER_BOUND('',#762,.T.);
#447=FACE_OUTER_BOUND('',#763,.T.);
#448=FACE_OUTER_BOUND('',#764,.T.);
#449=FACE_OUTER_BOUND('',#765,.T.);
#450=FACE_OUTER_BOUND('',#766,.T.);
#451=FACE_OUTER_BOUND('',#767,.T.);
#452=FACE_OUTER_BOUND('',#768,.T.);
#453=FACE_OUTER_BOUND('',#769,.T.);
#454=FACE_OUTER_BOUND('',#770,.T.);
#455=FACE_OUTER_BOUND('',#771,.T.);
#456=FACE_OUTER_BOUND('',#772,.T.);
#457=FACE_OUTER_BOUND('',#773,.T.);
#458=FACE_OUTER_BOUND('',#774,.T.);
#459=FACE_OUTER_BOUND('',#775,.T.);
#460=FACE_OUTER_BOUND('',#776,.T.);
#461=FACE_OUTER_BOUND('',#777,.T.);
#462=FACE_OUTER_BOUND('',#778,.T.);
#463=FACE_OUTER_BOUND('',#779,.T.);
#464=FACE_OUTER_BOUND('',#780,.T.);
#465=FACE_OUTER_BOUND('',#781,.T.);
#466=FACE_OUTER_BOUND('',#782,.T.);
#467=FACE_OUTER_BOUND('',#783,.T.);
#468=FACE_OUTER_BOUND('',#784,.T.);
#469=FACE_OUTER_BOUND('',#785,.T.);
#470=FACE_OUTER_BOUND('',#786,.T.);
#471=FACE_OUTER_BOUND('',#787,.T.);
#472=FACE_OUTER_BOUND('',#788,.T.);
#473=FACE_OUTER_BOUND('',#789,.T.);
#474=FACE_OUTER_BOUND('',#790,.T.);
#475=FACE_OUTER_BOUND('',#791,.T.);
#476=FACE_OUTER_BOUND('',#792,.T.);
#477=FACE_OUTER_BOUND('',#793,.T.);
#478=FACE_OUTER_BOUND('',#794,.T.);
#479=FACE_OUTER_BOUND('',#795,.T.);
#480=FACE_OUTER_BOUND('',#796,.T.);
#481=FACE_OUTER_BOUND('',#797,.T.);
#482=FACE_OUTER_BOUND('',#798,.T.);
#483=FACE_OUTER_BOUND('',#800,.T.);
#484=FACE_OUTER_BOUND('',#801,.T.);
#485=FACE_OUTER_BOUND('',#802,.T.);
#486=FACE_OUTER_BOUND('',#803,.T.);
#487=FACE_OUTER_BOUND('',#804,.T.);
#488=FACE_OUTER_BOUND('',#805,.T.);
#489=FACE_OUTER_BOUND('',#806,.T.);
#490=FACE_OUTER_BOUND('',#807,.T.);
#491=FACE_OUTER_BOUND('',#808,.T.);
#492=FACE_OUTER_BOUND('',#809,.T.);
#493=FACE_OUTER_BOUND('',#810,.T.);
#494=FACE_OUTER_BOUND('',#811,.T.);
#495=FACE_OUTER_BOUND('',#812,.T.);
#496=FACE_OUTER_BOUND('',#813,.T.);
#497=FACE_OUTER_BOUND('',#814,.T.);
#498=FACE_OUTER_BOUND('',#815,.T.);
#499=FACE_OUTER_BOUND('',#816,.T.);
#500=FACE_OUTER_BOUND('',#817,.T.);
#501=FACE_OUTER_BOUND('',#818,.T.);
#502=FACE_OUTER_BOUND('',#819,.T.);
#503=FACE_OUTER_BOUND('',#820,.T.);
#504=FACE_OUTER_BOUND('',#821,.T.);
#505=FACE_OUTER_BOUND('',#822,.T.);
#506=FACE_OUTER_BOUND('',#823,.T.);
#507=FACE_OUTER_BOUND('',#824,.T.);
#508=FACE_OUTER_BOUND('',#825,.T.);
#509=FACE_OUTER_BOUND('',#826,.T.);
#510=FACE_OUTER_BOUND('',#827,.T.);
#511=FACE_OUTER_BOUND('',#828,.T.);
#512=FACE_OUTER_BOUND('',#829,.T.);
#513=FACE_OUTER_BOUND('',#831,.T.);
#514=FACE_OUTER_BOUND('',#832,.T.);
#515=FACE_OUTER_BOUND('',#833,.T.);
#516=FACE_OUTER_BOUND('',#834,.T.);
#517=FACE_OUTER_BOUND('',#835,.T.);
#518=FACE_OUTER_BOUND('',#836,.T.);
#519=FACE_OUTER_BOUND('',#837,.T.);
#520=FACE_OUTER_BOUND('',#838,.T.);
#521=FACE_OUTER_BOUND('',#839,.T.);
#522=FACE_OUTER_BOUND('',#840,.T.);
#523=FACE_OUTER_BOUND('',#841,.T.);
#524=FACE_OUTER_BOUND('',#842,.T.);
#525=FACE_OUTER_BOUND('',#843,.T.);
#526=FACE_OUTER_BOUND('',#844,.T.);
#527=FACE_OUTER_BOUND('',#845,.T.);
#528=FACE_OUTER_BOUND('',#847,.T.);
#529=FACE_OUTER_BOUND('',#848,.T.);
#530=FACE_OUTER_BOUND('',#849,.T.);
#531=FACE_OUTER_BOUND('',#850,.T.);
#532=FACE_OUTER_BOUND('',#851,.T.);
#533=FACE_OUTER_BOUND('',#852,.T.);
#534=FACE_OUTER_BOUND('',#853,.T.);
#535=FACE_OUTER_BOUND('',#854,.T.);
#536=FACE_OUTER_BOUND('',#855,.T.);
#537=FACE_OUTER_BOUND('',#856,.T.);
#538=FACE_OUTER_BOUND('',#857,.T.);
#539=FACE_OUTER_BOUND('',#858,.T.);
#540=FACE_OUTER_BOUND('',#859,.T.);
#541=FACE_OUTER_BOUND('',#860,.T.);
#542=FACE_OUTER_BOUND('',#861,.T.);
#543=FACE_OUTER_BOUND('',#862,.T.);
#544=FACE_OUTER_BOUND('',#863,.T.);
#545=FACE_OUTER_BOUND('',#864,.T.);
#546=FACE_OUTER_BOUND('',#865,.T.);
#547=FACE_OUTER_BOUND('',#866,.T.);
#548=FACE_OUTER_BOUND('',#867,.T.);
#549=FACE_OUTER_BOUND('',#890,.T.);
#550=FACE_OUTER_BOUND('',#891,.T.);
#551=FACE_OUTER_BOUND('',#892,.T.);
#552=FACE_OUTER_BOUND('',#893,.T.);
#553=FACE_OUTER_BOUND('',#894,.T.);
#554=FACE_OUTER_BOUND('',#895,.T.);
#555=FACE_OUTER_BOUND('',#896,.T.);
#556=FACE_OUTER_BOUND('',#897,.T.);
#557=FACE_OUTER_BOUND('',#898,.T.);
#558=FACE_OUTER_BOUND('',#899,.T.);
#559=FACE_OUTER_BOUND('',#900,.T.);
#560=FACE_OUTER_BOUND('',#901,.T.);
#561=FACE_OUTER_BOUND('',#902,.T.);
#562=FACE_OUTER_BOUND('',#903,.T.);
#563=FACE_OUTER_BOUND('',#904,.T.);
#564=FACE_OUTER_BOUND('',#905,.T.);
#565=FACE_OUTER_BOUND('',#906,.T.);
#566=FACE_OUTER_BOUND('',#907,.T.);
#567=FACE_OUTER_BOUND('',#908,.T.);
#568=FACE_OUTER_BOUND('',#909,.T.);
#569=FACE_OUTER_BOUND('',#910,.T.);
#570=FACE_OUTER_BOUND('',#911,.T.);
#571=FACE_OUTER_BOUND('',#912,.T.);
#572=FACE_OUTER_BOUND('',#913,.T.);
#573=FACE_OUTER_BOUND('',#914,.T.);
#574=FACE_OUTER_BOUND('',#915,.T.);
#575=FACE_OUTER_BOUND('',#916,.T.);
#576=FACE_OUTER_BOUND('',#917,.T.);
#577=FACE_OUTER_BOUND('',#918,.T.);
#578=FACE_OUTER_BOUND('',#919,.T.);
#579=FACE_OUTER_BOUND('',#920,.T.);
#580=FACE_OUTER_BOUND('',#921,.T.);
#581=FACE_OUTER_BOUND('',#922,.T.);
#582=FACE_OUTER_BOUND('',#923,.T.);
#583=FACE_OUTER_BOUND('',#924,.T.);
#584=FACE_OUTER_BOUND('',#925,.T.);
#585=FACE_OUTER_BOUND('',#926,.T.);
#586=FACE_OUTER_BOUND('',#927,.T.);
#587=FACE_OUTER_BOUND('',#928,.T.);
#588=FACE_OUTER_BOUND('',#929,.T.);
#589=FACE_OUTER_BOUND('',#930,.T.);
#590=FACE_OUTER_BOUND('',#931,.T.);
#591=FACE_OUTER_BOUND('',#932,.T.);
#592=FACE_OUTER_BOUND('',#933,.T.);
#593=FACE_OUTER_BOUND('',#934,.T.);
#594=FACE_OUTER_BOUND('',#935,.T.);
#595=FACE_OUTER_BOUND('',#941,.T.);
#596=FACE_OUTER_BOUND('',#942,.T.);
#597=FACE_OUTER_BOUND('',#943,.T.);
#598=FACE_OUTER_BOUND('',#944,.T.);
#599=FACE_OUTER_BOUND('',#945,.T.);
#600=EDGE_LOOP('',(#3882,#3883,#3884,#3885));
#601=EDGE_LOOP('',(#3886,#3887,#3888,#3889));
#602=EDGE_LOOP('',(#3890,#3891,#3892,#3893));
#603=EDGE_LOOP('',(#3894,#3895,#3896,#3897));
#604=EDGE_LOOP('',(#3898,#3899,#3900,#3901));
#605=EDGE_LOOP('',(#3902,#3903,#3904,#3905));
#606=EDGE_LOOP('',(#3906,#3907,#3908,#3909));
#607=EDGE_LOOP('',(#3910,#3911,#3912,#3913));
#608=EDGE_LOOP('',(#3914,#3915,#3916,#3917));
#609=EDGE_LOOP('',(#3918,#3919,#3920,#3921));
#610=EDGE_LOOP('',(#3922,#3923,#3924,#3925));
#611=EDGE_LOOP('',(#3926,#3927,#3928,#3929));
#612=EDGE_LOOP('',(#3930,#3931,#3932,#3933));
#613=EDGE_LOOP('',(#3934,#3935,#3936,#3937));
#614=EDGE_LOOP('',(#3938,#3939,#3940,#3941));
#615=EDGE_LOOP('',(#3942,#3943,#3944,#3945));
#616=EDGE_LOOP('',(#3946,#3947,#3948,#3949));
#617=EDGE_LOOP('',(#3950,#3951,#3952,#3953));
#618=EDGE_LOOP('',(#3954,#3955,#3956,#3957,#3958,#3959,#3960,#3961,#3962,
#3963,#3964));
#619=EDGE_LOOP('',(#3965,#3966,#3967,#3968,#3969,#3970,#3971));
#620=EDGE_LOOP('',(#3972,#3973,#3974,#3975));
#621=EDGE_LOOP('',(#3976,#3977,#3978,#3979));
#622=EDGE_LOOP('',(#3980,#3981,#3982,#3983));
#623=EDGE_LOOP('',(#3984,#3985,#3986,#3987));
#624=EDGE_LOOP('',(#3988,#3989,#3990,#3991));
#625=EDGE_LOOP('',(#3992,#3993,#3994,#3995));
#626=EDGE_LOOP('',(#3996,#3997,#3998,#3999,#4000,#4001));
#627=EDGE_LOOP('',(#4002,#4003,#4004,#4005));
#628=EDGE_LOOP('',(#4006,#4007,#4008,#4009));
#629=EDGE_LOOP('',(#4010,#4011,#4012,#4013));
#630=EDGE_LOOP('',(#4014,#4015,#4016,#4017));
#631=EDGE_LOOP('',(#4018,#4019,#4020,#4021));
#632=EDGE_LOOP('',(#4022,#4023,#4024,#4025));
#633=EDGE_LOOP('',(#4026,#4027,#4028,#4029));
#634=EDGE_LOOP('',(#4030,#4031,#4032,#4033));
#635=EDGE_LOOP('',(#4034,#4035,#4036,#4037,#4038,#4039,#4040,#4041));
#636=EDGE_LOOP('',(#4042,#4043,#4044,#4045));
#637=EDGE_LOOP('',(#4046,#4047,#4048,#4049));
#638=EDGE_LOOP('',(#4050,#4051,#4052,#4053));
#639=EDGE_LOOP('',(#4054,#4055,#4056,#4057));
#640=EDGE_LOOP('',(#4058,#4059,#4060,#4061));
#641=EDGE_LOOP('',(#4062,#4063,#4064,#4065));
#642=EDGE_LOOP('',(#4066,#4067,#4068,#4069));
#643=EDGE_LOOP('',(#4070,#4071,#4072,#4073));
#644=EDGE_LOOP('',(#4074,#4075,#4076,#4077));
#645=EDGE_LOOP('',(#4078,#4079,#4080,#4081));
#646=EDGE_LOOP('',(#4082,#4083,#4084,#4085));
#647=EDGE_LOOP('',(#4086,#4087,#4088,#4089));
#648=EDGE_LOOP('',(#4090,#4091,#4092,#4093));
#649=EDGE_LOOP('',(#4094,#4095,#4096,#4097));
#650=EDGE_LOOP('',(#4098,#4099,#4100,#4101));
#651=EDGE_LOOP('',(#4102,#4103,#4104,#4105));
#652=EDGE_LOOP('',(#4106,#4107,#4108,#4109));
#653=EDGE_LOOP('',(#4110,#4111,#4112,#4113));
#654=EDGE_LOOP('',(#4114,#4115,#4116,#4117));
#655=EDGE_LOOP('',(#4118,#4119,#4120,#4121));
#656=EDGE_LOOP('',(#4122,#4123,#4124,#4125,#4126,#4127,#4128,#4129,#4130,
#4131,#4132,#4133,#4134,#4135,#4136,#4137,#4138,#4139,#4140,#4141));
#657=EDGE_LOOP('',(#4142,#4143,#4144,#4145));
#658=EDGE_LOOP('',(#4146,#4147,#4148,#4149));
#659=EDGE_LOOP('',(#4150,#4151,#4152,#4153));
#660=EDGE_LOOP('',(#4154,#4155,#4156,#4157));
#661=EDGE_LOOP('',(#4158,#4159,#4160,#4161));
#662=EDGE_LOOP('',(#4162,#4163,#4164,#4165));
#663=EDGE_LOOP('',(#4166,#4167,#4168,#4169));
#664=EDGE_LOOP('',(#4170,#4171,#4172,#4173));
#665=EDGE_LOOP('',(#4174,#4175,#4176,#4177));
#666=EDGE_LOOP('',(#4178,#4179,#4180,#4181));
#667=EDGE_LOOP('',(#4182,#4183,#4184,#4185));
#668=EDGE_LOOP('',(#4186,#4187,#4188,#4189));
#669=EDGE_LOOP('',(#4190,#4191,#4192,#4193));
#670=EDGE_LOOP('',(#4194,#4195,#4196,#4197));
#671=EDGE_LOOP('',(#4198,#4199,#4200,#4201));
#672=EDGE_LOOP('',(#4202,#4203,#4204,#4205));
#673=EDGE_LOOP('',(#4206,#4207,#4208,#4209));
#674=EDGE_LOOP('',(#4210,#4211,#4212,#4213));
#675=EDGE_LOOP('',(#4214,#4215,#4216,#4217,#4218,#4219,#4220,#4221,#4222,
#4223,#4224));
#676=EDGE_LOOP('',(#4225,#4226,#4227,#4228,#4229,#4230,#4231));
#677=EDGE_LOOP('',(#4232,#4233,#4234,#4235));
#678=EDGE_LOOP('',(#4236,#4237,#4238,#4239));
#679=EDGE_LOOP('',(#4240,#4241,#4242,#4243));
#680=EDGE_LOOP('',(#4244,#4245,#4246,#4247));
#681=EDGE_LOOP('',(#4248,#4249,#4250,#4251));
#682=EDGE_LOOP('',(#4252,#4253,#4254,#4255));
#683=EDGE_LOOP('',(#4256,#4257,#4258,#4259));
#684=EDGE_LOOP('',(#4260,#4261,#4262,#4263));
#685=EDGE_LOOP('',(#4264,#4265,#4266,#4267,#4268,#4269,#4270,#4271));
#686=EDGE_LOOP('',(#4272,#4273,#4274,#4275));
#687=EDGE_LOOP('',(#4276,#4277,#4278,#4279));
#688=EDGE_LOOP('',(#4280,#4281,#4282,#4283));
#689=EDGE_LOOP('',(#4284,#4285,#4286,#4287));
#690=EDGE_LOOP('',(#4288,#4289,#4290,#4291));
#691=EDGE_LOOP('',(#4292,#4293,#4294,#4295));
#692=EDGE_LOOP('',(#4296,#4297,#4298,#4299));
#693=EDGE_LOOP('',(#4300,#4301,#4302,#4303));
#694=EDGE_LOOP('',(#4304,#4305,#4306,#4307));
#695=EDGE_LOOP('',(#4308,#4309,#4310,#4311));
#696=EDGE_LOOP('',(#4312,#4313,#4314,#4315));
#697=EDGE_LOOP('',(#4316,#4317,#4318,#4319,#4320,#4321,#4322,#4323));
#698=EDGE_LOOP('',(#4324,#4325,#4326));
#699=EDGE_LOOP('',(#4327,#4328,#4329,#4330));
#700=EDGE_LOOP('',(#4331,#4332,#4333,#4334));
#701=EDGE_LOOP('',(#4335,#4336,#4337,#4338));
#702=EDGE_LOOP('',(#4339,#4340,#4341,#4342));
#703=EDGE_LOOP('',(#4343,#4344,#4345,#4346));
#704=EDGE_LOOP('',(#4347,#4348,#4349,#4350));
#705=EDGE_LOOP('',(#4351,#4352,#4353,#4354));
#706=EDGE_LOOP('',(#4355,#4356,#4357,#4358));
#707=EDGE_LOOP('',(#4359,#4360,#4361,#4362));
#708=EDGE_LOOP('',(#4363,#4364,#4365,#4366));
#709=EDGE_LOOP('',(#4367,#4368,#4369,#4370));
#710=EDGE_LOOP('',(#4371,#4372,#4373,#4374));
#711=EDGE_LOOP('',(#4375,#4376,#4377,#4378,#4379,#4380,#4381,#4382,#4383,
#4384,#4385,#4386));
#712=EDGE_LOOP('',(#4387,#4388,#4389,#4390));
#713=EDGE_LOOP('',(#4391,#4392,#4393,#4394));
#714=EDGE_LOOP('',(#4395,#4396,#4397,#4398));
#715=EDGE_LOOP('',(#4399,#4400,#4401,#4402));
#716=EDGE_LOOP('',(#4403,#4404,#4405,#4406));
#717=EDGE_LOOP('',(#4407,#4408,#4409,#4410));
#718=EDGE_LOOP('',(#4411,#4412,#4413,#4414));
#719=EDGE_LOOP('',(#4415,#4416,#4417,#4418));
#720=EDGE_LOOP('',(#4419,#4420,#4421,#4422));
#721=EDGE_LOOP('',(#4423,#4424,#4425,#4426));
#722=EDGE_LOOP('',(#4427,#4428,#4429,#4430));
#723=EDGE_LOOP('',(#4431,#4432,#4433,#4434));
#724=EDGE_LOOP('',(#4435,#4436,#4437,#4438));
#725=EDGE_LOOP('',(#4439,#4440,#4441,#4442));
#726=EDGE_LOOP('',(#4443,#4444,#4445,#4446));
#727=EDGE_LOOP('',(#4447,#4448,#4449,#4450));
#728=EDGE_LOOP('',(#4451,#4452,#4453,#4454));
#729=EDGE_LOOP('',(#4455,#4456,#4457,#4458));
#730=EDGE_LOOP('',(#4459,#4460,#4461,#4462,#4463,#4464,#4465,#4466,#4467,
#4468,#4469));
#731=EDGE_LOOP('',(#4470,#4471,#4472,#4473,#4474,#4475,#4476));
#732=EDGE_LOOP('',(#4477,#4478,#4479,#4480));
#733=EDGE_LOOP('',(#4481,#4482,#4483,#4484));
#734=EDGE_LOOP('',(#4485,#4486,#4487,#4488));
#735=EDGE_LOOP('',(#4489,#4490,#4491,#4492));
#736=EDGE_LOOP('',(#4493,#4494,#4495,#4496));
#737=EDGE_LOOP('',(#4497,#4498,#4499,#4500));
#738=EDGE_LOOP('',(#4501,#4502,#4503,#4504));
#739=EDGE_LOOP('',(#4505,#4506,#4507,#4508));
#740=EDGE_LOOP('',(#4509,#4510,#4511,#4512));
#741=EDGE_LOOP('',(#4513,#4514,#4515,#4516));
#742=EDGE_LOOP('',(#4517,#4518,#4519,#4520));
#743=EDGE_LOOP('',(#4521,#4522,#4523,#4524,#4525,#4526,#4527,#4528));
#744=EDGE_LOOP('',(#4529,#4530,#4531));
#745=EDGE_LOOP('',(#4532,#4533,#4534,#4535));
#746=EDGE_LOOP('',(#4536,#4537,#4538,#4539));
#747=EDGE_LOOP('',(#4540,#4541,#4542,#4543));
#748=EDGE_LOOP('',(#4544,#4545,#4546,#4547));
#749=EDGE_LOOP('',(#4548,#4549,#4550,#4551));
#750=EDGE_LOOP('',(#4552,#4553,#4554,#4555));
#751=EDGE_LOOP('',(#4556,#4557,#4558,#4559));
#752=EDGE_LOOP('',(#4560,#4561,#4562,#4563));
#753=EDGE_LOOP('',(#4564,#4565,#4566,#4567));
#754=EDGE_LOOP('',(#4568,#4569,#4570,#4571));
#755=EDGE_LOOP('',(#4572,#4573,#4574,#4575));
#756=EDGE_LOOP('',(#4576,#4577,#4578,#4579));
#757=EDGE_LOOP('',(#4580,#4581,#4582,#4583,#4584,#4585,#4586,#4587,#4588,
#4589,#4590,#4591));
#758=EDGE_LOOP('',(#4592,#4593,#4594,#4595));
#759=EDGE_LOOP('',(#4596,#4597,#4598,#4599));
#760=EDGE_LOOP('',(#4600,#4601,#4602,#4603));
#761=EDGE_LOOP('',(#4604,#4605,#4606,#4607));
#762=EDGE_LOOP('',(#4608,#4609,#4610,#4611));
#763=EDGE_LOOP('',(#4612,#4613,#4614,#4615));
#764=EDGE_LOOP('',(#4616,#4617,#4618,#4619));
#765=EDGE_LOOP('',(#4620,#4621,#4622,#4623));
#766=EDGE_LOOP('',(#4624,#4625,#4626,#4627));
#767=EDGE_LOOP('',(#4628,#4629,#4630,#4631));
#768=EDGE_LOOP('',(#4632,#4633,#4634,#4635));
#769=EDGE_LOOP('',(#4636,#4637,#4638,#4639));
#770=EDGE_LOOP('',(#4640,#4641,#4642,#4643,#4644,#4645,#4646,#4647,#4648,
#4649,#4650,#4651));
#771=EDGE_LOOP('',(#4652,#4653,#4654,#4655));
#772=EDGE_LOOP('',(#4656,#4657,#4658,#4659));
#773=EDGE_LOOP('',(#4660,#4661,#4662,#4663));
#774=EDGE_LOOP('',(#4664,#4665,#4666,#4667));
#775=EDGE_LOOP('',(#4668,#4669,#4670,#4671));
#776=EDGE_LOOP('',(#4672,#4673,#4674,#4675));
#777=EDGE_LOOP('',(#4676,#4677,#4678,#4679));
#778=EDGE_LOOP('',(#4680,#4681,#4682,#4683));
#779=EDGE_LOOP('',(#4684,#4685,#4686,#4687));
#780=EDGE_LOOP('',(#4688,#4689,#4690,#4691));
#781=EDGE_LOOP('',(#4692,#4693,#4694,#4695));
#782=EDGE_LOOP('',(#4696,#4697,#4698,#4699));
#783=EDGE_LOOP('',(#4700,#4701,#4702,#4703,#4704,#4705,#4706,#4707,#4708,
#4709,#4710,#4711));
#784=EDGE_LOOP('',(#4712,#4713,#4714,#4715));
#785=EDGE_LOOP('',(#4716,#4717,#4718,#4719));
#786=EDGE_LOOP('',(#4720,#4721,#4722,#4723));
#787=EDGE_LOOP('',(#4724,#4725,#4726,#4727));
#788=EDGE_LOOP('',(#4728,#4729,#4730,#4731));
#789=EDGE_LOOP('',(#4732,#4733,#4734,#4735));
#790=EDGE_LOOP('',(#4736,#4737,#4738,#4739));
#791=EDGE_LOOP('',(#4740,#4741,#4742,#4743));
#792=EDGE_LOOP('',(#4744,#4745,#4746,#4747));
#793=EDGE_LOOP('',(#4748,#4749,#4750,#4751));
#794=EDGE_LOOP('',(#4752,#4753,#4754,#4755));
#795=EDGE_LOOP('',(#4756,#4757,#4758,#4759));
#796=EDGE_LOOP('',(#4760,#4761,#4762,#4763));
#797=EDGE_LOOP('',(#4764,#4765,#4766,#4767));
#798=EDGE_LOOP('',(#4768,#4769,#4770,#4771,#4772,#4773,#4774,#4775));
#799=EDGE_LOOP('',(#4776,#4777,#4778,#4779,#4780,#4781));
#800=EDGE_LOOP('',(#4782,#4783,#4784,#4785));
#801=EDGE_LOOP('',(#4786,#4787,#4788,#4789));
#802=EDGE_LOOP('',(#4790,#4791,#4792,#4793));
#803=EDGE_LOOP('',(#4794,#4795,#4796,#4797));
#804=EDGE_LOOP('',(#4798,#4799,#4800,#4801));
#805=EDGE_LOOP('',(#4802,#4803,#4804,#4805));
#806=EDGE_LOOP('',(#4806,#4807,#4808,#4809));
#807=EDGE_LOOP('',(#4810,#4811,#4812,#4813));
#808=EDGE_LOOP('',(#4814,#4815,#4816,#4817));
#809=EDGE_LOOP('',(#4818,#4819,#4820,#4821));
#810=EDGE_LOOP('',(#4822,#4823,#4824,#4825,#4826,#4827,#4828,#4829,#4830,
#4831));
#811=EDGE_LOOP('',(#4832,#4833,#4834,#4835));
#812=EDGE_LOOP('',(#4836,#4837,#4838,#4839));
#813=EDGE_LOOP('',(#4840,#4841,#4842,#4843));
#814=EDGE_LOOP('',(#4844,#4845,#4846,#4847));
#815=EDGE_LOOP('',(#4848,#4849,#4850,#4851));
#816=EDGE_LOOP('',(#4852,#4853,#4854,#4855));
#817=EDGE_LOOP('',(#4856,#4857,#4858,#4859));
#818=EDGE_LOOP('',(#4860,#4861,#4862,#4863));
#819=EDGE_LOOP('',(#4864,#4865,#4866,#4867));
#820=EDGE_LOOP('',(#4868,#4869,#4870,#4871));
#821=EDGE_LOOP('',(#4872,#4873,#4874,#4875));
#822=EDGE_LOOP('',(#4876,#4877,#4878,#4879));
#823=EDGE_LOOP('',(#4880,#4881,#4882,#4883));
#824=EDGE_LOOP('',(#4884,#4885,#4886,#4887));
#825=EDGE_LOOP('',(#4888,#4889,#4890,#4891));
#826=EDGE_LOOP('',(#4892,#4893,#4894,#4895));
#827=EDGE_LOOP('',(#4896,#4897,#4898,#4899));
#828=EDGE_LOOP('',(#4900,#4901,#4902,#4903));
#829=EDGE_LOOP('',(#4904,#4905,#4906,#4907,#4908,#4909,#4910,#4911,#4912,
#4913,#4914));
#830=EDGE_LOOP('',(#4915,#4916,#4917,#4918,#4919,#4920,#4921));
#831=EDGE_LOOP('',(#4922,#4923,#4924,#4925));
#832=EDGE_LOOP('',(#4926,#4927,#4928,#4929));
#833=EDGE_LOOP('',(#4930,#4931,#4932,#4933));
#834=EDGE_LOOP('',(#4934,#4935,#4936,#4937));
#835=EDGE_LOOP('',(#4938,#4939,#4940,#4941));
#836=EDGE_LOOP('',(#4942,#4943,#4944,#4945));
#837=EDGE_LOOP('',(#4946,#4947,#4948,#4949));
#838=EDGE_LOOP('',(#4950,#4951,#4952,#4953));
#839=EDGE_LOOP('',(#4954,#4955,#4956,#4957));
#840=EDGE_LOOP('',(#4958,#4959,#4960,#4961));
#841=EDGE_LOOP('',(#4962,#4963,#4964,#4965));
#842=EDGE_LOOP('',(#4966,#4967,#4968,#4969));
#843=EDGE_LOOP('',(#4970,#4971,#4972,#4973));
#844=EDGE_LOOP('',(#4974,#4975,#4976,#4977));
#845=EDGE_LOOP('',(#4978,#4979,#4980,#4981,#4982,#4983,#4984,#4985));
#846=EDGE_LOOP('',(#4986,#4987,#4988,#4989,#4990,#4991));
#847=EDGE_LOOP('',(#4992,#4993,#4994,#4995));
#848=EDGE_LOOP('',(#4996,#4997,#4998,#4999));
#849=EDGE_LOOP('',(#5000,#5001,#5002,#5003));
#850=EDGE_LOOP('',(#5004,#5005,#5006,#5007));
#851=EDGE_LOOP('',(#5008,#5009,#5010,#5011));
#852=EDGE_LOOP('',(#5012,#5013,#5014,#5015));
#853=EDGE_LOOP('',(#5016,#5017,#5018,#5019,#5020,#5021));
#854=EDGE_LOOP('',(#5022,#5023,#5024,#5025));
#855=EDGE_LOOP('',(#5026,#5027,#5028,#5029));
#856=EDGE_LOOP('',(#5030,#5031,#5032,#5033));
#857=EDGE_LOOP('',(#5034,#5035,#5036,#5037));
#858=EDGE_LOOP('',(#5038,#5039,#5040,#5041));
#859=EDGE_LOOP('',(#5042,#5043,#5044,#5045));
#860=EDGE_LOOP('',(#5046,#5047,#5048,#5049));
#861=EDGE_LOOP('',(#5050,#5051,#5052,#5053));
#862=EDGE_LOOP('',(#5054,#5055,#5056,#5057));
#863=EDGE_LOOP('',(#5058,#5059,#5060,#5061));
#864=EDGE_LOOP('',(#5062,#5063,#5064,#5065));
#865=EDGE_LOOP('',(#5066,#5067,#5068,#5069));
#866=EDGE_LOOP('',(#5070,#5071,#5072,#5073,#5074,#5075,#5076,#5077,#5078,
#5079,#5080,#5081));
#867=EDGE_LOOP('',(#5082,#5083,#5084,#5085));
#868=EDGE_LOOP('',(#5086,#5087,#5088,#5089,#5090,#5091,#5092,#5093,#5094,
#5095,#5096));
#869=EDGE_LOOP('',(#5097,#5098,#5099,#5100,#5101,#5102));
#870=EDGE_LOOP('',(#5103,#5104,#5105,#5106,#5107,#5108,#5109,#5110));
#871=EDGE_LOOP('',(#5111,#5112,#5113,#5114,#5115,#5116,#5117,#5118,#5119,
#5120,#5121,#5122,#5123,#5124,#5125,#5126,#5127,#5128,#5129,#5130));
#872=EDGE_LOOP('',(#5131,#5132,#5133,#5134,#5135,#5136,#5137,#5138,#5139,
#5140,#5141));
#873=EDGE_LOOP('',(#5142,#5143,#5144,#5145,#5146,#5147,#5148,#5149));
#874=EDGE_LOOP('',(#5150,#5151,#5152,#5153,#5154,#5155,#5156,#5157));
#875=EDGE_LOOP('',(#5158,#5159,#5160,#5161,#5162,#5163,#5164,#5165,#5166,
#5167,#5168,#5169));
#876=EDGE_LOOP('',(#5170,#5171,#5172,#5173,#5174,#5175,#5176,#5177,#5178,
#5179,#5180));
#877=EDGE_LOOP('',(#5181,#5182,#5183,#5184,#5185,#5186,#5187,#5188));
#878=EDGE_LOOP('',(#5189,#5190,#5191,#5192,#5193,#5194,#5195,#5196,#5197,
#5198,#5199,#5200));
#879=EDGE_LOOP('',(#5201,#5202,#5203,#5204,#5205,#5206,#5207,#5208,#5209,
#5210,#5211,#5212));
#880=EDGE_LOOP('',(#5213,#5214,#5215,#5216,#5217,#5218,#5219,#5220,#5221,
#5222,#5223,#5224));
#881=EDGE_LOOP('',(#5225,#5226,#5227,#5228,#5229,#5230,#5231,#5232));
#882=EDGE_LOOP('',(#5233,#5234,#5235,#5236,#5237,#5238,#5239,#5240,#5241,
#5242));
#883=EDGE_LOOP('',(#5243,#5244,#5245,#5246,#5247,#5248,#5249,#5250,#5251,
#5252,#5253));
#884=EDGE_LOOP('',(#5254,#5255,#5256,#5257,#5258,#5259,#5260,#5261));
#885=EDGE_LOOP('',(#5262,#5263,#5264,#5265,#5266,#5267));
#886=EDGE_LOOP('',(#5268,#5269,#5270,#5271,#5272,#5273,#5274,#5275,#5276,
#5277,#5278,#5279));
#887=EDGE_LOOP('',(#5280,#5281,#5282,#5283));
#888=EDGE_LOOP('',(#5284,#5285,#5286,#5287));
#889=EDGE_LOOP('',(#5288,#5289,#5290,#5291));
#890=EDGE_LOOP('',(#5292,#5293,#5294,#5295,#5296,#5297));
#891=EDGE_LOOP('',(#5298,#5299,#5300,#5301,#5302,#5303,#5304));
#892=EDGE_LOOP('',(#5305,#5306,#5307,#5308,#5309,#5310));
#893=EDGE_LOOP('',(#5311,#5312,#5313));
#894=EDGE_LOOP('',(#5314,#5315,#5316,#5317,#5318,#5319,#5320));
#895=EDGE_LOOP('',(#5321,#5322,#5323));
#896=EDGE_LOOP('',(#5324,#5325,#5326,#5327,#5328,#5329,#5330));
#897=EDGE_LOOP('',(#5331,#5332,#5333,#5334));
#898=EDGE_LOOP('',(#5335,#5336,#5337,#5338));
#899=EDGE_LOOP('',(#5339,#5340,#5341,#5342));
#900=EDGE_LOOP('',(#5343,#5344,#5345,#5346));
#901=EDGE_LOOP('',(#5347,#5348,#5349,#5350));
#902=EDGE_LOOP('',(#5351,#5352,#5353,#5354));
#903=EDGE_LOOP('',(#5355,#5356,#5357,#5358));
#904=EDGE_LOOP('',(#5359,#5360,#5361,#5362));
#905=EDGE_LOOP('',(#5363,#5364,#5365,#5366));
#906=EDGE_LOOP('',(#5367,#5368,#5369,#5370));
#907=EDGE_LOOP('',(#5371,#5372,#5373,#5374));
#908=EDGE_LOOP('',(#5375,#5376,#5377,#5378));
#909=EDGE_LOOP('',(#5379,#5380,#5381,#5382));
#910=EDGE_LOOP('',(#5383,#5384,#5385,#5386));
#911=EDGE_LOOP('',(#5387,#5388,#5389,#5390));
#912=EDGE_LOOP('',(#5391,#5392,#5393,#5394));
#913=EDGE_LOOP('',(#5395,#5396,#5397,#5398));
#914=EDGE_LOOP('',(#5399,#5400,#5401,#5402));
#915=EDGE_LOOP('',(#5403,#5404,#5405,#5406));
#916=EDGE_LOOP('',(#5407,#5408,#5409,#5410));
#917=EDGE_LOOP('',(#5411,#5412,#5413,#5414));
#918=EDGE_LOOP('',(#5415,#5416,#5417,#5418));
#919=EDGE_LOOP('',(#5419,#5420,#5421,#5422));
#920=EDGE_LOOP('',(#5423,#5424,#5425,#5426,#5427,#5428));
#921=EDGE_LOOP('',(#5429,#5430,#5431,#5432));
#922=EDGE_LOOP('',(#5433,#5434,#5435,#5436));
#923=EDGE_LOOP('',(#5437,#5438,#5439,#5440));
#924=EDGE_LOOP('',(#5441,#5442,#5443,#5444,#5445,#5446));
#925=EDGE_LOOP('',(#5447,#5448,#5449,#5450,#5451,#5452));
#926=EDGE_LOOP('',(#5453,#5454,#5455,#5456));
#927=EDGE_LOOP('',(#5457,#5458,#5459,#5460));
#928=EDGE_LOOP('',(#5461,#5462,#5463,#5464,#5465,#5466,#5467,#5468));
#929=EDGE_LOOP('',(#5469,#5470,#5471,#5472,#5473,#5474));
#930=EDGE_LOOP('',(#5475,#5476,#5477,#5478,#5479,#5480,#5481,#5482));
#931=EDGE_LOOP('',(#5483,#5484,#5485,#5486,#5487,#5488,#5489,#5490));
#932=EDGE_LOOP('',(#5491,#5492,#5493,#5494));
#933=EDGE_LOOP('',(#5495,#5496,#5497,#5498,#5499,#5500,#5501,#5502));
#934=EDGE_LOOP('',(#5503,#5504,#5505,#5506));
#935=EDGE_LOOP('',(#5507,#5508,#5509,#5510));
#936=EDGE_LOOP('',(#5511,#5512,#5513,#5514));
#937=EDGE_LOOP('',(#5515,#5516,#5517,#5518));
#938=EDGE_LOOP('',(#5519,#5520,#5521,#5522));
#939=EDGE_LOOP('',(#5523,#5524,#5525,#5526));
#940=EDGE_LOOP('',(#5527,#5528,#5529,#5530));
#941=EDGE_LOOP('',(#5531,#5532,#5533,#5534));
#942=EDGE_LOOP('',(#5535,#5536,#5537,#5538,#5539,#5540,#5541,#5542));
#943=EDGE_LOOP('',(#5543,#5544,#5545,#5546));
#944=EDGE_LOOP('',(#5547,#5548,#5549,#5550,#5551,#5552,#5553,#5554));
#945=EDGE_LOOP('',(#5555,#5556,#5557,#5558,#5559,#5560,#5561));
#946=LINE('',#7399,#1642);
#947=LINE('',#7405,#1643);
#948=LINE('',#7408,#1644);
#949=LINE('',#7410,#1645);
#950=LINE('',#7411,#1646);
#951=LINE('',#7414,#1647);
#952=LINE('',#7416,#1648);
#953=LINE('',#7417,#1649);
#954=LINE('',#7420,#1650);
#955=LINE('',#7422,#1651);
#956=LINE('',#7423,#1652);
#957=LINE('',#7442,#1653);
#958=LINE('',#7461,#1654);
#959=LINE('',#7481,#1655);
#960=LINE('',#7483,#1656);
#961=LINE('',#7485,#1657);
#962=LINE('',#7486,#1658);
#963=LINE('',#7501,#1659);
#964=LINE('',#7520,#1660);
#965=LINE('',#7539,#1661);
#966=LINE('',#7546,#1662);
#967=LINE('',#7548,#1663);
#968=LINE('',#7549,#1664);
#969=LINE('',#7552,#1665);
#970=LINE('',#7554,#1666);
#971=LINE('',#7555,#1667);
#972=LINE('',#7558,#1668);
#973=LINE('',#7560,#1669);
#974=LINE('',#7561,#1670);
#975=LINE('',#7564,#1671);
#976=LINE('',#7566,#1672);
#977=LINE('',#7567,#1673);
#978=LINE('',#7570,#1674);
#979=LINE('',#7572,#1675);
#980=LINE('',#7573,#1676);
#981=LINE('',#7576,#1677);
#982=LINE('',#7578,#1678);
#983=LINE('',#7579,#1679);
#984=LINE('',#7581,#1680);
#985=LINE('',#7582,#1681);
#986=LINE('',#7587,#1682);
#987=LINE('',#7589,#1683);
#988=LINE('',#7591,#1684);
#989=LINE('',#7592,#1685);
#990=LINE('',#7595,#1686);
#991=LINE('',#7597,#1687);
#992=LINE('',#7598,#1688);
#993=LINE('',#7601,#1689);
#994=LINE('',#7603,#1690);
#995=LINE('',#7604,#1691);
#996=LINE('',#7607,#1692);
#997=LINE('',#7609,#1693);
#998=LINE('',#7610,#1694);
#999=LINE('',#7613,#1695);
#1000=LINE('',#7615,#1696);
#1001=LINE('',#7616,#1697);
#1002=LINE('',#7618,#1698);
#1003=LINE('',#7619,#1699);
#1004=LINE('',#7624,#1700);
#1005=LINE('',#7626,#1701);
#1006=LINE('',#7628,#1702);
#1007=LINE('',#7629,#1703);
#1008=LINE('',#7632,#1704);
#1009=LINE('',#7634,#1705);
#1010=LINE('',#7635,#1706);
#1011=LINE('',#7638,#1707);
#1012=LINE('',#7640,#1708);
#1013=LINE('',#7641,#1709);
#1014=LINE('',#7644,#1710);
#1015=LINE('',#7646,#1711);
#1016=LINE('',#7647,#1712);
#1017=LINE('',#7650,#1713);
#1018=LINE('',#7652,#1714);
#1019=LINE('',#7653,#1715);
#1020=LINE('',#7656,#1716);
#1021=LINE('',#7658,#1717);
#1022=LINE('',#7659,#1718);
#1023=LINE('',#7662,#1719);
#1024=LINE('',#7664,#1720);
#1025=LINE('',#7665,#1721);
#1026=LINE('',#7667,#1722);
#1027=LINE('',#7668,#1723);
#1028=LINE('',#7685,#1724);
#1029=LINE('',#7691,#1725);
#1030=LINE('',#7706,#1726);
#1031=LINE('',#7713,#1727);
#1032=LINE('',#7715,#1728);
#1033=LINE('',#7716,#1729);
#1034=LINE('',#7719,#1730);
#1035=LINE('',#7721,#1731);
#1036=LINE('',#7722,#1732);
#1037=LINE('',#7737,#1733);
#1038=LINE('',#7756,#1734);
#1039=LINE('',#7775,#1735);
#1040=LINE('',#7794,#1736);
#1041=LINE('',#7813,#1737);
#1042=LINE('',#7832,#1738);
#1043=LINE('',#7851,#1739);
#1044=LINE('',#7870,#1740);
#1045=LINE('',#7877,#1741);
#1046=LINE('',#7879,#1742);
#1047=LINE('',#7880,#1743);
#1048=LINE('',#7883,#1744);
#1049=LINE('',#7885,#1745);
#1050=LINE('',#7886,#1746);
#1051=LINE('',#7901,#1747);
#1052=LINE('',#7920,#1748);
#1053=LINE('',#7939,#1749);
#1054=LINE('',#7958,#1750);
#1055=LINE('',#7977,#1751);
#1056=LINE('',#8014,#1752);
#1057=LINE('',#8020,#1753);
#1058=LINE('',#8023,#1754);
#1059=LINE('',#8025,#1755);
#1060=LINE('',#8026,#1756);
#1061=LINE('',#8029,#1757);
#1062=LINE('',#8031,#1758);
#1063=LINE('',#8032,#1759);
#1064=LINE('',#8035,#1760);
#1065=LINE('',#8037,#1761);
#1066=LINE('',#8038,#1762);
#1067=LINE('',#8057,#1763);
#1068=LINE('',#8076,#1764);
#1069=LINE('',#8096,#1765);
#1070=LINE('',#8098,#1766);
#1071=LINE('',#8100,#1767);
#1072=LINE('',#8101,#1768);
#1073=LINE('',#8116,#1769);
#1074=LINE('',#8135,#1770);
#1075=LINE('',#8154,#1771);
#1076=LINE('',#8161,#1772);
#1077=LINE('',#8163,#1773);
#1078=LINE('',#8164,#1774);
#1079=LINE('',#8167,#1775);
#1080=LINE('',#8169,#1776);
#1081=LINE('',#8170,#1777);
#1082=LINE('',#8173,#1778);
#1083=LINE('',#8175,#1779);
#1084=LINE('',#8176,#1780);
#1085=LINE('',#8179,#1781);
#1086=LINE('',#8181,#1782);
#1087=LINE('',#8182,#1783);
#1088=LINE('',#8185,#1784);
#1089=LINE('',#8187,#1785);
#1090=LINE('',#8188,#1786);
#1091=LINE('',#8191,#1787);
#1092=LINE('',#8193,#1788);
#1093=LINE('',#8194,#1789);
#1094=LINE('',#8196,#1790);
#1095=LINE('',#8197,#1791);
#1096=LINE('',#8202,#1792);
#1097=LINE('',#8204,#1793);
#1098=LINE('',#8206,#1794);
#1099=LINE('',#8207,#1795);
#1100=LINE('',#8210,#1796);
#1101=LINE('',#8212,#1797);
#1102=LINE('',#8213,#1798);
#1103=LINE('',#8216,#1799);
#1104=LINE('',#8218,#1800);
#1105=LINE('',#8219,#1801);
#1106=LINE('',#8222,#1802);
#1107=LINE('',#8224,#1803);
#1108=LINE('',#8225,#1804);
#1109=LINE('',#8228,#1805);
#1110=LINE('',#8230,#1806);
#1111=LINE('',#8231,#1807);
#1112=LINE('',#8234,#1808);
#1113=LINE('',#8236,#1809);
#1114=LINE('',#8237,#1810);
#1115=LINE('',#8240,#1811);
#1116=LINE('',#8242,#1812);
#1117=LINE('',#8243,#1813);
#1118=LINE('',#8245,#1814);
#1119=LINE('',#8246,#1815);
#1120=LINE('',#8251,#1816);
#1121=LINE('',#8253,#1817);
#1122=LINE('',#8255,#1818);
#1123=LINE('',#8256,#1819);
#1124=LINE('',#8259,#1820);
#1125=LINE('',#8261,#1821);
#1126=LINE('',#8262,#1822);
#1127=LINE('',#8264,#1823);
#1128=LINE('',#8265,#1824);
#1129=LINE('',#8269,#1825);
#1130=LINE('',#8271,#1826);
#1131=LINE('',#8273,#1827);
#1132=LINE('',#8274,#1828);
#1133=LINE('',#8277,#1829);
#1134=LINE('',#8279,#1830);
#1135=LINE('',#8280,#1831);
#1136=LINE('',#8283,#1832);
#1137=LINE('',#8285,#1833);
#1138=LINE('',#8286,#1834);
#1139=LINE('',#8289,#1835);
#1140=LINE('',#8291,#1836);
#1141=LINE('',#8292,#1837);
#1142=LINE('',#8295,#1838);
#1143=LINE('',#8297,#1839);
#1144=LINE('',#8298,#1840);
#1145=LINE('',#8301,#1841);
#1146=LINE('',#8303,#1842);
#1147=LINE('',#8304,#1843);
#1148=LINE('',#8307,#1844);
#1149=LINE('',#8309,#1845);
#1150=LINE('',#8310,#1846);
#1151=LINE('',#8312,#1847);
#1152=LINE('',#8313,#1848);
#1153=LINE('',#8318,#1849);
#1154=LINE('',#8320,#1850);
#1155=LINE('',#8322,#1851);
#1156=LINE('',#8323,#1852);
#1157=LINE('',#8326,#1853);
#1158=LINE('',#8328,#1854);
#1159=LINE('',#8329,#1855);
#1160=LINE('',#8332,#1856);
#1161=LINE('',#8334,#1857);
#1162=LINE('',#8335,#1858);
#1163=LINE('',#8338,#1859);
#1164=LINE('',#8340,#1860);
#1165=LINE('',#8341,#1861);
#1166=LINE('',#8344,#1862);
#1167=LINE('',#8346,#1863);
#1168=LINE('',#8347,#1864);
#1169=LINE('',#8350,#1865);
#1170=LINE('',#8352,#1866);
#1171=LINE('',#8353,#1867);
#1172=LINE('',#8356,#1868);
#1173=LINE('',#8358,#1869);
#1174=LINE('',#8359,#1870);
#1175=LINE('',#8362,#1871);
#1176=LINE('',#8364,#1872);
#1177=LINE('',#8365,#1873);
#1178=LINE('',#8368,#1874);
#1179=LINE('',#8370,#1875);
#1180=LINE('',#8371,#1876);
#1181=LINE('',#8374,#1877);
#1182=LINE('',#8376,#1878);
#1183=LINE('',#8377,#1879);
#1184=LINE('',#8380,#1880);
#1185=LINE('',#8382,#1881);
#1186=LINE('',#8383,#1882);
#1187=LINE('',#8385,#1883);
#1188=LINE('',#8386,#1884);
#1189=LINE('',#8403,#1885);
#1190=LINE('',#8409,#1886);
#1191=LINE('',#8412,#1887);
#1192=LINE('',#8414,#1888);
#1193=LINE('',#8415,#1889);
#1194=LINE('',#8418,#1890);
#1195=LINE('',#8420,#1891);
#1196=LINE('',#8421,#1892);
#1197=LINE('',#8424,#1893);
#1198=LINE('',#8426,#1894);
#1199=LINE('',#8427,#1895);
#1200=LINE('',#8446,#1896);
#1201=LINE('',#8465,#1897);
#1202=LINE('',#8485,#1898);
#1203=LINE('',#8487,#1899);
#1204=LINE('',#8489,#1900);
#1205=LINE('',#8490,#1901);
#1206=LINE('',#8505,#1902);
#1207=LINE('',#8524,#1903);
#1208=LINE('',#8543,#1904);
#1209=LINE('',#8550,#1905);
#1210=LINE('',#8552,#1906);
#1211=LINE('',#8553,#1907);
#1212=LINE('',#8556,#1908);
#1213=LINE('',#8558,#1909);
#1214=LINE('',#8559,#1910);
#1215=LINE('',#8562,#1911);
#1216=LINE('',#8564,#1912);
#1217=LINE('',#8565,#1913);
#1218=LINE('',#8568,#1914);
#1219=LINE('',#8570,#1915);
#1220=LINE('',#8571,#1916);
#1221=LINE('',#8574,#1917);
#1222=LINE('',#8576,#1918);
#1223=LINE('',#8577,#1919);
#1224=LINE('',#8580,#1920);
#1225=LINE('',#8582,#1921);
#1226=LINE('',#8583,#1922);
#1227=LINE('',#8585,#1923);
#1228=LINE('',#8586,#1924);
#1229=LINE('',#8591,#1925);
#1230=LINE('',#8593,#1926);
#1231=LINE('',#8595,#1927);
#1232=LINE('',#8596,#1928);
#1233=LINE('',#8599,#1929);
#1234=LINE('',#8601,#1930);
#1235=LINE('',#8602,#1931);
#1236=LINE('',#8604,#1932);
#1237=LINE('',#8605,#1933);
#1238=LINE('',#8609,#1934);
#1239=LINE('',#8611,#1935);
#1240=LINE('',#8613,#1936);
#1241=LINE('',#8614,#1937);
#1242=LINE('',#8617,#1938);
#1243=LINE('',#8619,#1939);
#1244=LINE('',#8620,#1940);
#1245=LINE('',#8623,#1941);
#1246=LINE('',#8625,#1942);
#1247=LINE('',#8626,#1943);
#1248=LINE('',#8629,#1944);
#1249=LINE('',#8631,#1945);
#1250=LINE('',#8632,#1946);
#1251=LINE('',#8635,#1947);
#1252=LINE('',#8637,#1948);
#1253=LINE('',#8638,#1949);
#1254=LINE('',#8641,#1950);
#1255=LINE('',#8643,#1951);
#1256=LINE('',#8644,#1952);
#1257=LINE('',#8647,#1953);
#1258=LINE('',#8649,#1954);
#1259=LINE('',#8650,#1955);
#1260=LINE('',#8652,#1956);
#1261=LINE('',#8653,#1957);
#1262=LINE('',#8658,#1958);
#1263=LINE('',#8660,#1959);
#1264=LINE('',#8662,#1960);
#1265=LINE('',#8663,#1961);
#1266=LINE('',#8666,#1962);
#1267=LINE('',#8668,#1963);
#1268=LINE('',#8669,#1964);
#1269=LINE('',#8672,#1965);
#1270=LINE('',#8674,#1966);
#1271=LINE('',#8675,#1967);
#1272=LINE('',#8678,#1968);
#1273=LINE('',#8680,#1969);
#1274=LINE('',#8681,#1970);
#1275=LINE('',#8684,#1971);
#1276=LINE('',#8686,#1972);
#1277=LINE('',#8687,#1973);
#1278=LINE('',#8690,#1974);
#1279=LINE('',#8692,#1975);
#1280=LINE('',#8693,#1976);
#1281=LINE('',#8696,#1977);
#1282=LINE('',#8698,#1978);
#1283=LINE('',#8699,#1979);
#1284=LINE('',#8702,#1980);
#1285=LINE('',#8704,#1981);
#1286=LINE('',#8705,#1982);
#1287=LINE('',#8708,#1983);
#1288=LINE('',#8710,#1984);
#1289=LINE('',#8711,#1985);
#1290=LINE('',#8714,#1986);
#1291=LINE('',#8716,#1987);
#1292=LINE('',#8717,#1988);
#1293=LINE('',#8720,#1989);
#1294=LINE('',#8722,#1990);
#1295=LINE('',#8723,#1991);
#1296=LINE('',#8725,#1992);
#1297=LINE('',#8726,#1993);
#1298=LINE('',#8731,#1994);
#1299=LINE('',#8733,#1995);
#1300=LINE('',#8735,#1996);
#1301=LINE('',#8736,#1997);
#1302=LINE('',#8739,#1998);
#1303=LINE('',#8741,#1999);
#1304=LINE('',#8742,#2000);
#1305=LINE('',#8745,#2001);
#1306=LINE('',#8747,#2002);
#1307=LINE('',#8748,#2003);
#1308=LINE('',#8751,#2004);
#1309=LINE('',#8753,#2005);
#1310=LINE('',#8754,#2006);
#1311=LINE('',#8757,#2007);
#1312=LINE('',#8759,#2008);
#1313=LINE('',#8760,#2009);
#1314=LINE('',#8763,#2010);
#1315=LINE('',#8765,#2011);
#1316=LINE('',#8766,#2012);
#1317=LINE('',#8769,#2013);
#1318=LINE('',#8771,#2014);
#1319=LINE('',#8772,#2015);
#1320=LINE('',#8775,#2016);
#1321=LINE('',#8777,#2017);
#1322=LINE('',#8778,#2018);
#1323=LINE('',#8781,#2019);
#1324=LINE('',#8783,#2020);
#1325=LINE('',#8784,#2021);
#1326=LINE('',#8787,#2022);
#1327=LINE('',#8789,#2023);
#1328=LINE('',#8790,#2024);
#1329=LINE('',#8793,#2025);
#1330=LINE('',#8795,#2026);
#1331=LINE('',#8796,#2027);
#1332=LINE('',#8798,#2028);
#1333=LINE('',#8799,#2029);
#1334=LINE('',#8804,#2030);
#1335=LINE('',#8806,#2031);
#1336=LINE('',#8808,#2032);
#1337=LINE('',#8809,#2033);
#1338=LINE('',#8812,#2034);
#1339=LINE('',#8814,#2035);
#1340=LINE('',#8815,#2036);
#1341=LINE('',#8818,#2037);
#1342=LINE('',#8820,#2038);
#1343=LINE('',#8821,#2039);
#1344=LINE('',#8824,#2040);
#1345=LINE('',#8826,#2041);
#1346=LINE('',#8827,#2042);
#1347=LINE('',#8830,#2043);
#1348=LINE('',#8832,#2044);
#1349=LINE('',#8833,#2045);
#1350=LINE('',#8836,#2046);
#1351=LINE('',#8838,#2047);
#1352=LINE('',#8839,#2048);
#1353=LINE('',#8842,#2049);
#1354=LINE('',#8844,#2050);
#1355=LINE('',#8845,#2051);
#1356=LINE('',#8848,#2052);
#1357=LINE('',#8850,#2053);
#1358=LINE('',#8851,#2054);
#1359=LINE('',#8854,#2055);
#1360=LINE('',#8856,#2056);
#1361=LINE('',#8857,#2057);
#1362=LINE('',#8860,#2058);
#1363=LINE('',#8862,#2059);
#1364=LINE('',#8863,#2060);
#1365=LINE('',#8866,#2061);
#1366=LINE('',#8868,#2062);
#1367=LINE('',#8869,#2063);
#1368=LINE('',#8871,#2064);
#1369=LINE('',#8872,#2065);
#1370=LINE('',#8889,#2066);
#1371=LINE('',#8895,#2067);
#1372=LINE('',#8914,#2068);
#1373=LINE('',#8933,#2069);
#1374=LINE('',#8952,#2070);
#1375=LINE('',#8971,#2071);
#1376=LINE('',#9003,#2072);
#1377=LINE('',#9009,#2073);
#1378=LINE('',#9024,#2074);
#1379=LINE('',#9043,#2075);
#1380=LINE('',#9062,#2076);
#1381=LINE('',#9081,#2077);
#1382=LINE('',#9100,#2078);
#1383=LINE('',#9119,#2079);
#1384=LINE('',#9144,#2080);
#1385=LINE('',#9146,#2081);
#1386=LINE('',#9148,#2082);
#1387=LINE('',#9149,#2083);
#1388=LINE('',#9152,#2084);
#1389=LINE('',#9154,#2085);
#1390=LINE('',#9155,#2086);
#1391=LINE('',#9158,#2087);
#1392=LINE('',#9160,#2088);
#1393=LINE('',#9161,#2089);
#1394=LINE('',#9164,#2090);
#1395=LINE('',#9166,#2091);
#1396=LINE('',#9167,#2092);
#1397=LINE('',#9170,#2093);
#1398=LINE('',#9172,#2094);
#1399=LINE('',#9173,#2095);
#1400=LINE('',#9176,#2096);
#1401=LINE('',#9178,#2097);
#1402=LINE('',#9179,#2098);
#1403=LINE('',#9182,#2099);
#1404=LINE('',#9184,#2100);
#1405=LINE('',#9185,#2101);
#1406=LINE('',#9188,#2102);
#1407=LINE('',#9190,#2103);
#1408=LINE('',#9191,#2104);
#1409=LINE('',#9194,#2105);
#1410=LINE('',#9196,#2106);
#1411=LINE('',#9197,#2107);
#1412=LINE('',#9199,#2108);
#1413=LINE('',#9200,#2109);
#1414=LINE('',#9217,#2110);
#1415=LINE('',#9223,#2111);
#1416=LINE('',#9226,#2112);
#1417=LINE('',#9228,#2113);
#1418=LINE('',#9229,#2114);
#1419=LINE('',#9232,#2115);
#1420=LINE('',#9234,#2116);
#1421=LINE('',#9235,#2117);
#1422=LINE('',#9238,#2118);
#1423=LINE('',#9240,#2119);
#1424=LINE('',#9241,#2120);
#1425=LINE('',#9260,#2121);
#1426=LINE('',#9279,#2122);
#1427=LINE('',#9299,#2123);
#1428=LINE('',#9301,#2124);
#1429=LINE('',#9303,#2125);
#1430=LINE('',#9304,#2126);
#1431=LINE('',#9319,#2127);
#1432=LINE('',#9338,#2128);
#1433=LINE('',#9357,#2129);
#1434=LINE('',#9364,#2130);
#1435=LINE('',#9366,#2131);
#1436=LINE('',#9367,#2132);
#1437=LINE('',#9370,#2133);
#1438=LINE('',#9372,#2134);
#1439=LINE('',#9373,#2135);
#1440=LINE('',#9376,#2136);
#1441=LINE('',#9378,#2137);
#1442=LINE('',#9379,#2138);
#1443=LINE('',#9382,#2139);
#1444=LINE('',#9384,#2140);
#1445=LINE('',#9385,#2141);
#1446=LINE('',#9388,#2142);
#1447=LINE('',#9390,#2143);
#1448=LINE('',#9391,#2144);
#1449=LINE('',#9394,#2145);
#1450=LINE('',#9396,#2146);
#1451=LINE('',#9397,#2147);
#1452=LINE('',#9399,#2148);
#1453=LINE('',#9400,#2149);
#1454=LINE('',#9417,#2150);
#1455=LINE('',#9423,#2151);
#1456=LINE('',#9442,#2152);
#1457=LINE('',#9461,#2153);
#1458=LINE('',#9480,#2154);
#1459=LINE('',#9499,#2155);
#1460=LINE('',#9531,#2156);
#1461=LINE('',#9537,#2157);
#1462=LINE('',#9552,#2158);
#1463=LINE('',#9571,#2159);
#1464=LINE('',#9590,#2160);
#1465=LINE('',#9609,#2161);
#1466=LINE('',#9628,#2162);
#1467=LINE('',#9647,#2163);
#1468=LINE('',#9672,#2164);
#1469=LINE('',#9674,#2165);
#1470=LINE('',#9676,#2166);
#1471=LINE('',#9677,#2167);
#1472=LINE('',#9680,#2168);
#1473=LINE('',#9682,#2169);
#1474=LINE('',#9683,#2170);
#1475=LINE('',#9686,#2171);
#1476=LINE('',#9688,#2172);
#1477=LINE('',#9689,#2173);
#1478=LINE('',#9692,#2174);
#1479=LINE('',#9694,#2175);
#1480=LINE('',#9695,#2176);
#1481=LINE('',#9698,#2177);
#1482=LINE('',#9700,#2178);
#1483=LINE('',#9701,#2179);
#1484=LINE('',#9703,#2180);
#1485=LINE('',#9704,#2181);
#1486=LINE('',#9709,#2182);
#1487=LINE('',#9711,#2183);
#1488=LINE('',#9713,#2184);
#1489=LINE('',#9714,#2185);
#1490=LINE('',#9717,#2186);
#1491=LINE('',#9719,#2187);
#1492=LINE('',#9720,#2188);
#1493=LINE('',#9723,#2189);
#1494=LINE('',#9725,#2190);
#1495=LINE('',#9726,#2191);
#1496=LINE('',#9729,#2192);
#1497=LINE('',#9731,#2193);
#1498=LINE('',#9732,#2194);
#1499=LINE('',#9735,#2195);
#1500=LINE('',#9737,#2196);
#1501=LINE('',#9738,#2197);
#1502=LINE('',#9741,#2198);
#1503=LINE('',#9743,#2199);
#1504=LINE('',#9744,#2200);
#1505=LINE('',#9747,#2201);
#1506=LINE('',#9749,#2202);
#1507=LINE('',#9750,#2203);
#1508=LINE('',#9753,#2204);
#1509=LINE('',#9755,#2205);
#1510=LINE('',#9756,#2206);
#1511=LINE('',#9759,#2207);
#1512=LINE('',#9761,#2208);
#1513=LINE('',#9762,#2209);
#1514=LINE('',#9765,#2210);
#1515=LINE('',#9767,#2211);
#1516=LINE('',#9768,#2212);
#1517=LINE('',#9771,#2213);
#1518=LINE('',#9773,#2214);
#1519=LINE('',#9774,#2215);
#1520=LINE('',#9776,#2216);
#1521=LINE('',#9777,#2217);
#1522=LINE('',#9782,#2218);
#1523=LINE('',#9784,#2219);
#1524=LINE('',#9786,#2220);
#1525=LINE('',#9787,#2221);
#1526=LINE('',#9790,#2222);
#1527=LINE('',#9792,#2223);
#1528=LINE('',#9794,#2224);
#1529=LINE('',#9795,#2225);
#1530=LINE('',#9798,#2226);
#1531=LINE('',#9800,#2227);
#1532=LINE('',#9802,#2228);
#1533=LINE('',#9803,#2229);
#1534=LINE('',#9806,#2230);
#1535=LINE('',#9808,#2231);
#1536=LINE('',#9810,#2232);
#1537=LINE('',#9811,#2233);
#1538=LINE('',#9822,#2234);
#1539=LINE('',#9823,#2235);
#1540=LINE('',#9824,#2236);
#1541=LINE('',#9827,#2237);
#1542=LINE('',#9828,#2238);
#1543=LINE('',#9831,#2239);
#1544=LINE('',#9832,#2240);
#1545=LINE('',#9834,#2241);
#1546=LINE('',#9838,#2242);
#1547=LINE('',#9839,#2243);
#1548=LINE('',#9840,#2244);
#1549=LINE('',#9843,#2245);
#1550=LINE('',#9844,#2246);
#1551=LINE('',#9847,#2247);
#1552=LINE('',#9848,#2248);
#1553=LINE('',#9850,#2249);
#1554=LINE('',#9854,#2250);
#1555=LINE('',#9855,#2251);
#1556=LINE('',#9856,#2252);
#1557=LINE('',#9859,#2253);
#1558=LINE('',#9860,#2254);
#1559=LINE('',#9863,#2255);
#1560=LINE('',#9864,#2256);
#1561=LINE('',#9866,#2257);
#1562=LINE('',#9870,#2258);
#1563=LINE('',#9872,#2259);
#1564=LINE('',#9874,#2260);
#1565=LINE('',#9875,#2261);
#1566=LINE('',#9878,#2262);
#1567=LINE('',#9880,#2263);
#1568=LINE('',#9881,#2264);
#1569=LINE('',#9884,#2265);
#1570=LINE('',#9886,#2266);
#1571=LINE('',#9887,#2267);
#1572=LINE('',#9889,#2268);
#1573=LINE('',#9890,#2269);
#1574=LINE('',#9895,#2270);
#1575=LINE('',#9897,#2271);
#1576=LINE('',#9899,#2272);
#1577=LINE('',#9900,#2273);
#1578=LINE('',#9903,#2274);
#1579=LINE('',#9905,#2275);
#1580=LINE('',#9906,#2276);
#1581=LINE('',#9909,#2277);
#1582=LINE('',#9911,#2278);
#1583=LINE('',#9912,#2279);
#1584=LINE('',#9914,#2280);
#1585=LINE('',#9915,#2281);
#1586=LINE('',#9920,#2282);
#1587=LINE('',#9922,#2283);
#1588=LINE('',#9924,#2284);
#1589=LINE('',#9925,#2285);
#1590=LINE('',#9928,#2286);
#1591=LINE('',#9930,#2287);
#1592=LINE('',#9932,#2288);
#1593=LINE('',#9934,#2289);
#1594=LINE('',#9935,#2290);
#1595=LINE('',#9938,#2291);
#1596=LINE('',#9939,#2292);
#1597=LINE('',#9943,#2293);
#1598=LINE('',#9945,#2294);
#1599=LINE('',#9947,#2295);
#1600=LINE('',#9948,#2296);
#1601=LINE('',#9951,#2297);
#1602=LINE('',#9953,#2298);
#1603=LINE('',#9954,#2299);
#1604=LINE('',#9957,#2300);
#1605=LINE('',#9959,#2301);
#1606=LINE('',#9961,#2302);
#1607=LINE('',#9962,#2303);
#1608=LINE('',#9965,#2304);
#1609=LINE('',#9967,#2305);
#1610=LINE('',#9969,#2306);
#1611=LINE('',#9970,#2307);
#1612=LINE('',#9972,#2308);
#1613=LINE('',#9975,#2309);
#1614=LINE('',#9976,#2310);
#1615=LINE('',#9979,#2311);
#1616=LINE('',#9981,#2312);
#1617=LINE('',#9983,#2313);
#1618=LINE('',#9985,#2314);
#1619=LINE('',#9986,#2315);
#1620=LINE('',#9989,#2316);
#1621=LINE('',#9991,#2317);
#1622=LINE('',#9992,#2318);
#1623=LINE('',#9995,#2319);
#1624=LINE('',#9996,#2320);
#1625=LINE('',#9998,#2321);
#1626=LINE('',#10000,#2322);
#1627=LINE('',#10001,#2323);
#1628=LINE('',#10004,#2324);
#1629=LINE('',#10006,#2325);
#1630=LINE('',#10007,#2326);
#1631=LINE('',#10009,#2327);
#1632=LINE('',#10010,#2328);
#1633=LINE('',#10013,#2329);
#1634=LINE('',#10014,#2330);
#1635=LINE('',#10017,#2331);
#1636=LINE('',#10018,#2332);
#1637=LINE('',#10020,#2333);
#1638=LINE('',#10023,#2334);
#1639=LINE('',#10024,#2335);
#1640=LINE('',#10026,#2336);
#1641=LINE('',#10028,#2337);
#1642=VECTOR('',#6209,10.);
#1643=VECTOR('',#6210,10.);
#1644=VECTOR('',#6213,10.);
#1645=VECTOR('',#6214,10.);
#1646=VECTOR('',#6215,10.);
#1647=VECTOR('',#6218,10.);
#1648=VECTOR('',#6219,10.);
#1649=VECTOR('',#6220,10.);
#1650=VECTOR('',#6223,10.);
#1651=VECTOR('',#6224,10.);
#1652=VECTOR('',#6225,10.);
#1653=VECTOR('',#6226,10.);
#1654=VECTOR('',#6227,10.);
#1655=VECTOR('',#6230,10.);
#1656=VECTOR('',#6231,10.);
#1657=VECTOR('',#6232,10.);
#1658=VECTOR('',#6233,10.);
#1659=VECTOR('',#6234,10.);
#1660=VECTOR('',#6235,10.);
#1661=VECTOR('',#6236,10.);
#1662=VECTOR('',#6239,10.);
#1663=VECTOR('',#6240,10.);
#1664=VECTOR('',#6241,10.);
#1665=VECTOR('',#6244,10.);
#1666=VECTOR('',#6245,10.);
#1667=VECTOR('',#6246,10.);
#1668=VECTOR('',#6249,10.);
#1669=VECTOR('',#6250,10.);
#1670=VECTOR('',#6251,10.);
#1671=VECTOR('',#6254,10.);
#1672=VECTOR('',#6255,10.);
#1673=VECTOR('',#6256,10.);
#1674=VECTOR('',#6259,10.);
#1675=VECTOR('',#6260,10.);
#1676=VECTOR('',#6261,10.);
#1677=VECTOR('',#6264,10.);
#1678=VECTOR('',#6265,10.);
#1679=VECTOR('',#6266,10.);
#1680=VECTOR('',#6269,10.);
#1681=VECTOR('',#6270,10.);
#1682=VECTOR('',#6275,10.);
#1683=VECTOR('',#6276,10.);
#1684=VECTOR('',#6277,10.);
#1685=VECTOR('',#6278,10.);
#1686=VECTOR('',#6281,10.);
#1687=VECTOR('',#6282,10.);
#1688=VECTOR('',#6283,10.);
#1689=VECTOR('',#6286,10.);
#1690=VECTOR('',#6287,10.);
#1691=VECTOR('',#6288,10.);
#1692=VECTOR('',#6291,10.);
#1693=VECTOR('',#6292,10.);
#1694=VECTOR('',#6293,10.);
#1695=VECTOR('',#6296,10.);
#1696=VECTOR('',#6297,10.);
#1697=VECTOR('',#6298,10.);
#1698=VECTOR('',#6301,10.);
#1699=VECTOR('',#6302,10.);
#1700=VECTOR('',#6307,10.);
#1701=VECTOR('',#6308,10.);
#1702=VECTOR('',#6309,10.);
#1703=VECTOR('',#6310,10.);
#1704=VECTOR('',#6313,10.);
#1705=VECTOR('',#6314,10.);
#1706=VECTOR('',#6315,10.);
#1707=VECTOR('',#6318,10.);
#1708=VECTOR('',#6319,10.);
#1709=VECTOR('',#6320,10.);
#1710=VECTOR('',#6323,10.);
#1711=VECTOR('',#6324,10.);
#1712=VECTOR('',#6325,10.);
#1713=VECTOR('',#6328,10.);
#1714=VECTOR('',#6329,10.);
#1715=VECTOR('',#6330,10.);
#1716=VECTOR('',#6333,10.);
#1717=VECTOR('',#6334,10.);
#1718=VECTOR('',#6335,10.);
#1719=VECTOR('',#6338,10.);
#1720=VECTOR('',#6339,10.);
#1721=VECTOR('',#6340,10.);
#1722=VECTOR('',#6343,10.);
#1723=VECTOR('',#6344,10.);
#1724=VECTOR('',#6347,10.);
#1725=VECTOR('',#6348,10.);
#1726=VECTOR('',#6349,10.);
#1727=VECTOR('',#6352,10.);
#1728=VECTOR('',#6353,10.);
#1729=VECTOR('',#6354,10.);
#1730=VECTOR('',#6357,10.);
#1731=VECTOR('',#6358,10.);
#1732=VECTOR('',#6359,10.);
#1733=VECTOR('',#6360,10.);
#1734=VECTOR('',#6361,10.);
#1735=VECTOR('',#6362,10.);
#1736=VECTOR('',#6363,10.);
#1737=VECTOR('',#6364,10.);
#1738=VECTOR('',#6365,10.);
#1739=VECTOR('',#6366,10.);
#1740=VECTOR('',#6367,10.);
#1741=VECTOR('',#6370,10.);
#1742=VECTOR('',#6371,10.);
#1743=VECTOR('',#6372,10.);
#1744=VECTOR('',#6375,10.);
#1745=VECTOR('',#6376,10.);
#1746=VECTOR('',#6377,10.);
#1747=VECTOR('',#6378,10.);
#1748=VECTOR('',#6379,10.);
#1749=VECTOR('',#6380,10.);
#1750=VECTOR('',#6381,10.);
#1751=VECTOR('',#6382,10.);
#1752=VECTOR('',#6385,10.);
#1753=VECTOR('',#6386,10.);
#1754=VECTOR('',#6389,10.);
#1755=VECTOR('',#6390,10.);
#1756=VECTOR('',#6391,10.);
#1757=VECTOR('',#6394,10.);
#1758=VECTOR('',#6395,10.);
#1759=VECTOR('',#6396,10.);
#1760=VECTOR('',#6399,10.);
#1761=VECTOR('',#6400,10.);
#1762=VECTOR('',#6401,10.);
#1763=VECTOR('',#6402,10.);
#1764=VECTOR('',#6403,10.);
#1765=VECTOR('',#6406,10.);
#1766=VECTOR('',#6407,10.);
#1767=VECTOR('',#6408,10.);
#1768=VECTOR('',#6409,10.);
#1769=VECTOR('',#6410,10.);
#1770=VECTOR('',#6411,10.);
#1771=VECTOR('',#6412,10.);
#1772=VECTOR('',#6415,10.);
#1773=VECTOR('',#6416,10.);
#1774=VECTOR('',#6417,10.);
#1775=VECTOR('',#6420,10.);
#1776=VECTOR('',#6421,10.);
#1777=VECTOR('',#6422,10.);
#1778=VECTOR('',#6425,10.);
#1779=VECTOR('',#6426,10.);
#1780=VECTOR('',#6427,10.);
#1781=VECTOR('',#6430,10.);
#1782=VECTOR('',#6431,10.);
#1783=VECTOR('',#6432,10.);
#1784=VECTOR('',#6435,10.);
#1785=VECTOR('',#6436,10.);
#1786=VECTOR('',#6437,10.);
#1787=VECTOR('',#6440,10.);
#1788=VECTOR('',#6441,10.);
#1789=VECTOR('',#6442,10.);
#1790=VECTOR('',#6445,10.);
#1791=VECTOR('',#6446,10.);
#1792=VECTOR('',#6451,10.);
#1793=VECTOR('',#6452,10.);
#1794=VECTOR('',#6453,10.);
#1795=VECTOR('',#6454,10.);
#1796=VECTOR('',#6457,10.);
#1797=VECTOR('',#6458,10.);
#1798=VECTOR('',#6459,10.);
#1799=VECTOR('',#6462,10.);
#1800=VECTOR('',#6463,10.);
#1801=VECTOR('',#6464,10.);
#1802=VECTOR('',#6467,10.);
#1803=VECTOR('',#6468,10.);
#1804=VECTOR('',#6469,10.);
#1805=VECTOR('',#6472,10.);
#1806=VECTOR('',#6473,10.);
#1807=VECTOR('',#6474,10.);
#1808=VECTOR('',#6477,10.);
#1809=VECTOR('',#6478,10.);
#1810=VECTOR('',#6479,10.);
#1811=VECTOR('',#6482,10.);
#1812=VECTOR('',#6483,10.);
#1813=VECTOR('',#6484,10.);
#1814=VECTOR('',#6487,10.);
#1815=VECTOR('',#6488,10.);
#1816=VECTOR('',#6493,10.);
#1817=VECTOR('',#6494,10.);
#1818=VECTOR('',#6495,10.);
#1819=VECTOR('',#6496,10.);
#1820=VECTOR('',#6499,10.);
#1821=VECTOR('',#6500,10.);
#1822=VECTOR('',#6501,10.);
#1823=VECTOR('',#6504,10.);
#1824=VECTOR('',#6505,10.);
#1825=VECTOR('',#6508,10.);
#1826=VECTOR('',#6509,10.);
#1827=VECTOR('',#6510,10.);
#1828=VECTOR('',#6511,10.);
#1829=VECTOR('',#6514,10.);
#1830=VECTOR('',#6515,10.);
#1831=VECTOR('',#6516,10.);
#1832=VECTOR('',#6519,10.);
#1833=VECTOR('',#6520,10.);
#1834=VECTOR('',#6521,10.);
#1835=VECTOR('',#6524,10.);
#1836=VECTOR('',#6525,10.);
#1837=VECTOR('',#6526,10.);
#1838=VECTOR('',#6529,10.);
#1839=VECTOR('',#6530,10.);
#1840=VECTOR('',#6531,10.);
#1841=VECTOR('',#6534,10.);
#1842=VECTOR('',#6535,10.);
#1843=VECTOR('',#6536,10.);
#1844=VECTOR('',#6539,10.);
#1845=VECTOR('',#6540,10.);
#1846=VECTOR('',#6541,10.);
#1847=VECTOR('',#6544,10.);
#1848=VECTOR('',#6545,10.);
#1849=VECTOR('',#6550,10.);
#1850=VECTOR('',#6551,10.);
#1851=VECTOR('',#6552,10.);
#1852=VECTOR('',#6553,10.);
#1853=VECTOR('',#6556,10.);
#1854=VECTOR('',#6557,10.);
#1855=VECTOR('',#6558,10.);
#1856=VECTOR('',#6561,10.);
#1857=VECTOR('',#6562,10.);
#1858=VECTOR('',#6563,10.);
#1859=VECTOR('',#6566,10.);
#1860=VECTOR('',#6567,10.);
#1861=VECTOR('',#6568,10.);
#1862=VECTOR('',#6571,10.);
#1863=VECTOR('',#6572,10.);
#1864=VECTOR('',#6573,10.);
#1865=VECTOR('',#6576,10.);
#1866=VECTOR('',#6577,10.);
#1867=VECTOR('',#6578,10.);
#1868=VECTOR('',#6581,10.);
#1869=VECTOR('',#6582,10.);
#1870=VECTOR('',#6583,10.);
#1871=VECTOR('',#6586,10.);
#1872=VECTOR('',#6587,10.);
#1873=VECTOR('',#6588,10.);
#1874=VECTOR('',#6591,10.);
#1875=VECTOR('',#6592,10.);
#1876=VECTOR('',#6593,10.);
#1877=VECTOR('',#6596,10.);
#1878=VECTOR('',#6597,10.);
#1879=VECTOR('',#6598,10.);
#1880=VECTOR('',#6601,10.);
#1881=VECTOR('',#6602,10.);
#1882=VECTOR('',#6603,10.);
#1883=VECTOR('',#6606,10.);
#1884=VECTOR('',#6607,10.);
#1885=VECTOR('',#6610,10.);
#1886=VECTOR('',#6611,10.);
#1887=VECTOR('',#6614,10.);
#1888=VECTOR('',#6615,10.);
#1889=VECTOR('',#6616,10.);
#1890=VECTOR('',#6619,10.);
#1891=VECTOR('',#6620,10.);
#1892=VECTOR('',#6621,10.);
#1893=VECTOR('',#6624,10.);
#1894=VECTOR('',#6625,10.);
#1895=VECTOR('',#6626,10.);
#1896=VECTOR('',#6627,10.);
#1897=VECTOR('',#6628,10.);
#1898=VECTOR('',#6631,10.);
#1899=VECTOR('',#6632,10.);
#1900=VECTOR('',#6633,10.);
#1901=VECTOR('',#6634,10.);
#1902=VECTOR('',#6635,10.);
#1903=VECTOR('',#6636,10.);
#1904=VECTOR('',#6637,10.);
#1905=VECTOR('',#6640,10.);
#1906=VECTOR('',#6641,10.);
#1907=VECTOR('',#6642,10.);
#1908=VECTOR('',#6645,10.);
#1909=VECTOR('',#6646,10.);
#1910=VECTOR('',#6647,10.);
#1911=VECTOR('',#6650,10.);
#1912=VECTOR('',#6651,10.);
#1913=VECTOR('',#6652,10.);
#1914=VECTOR('',#6655,10.);
#1915=VECTOR('',#6656,10.);
#1916=VECTOR('',#6657,10.);
#1917=VECTOR('',#6660,10.);
#1918=VECTOR('',#6661,10.);
#1919=VECTOR('',#6662,10.);
#1920=VECTOR('',#6665,10.);
#1921=VECTOR('',#6666,10.);
#1922=VECTOR('',#6667,10.);
#1923=VECTOR('',#6670,10.);
#1924=VECTOR('',#6671,10.);
#1925=VECTOR('',#6676,10.);
#1926=VECTOR('',#6677,10.);
#1927=VECTOR('',#6678,10.);
#1928=VECTOR('',#6679,10.);
#1929=VECTOR('',#6682,10.);
#1930=VECTOR('',#6683,10.);
#1931=VECTOR('',#6684,10.);
#1932=VECTOR('',#6687,10.);
#1933=VECTOR('',#6688,10.);
#1934=VECTOR('',#6691,10.);
#1935=VECTOR('',#6692,10.);
#1936=VECTOR('',#6693,10.);
#1937=VECTOR('',#6694,10.);
#1938=VECTOR('',#6697,10.);
#1939=VECTOR('',#6698,10.);
#1940=VECTOR('',#6699,10.);
#1941=VECTOR('',#6702,10.);
#1942=VECTOR('',#6703,10.);
#1943=VECTOR('',#6704,10.);
#1944=VECTOR('',#6707,10.);
#1945=VECTOR('',#6708,10.);
#1946=VECTOR('',#6709,10.);
#1947=VECTOR('',#6712,10.);
#1948=VECTOR('',#6713,10.);
#1949=VECTOR('',#6714,10.);
#1950=VECTOR('',#6717,10.);
#1951=VECTOR('',#6718,10.);
#1952=VECTOR('',#6719,10.);
#1953=VECTOR('',#6722,10.);
#1954=VECTOR('',#6723,10.);
#1955=VECTOR('',#6724,10.);
#1956=VECTOR('',#6727,10.);
#1957=VECTOR('',#6728,10.);
#1958=VECTOR('',#6733,10.);
#1959=VECTOR('',#6734,10.);
#1960=VECTOR('',#6735,10.);
#1961=VECTOR('',#6736,10.);
#1962=VECTOR('',#6739,10.);
#1963=VECTOR('',#6740,10.);
#1964=VECTOR('',#6741,10.);
#1965=VECTOR('',#6744,10.);
#1966=VECTOR('',#6745,10.);
#1967=VECTOR('',#6746,10.);
#1968=VECTOR('',#6749,10.);
#1969=VECTOR('',#6750,10.);
#1970=VECTOR('',#6751,10.);
#1971=VECTOR('',#6754,10.);
#1972=VECTOR('',#6755,10.);
#1973=VECTOR('',#6756,10.);
#1974=VECTOR('',#6759,10.);
#1975=VECTOR('',#6760,10.);
#1976=VECTOR('',#6761,10.);
#1977=VECTOR('',#6764,10.);
#1978=VECTOR('',#6765,10.);
#1979=VECTOR('',#6766,10.);
#1980=VECTOR('',#6769,10.);
#1981=VECTOR('',#6770,10.);
#1982=VECTOR('',#6771,10.);
#1983=VECTOR('',#6774,10.);
#1984=VECTOR('',#6775,10.);
#1985=VECTOR('',#6776,10.);
#1986=VECTOR('',#6779,10.);
#1987=VECTOR('',#6780,10.);
#1988=VECTOR('',#6781,10.);
#1989=VECTOR('',#6784,10.);
#1990=VECTOR('',#6785,10.);
#1991=VECTOR('',#6786,10.);
#1992=VECTOR('',#6789,10.);
#1993=VECTOR('',#6790,10.);
#1994=VECTOR('',#6795,10.);
#1995=VECTOR('',#6796,10.);
#1996=VECTOR('',#6797,10.);
#1997=VECTOR('',#6798,10.);
#1998=VECTOR('',#6801,10.);
#1999=VECTOR('',#6802,10.);
#2000=VECTOR('',#6803,10.);
#2001=VECTOR('',#6806,10.);
#2002=VECTOR('',#6807,10.);
#2003=VECTOR('',#6808,10.);
#2004=VECTOR('',#6811,10.);
#2005=VECTOR('',#6812,10.);
#2006=VECTOR('',#6813,10.);
#2007=VECTOR('',#6816,10.);
#2008=VECTOR('',#6817,10.);
#2009=VECTOR('',#6818,10.);
#2010=VECTOR('',#6821,10.);
#2011=VECTOR('',#6822,10.);
#2012=VECTOR('',#6823,10.);
#2013=VECTOR('',#6826,10.);
#2014=VECTOR('',#6827,10.);
#2015=VECTOR('',#6828,10.);
#2016=VECTOR('',#6831,10.);
#2017=VECTOR('',#6832,10.);
#2018=VECTOR('',#6833,10.);
#2019=VECTOR('',#6836,10.);
#2020=VECTOR('',#6837,10.);
#2021=VECTOR('',#6838,10.);
#2022=VECTOR('',#6841,10.);
#2023=VECTOR('',#6842,10.);
#2024=VECTOR('',#6843,10.);
#2025=VECTOR('',#6846,10.);
#2026=VECTOR('',#6847,10.);
#2027=VECTOR('',#6848,10.);
#2028=VECTOR('',#6851,10.);
#2029=VECTOR('',#6852,10.);
#2030=VECTOR('',#6857,10.);
#2031=VECTOR('',#6858,10.);
#2032=VECTOR('',#6859,10.);
#2033=VECTOR('',#6860,10.);
#2034=VECTOR('',#6863,10.);
#2035=VECTOR('',#6864,10.);
#2036=VECTOR('',#6865,10.);
#2037=VECTOR('',#6868,10.);
#2038=VECTOR('',#6869,10.);
#2039=VECTOR('',#6870,10.);
#2040=VECTOR('',#6873,10.);
#2041=VECTOR('',#6874,10.);
#2042=VECTOR('',#6875,10.);
#2043=VECTOR('',#6878,10.);
#2044=VECTOR('',#6879,10.);
#2045=VECTOR('',#6880,10.);
#2046=VECTOR('',#6883,10.);
#2047=VECTOR('',#6884,10.);
#2048=VECTOR('',#6885,10.);
#2049=VECTOR('',#6888,10.);
#2050=VECTOR('',#6889,10.);
#2051=VECTOR('',#6890,10.);
#2052=VECTOR('',#6893,10.);
#2053=VECTOR('',#6894,10.);
#2054=VECTOR('',#6895,10.);
#2055=VECTOR('',#6898,10.);
#2056=VECTOR('',#6899,10.);
#2057=VECTOR('',#6900,10.);
#2058=VECTOR('',#6903,10.);
#2059=VECTOR('',#6904,10.);
#2060=VECTOR('',#6905,10.);
#2061=VECTOR('',#6908,10.);
#2062=VECTOR('',#6909,10.);
#2063=VECTOR('',#6910,10.);
#2064=VECTOR('',#6913,10.);
#2065=VECTOR('',#6914,10.);
#2066=VECTOR('',#6917,10.);
#2067=VECTOR('',#6918,10.);
#2068=VECTOR('',#6919,10.);
#2069=VECTOR('',#6920,10.);
#2070=VECTOR('',#6921,10.);
#2071=VECTOR('',#6922,10.);
#2072=VECTOR('',#6923,10.);
#2073=VECTOR('',#6924,10.);
#2074=VECTOR('',#6925,10.);
#2075=VECTOR('',#6926,10.);
#2076=VECTOR('',#6927,10.);
#2077=VECTOR('',#6928,10.);
#2078=VECTOR('',#6929,10.);
#2079=VECTOR('',#6930,10.);
#2080=VECTOR('',#6935,10.);
#2081=VECTOR('',#6936,10.);
#2082=VECTOR('',#6937,10.);
#2083=VECTOR('',#6938,10.);
#2084=VECTOR('',#6941,10.);
#2085=VECTOR('',#6942,10.);
#2086=VECTOR('',#6943,10.);
#2087=VECTOR('',#6946,10.);
#2088=VECTOR('',#6947,10.);
#2089=VECTOR('',#6948,10.);
#2090=VECTOR('',#6951,10.);
#2091=VECTOR('',#6952,10.);
#2092=VECTOR('',#6953,10.);
#2093=VECTOR('',#6956,10.);
#2094=VECTOR('',#6957,10.);
#2095=VECTOR('',#6958,10.);
#2096=VECTOR('',#6961,10.);
#2097=VECTOR('',#6962,10.);
#2098=VECTOR('',#6963,10.);
#2099=VECTOR('',#6966,10.);
#2100=VECTOR('',#6967,10.);
#2101=VECTOR('',#6968,10.);
#2102=VECTOR('',#6971,10.);
#2103=VECTOR('',#6972,10.);
#2104=VECTOR('',#6973,10.);
#2105=VECTOR('',#6976,10.);
#2106=VECTOR('',#6977,10.);
#2107=VECTOR('',#6978,10.);
#2108=VECTOR('',#6981,10.);
#2109=VECTOR('',#6982,10.);
#2110=VECTOR('',#6985,10.);
#2111=VECTOR('',#6986,10.);
#2112=VECTOR('',#6989,10.);
#2113=VECTOR('',#6990,10.);
#2114=VECTOR('',#6991,10.);
#2115=VECTOR('',#6994,10.);
#2116=VECTOR('',#6995,10.);
#2117=VECTOR('',#6996,10.);
#2118=VECTOR('',#6999,10.);
#2119=VECTOR('',#7000,10.);
#2120=VECTOR('',#7001,10.);
#2121=VECTOR('',#7002,10.);
#2122=VECTOR('',#7003,10.);
#2123=VECTOR('',#7006,10.);
#2124=VECTOR('',#7007,10.);
#2125=VECTOR('',#7008,10.);
#2126=VECTOR('',#7009,10.);
#2127=VECTOR('',#7010,10.);
#2128=VECTOR('',#7011,10.);
#2129=VECTOR('',#7012,10.);
#2130=VECTOR('',#7015,10.);
#2131=VECTOR('',#7016,10.);
#2132=VECTOR('',#7017,10.);
#2133=VECTOR('',#7020,10.);
#2134=VECTOR('',#7021,10.);
#2135=VECTOR('',#7022,10.);
#2136=VECTOR('',#7025,10.);
#2137=VECTOR('',#7026,10.);
#2138=VECTOR('',#7027,10.);
#2139=VECTOR('',#7030,10.);
#2140=VECTOR('',#7031,10.);
#2141=VECTOR('',#7032,10.);
#2142=VECTOR('',#7035,10.);
#2143=VECTOR('',#7036,10.);
#2144=VECTOR('',#7037,10.);
#2145=VECTOR('',#7040,10.);
#2146=VECTOR('',#7041,10.);
#2147=VECTOR('',#7042,10.);
#2148=VECTOR('',#7045,10.);
#2149=VECTOR('',#7046,10.);
#2150=VECTOR('',#7049,10.);
#2151=VECTOR('',#7050,10.);
#2152=VECTOR('',#7051,10.);
#2153=VECTOR('',#7052,10.);
#2154=VECTOR('',#7053,10.);
#2155=VECTOR('',#7054,10.);
#2156=VECTOR('',#7055,10.);
#2157=VECTOR('',#7056,10.);
#2158=VECTOR('',#7057,10.);
#2159=VECTOR('',#7058,10.);
#2160=VECTOR('',#7059,10.);
#2161=VECTOR('',#7060,10.);
#2162=VECTOR('',#7061,10.);
#2163=VECTOR('',#7062,10.);
#2164=VECTOR('',#7067,10.);
#2165=VECTOR('',#7068,10.);
#2166=VECTOR('',#7069,10.);
#2167=VECTOR('',#7070,10.);
#2168=VECTOR('',#7073,10.);
#2169=VECTOR('',#7074,10.);
#2170=VECTOR('',#7075,10.);
#2171=VECTOR('',#7078,10.);
#2172=VECTOR('',#7079,10.);
#2173=VECTOR('',#7080,10.);
#2174=VECTOR('',#7083,10.);
#2175=VECTOR('',#7084,10.);
#2176=VECTOR('',#7085,10.);
#2177=VECTOR('',#7088,10.);
#2178=VECTOR('',#7089,10.);
#2179=VECTOR('',#7090,10.);
#2180=VECTOR('',#7093,10.);
#2181=VECTOR('',#7094,10.);
#2182=VECTOR('',#7099,10.);
#2183=VECTOR('',#7100,10.);
#2184=VECTOR('',#7101,10.);
#2185=VECTOR('',#7102,10.);
#2186=VECTOR('',#7105,10.);
#2187=VECTOR('',#7106,10.);
#2188=VECTOR('',#7107,10.);
#2189=VECTOR('',#7110,10.);
#2190=VECTOR('',#7111,10.);
#2191=VECTOR('',#7112,10.);
#2192=VECTOR('',#7115,10.);
#2193=VECTOR('',#7116,10.);
#2194=VECTOR('',#7117,10.);
#2195=VECTOR('',#7120,10.);
#2196=VECTOR('',#7121,10.);
#2197=VECTOR('',#7122,10.);
#2198=VECTOR('',#7125,10.);
#2199=VECTOR('',#7126,10.);
#2200=VECTOR('',#7127,10.);
#2201=VECTOR('',#7130,10.);
#2202=VECTOR('',#7131,10.);
#2203=VECTOR('',#7132,10.);
#2204=VECTOR('',#7135,10.);
#2205=VECTOR('',#7136,10.);
#2206=VECTOR('',#7137,10.);
#2207=VECTOR('',#7140,10.);
#2208=VECTOR('',#7141,10.);
#2209=VECTOR('',#7142,10.);
#2210=VECTOR('',#7145,10.);
#2211=VECTOR('',#7146,10.);
#2212=VECTOR('',#7147,10.);
#2213=VECTOR('',#7150,10.);
#2214=VECTOR('',#7151,10.);
#2215=VECTOR('',#7152,10.);
#2216=VECTOR('',#7155,10.);
#2217=VECTOR('',#7156,10.);
#2218=VECTOR('',#7161,10.);
#2219=VECTOR('',#7162,10.);
#2220=VECTOR('',#7163,10.);
#2221=VECTOR('',#7164,10.);
#2222=VECTOR('',#7165,10.);
#2223=VECTOR('',#7166,10.);
#2224=VECTOR('',#7167,10.);
#2225=VECTOR('',#7168,10.);
#2226=VECTOR('',#7169,10.);
#2227=VECTOR('',#7170,10.);
#2228=VECTOR('',#7171,10.);
#2229=VECTOR('',#7172,10.);
#2230=VECTOR('',#7173,10.);
#2231=VECTOR('',#7174,10.);
#2232=VECTOR('',#7175,10.);
#2233=VECTOR('',#7176,10.);
#2234=VECTOR('',#7193,10.);
#2235=VECTOR('',#7194,10.);
#2236=VECTOR('',#7195,10.);
#2237=VECTOR('',#7198,10.);
#2238=VECTOR('',#7199,10.);
#2239=VECTOR('',#7202,10.);
#2240=VECTOR('',#7203,10.);
#2241=VECTOR('',#7206,10.);
#2242=VECTOR('',#7209,10.);
#2243=VECTOR('',#7210,10.);
#2244=VECTOR('',#7211,10.);
#2245=VECTOR('',#7214,10.);
#2246=VECTOR('',#7215,10.);
#2247=VECTOR('',#7218,10.);
#2248=VECTOR('',#7219,10.);
#2249=VECTOR('',#7222,10.);
#2250=VECTOR('',#7225,10.);
#2251=VECTOR('',#7226,10.);
#2252=VECTOR('',#7227,10.);
#2253=VECTOR('',#7230,10.);
#2254=VECTOR('',#7231,10.);
#2255=VECTOR('',#7234,10.);
#2256=VECTOR('',#7235,10.);
#2257=VECTOR('',#7238,10.);
#2258=VECTOR('',#7241,10.);
#2259=VECTOR('',#7242,10.);
#2260=VECTOR('',#7243,10.);
#2261=VECTOR('',#7244,10.);
#2262=VECTOR('',#7247,10.);
#2263=VECTOR('',#7248,10.);
#2264=VECTOR('',#7249,10.);
#2265=VECTOR('',#7252,10.);
#2266=VECTOR('',#7253,10.);
#2267=VECTOR('',#7254,10.);
#2268=VECTOR('',#7257,10.);
#2269=VECTOR('',#7258,10.);
#2270=VECTOR('',#7263,10.);
#2271=VECTOR('',#7264,10.);
#2272=VECTOR('',#7265,10.);
#2273=VECTOR('',#7266,10.);
#2274=VECTOR('',#7269,10.);
#2275=VECTOR('',#7270,10.);
#2276=VECTOR('',#7271,10.);
#2277=VECTOR('',#7274,10.);
#2278=VECTOR('',#7275,10.);
#2279=VECTOR('',#7276,10.);
#2280=VECTOR('',#7279,10.);
#2281=VECTOR('',#7280,10.);
#2282=VECTOR('',#7285,10.);
#2283=VECTOR('',#7286,10.);
#2284=VECTOR('',#7287,10.);
#2285=VECTOR('',#7288,10.);
#2286=VECTOR('',#7291,10.);
#2287=VECTOR('',#7292,10.);
#2288=VECTOR('',#7293,10.);
#2289=VECTOR('',#7294,10.);
#2290=VECTOR('',#7295,10.);
#2291=VECTOR('',#7298,10.);
#2292=VECTOR('',#7299,10.);
#2293=VECTOR('',#7302,10.);
#2294=VECTOR('',#7303,10.);
#2295=VECTOR('',#7304,10.);
#2296=VECTOR('',#7305,10.);
#2297=VECTOR('',#7308,10.);
#2298=VECTOR('',#7309,10.);
#2299=VECTOR('',#7310,10.);
#2300=VECTOR('',#7313,10.);
#2301=VECTOR('',#7314,10.);
#2302=VECTOR('',#7315,10.);
#2303=VECTOR('',#7316,10.);
#2304=VECTOR('',#7319,10.);
#2305=VECTOR('',#7320,10.);
#2306=VECTOR('',#7321,10.);
#2307=VECTOR('',#7322,10.);
#2308=VECTOR('',#7325,10.);
#2309=VECTOR('',#7328,10.);
#2310=VECTOR('',#7329,10.);
#2311=VECTOR('',#7332,10.);
#2312=VECTOR('',#7333,10.);
#2313=VECTOR('',#7334,10.);
#2314=VECTOR('',#7335,10.);
#2315=VECTOR('',#7336,10.);
#2316=VECTOR('',#7339,10.);
#2317=VECTOR('',#7340,10.);
#2318=VECTOR('',#7341,10.);
#2319=VECTOR('',#7344,10.);
#2320=VECTOR('',#7345,10.);
#2321=VECTOR('',#7346,10.);
#2322=VECTOR('',#7347,10.);
#2323=VECTOR('',#7348,10.);
#2324=VECTOR('',#7351,10.);
#2325=VECTOR('',#7352,10.);
#2326=VECTOR('',#7353,10.);
#2327=VECTOR('',#7354,10.);
#2328=VECTOR('',#7355,10.);
#2329=VECTOR('',#7358,10.);
#2330=VECTOR('',#7359,10.);
#2331=VECTOR('',#7362,10.);
#2332=VECTOR('',#7363,10.);
#2333=VECTOR('',#7366,10.);
#2334=VECTOR('',#7371,10.);
#2335=VECTOR('',#7372,10.);
#2336=VECTOR('',#7375,10.);
#2337=VECTOR('',#7378,10.);
#2338=B_SPLINE_CURVE_WITH_KNOTS('',2,(#7394,#7395,#7396,#7397),
 .UNSPECIFIED.,.F.,.F.,(3,1,3),(0.,1.,2.),.UNSPECIFIED.);
#2339=B_SPLINE_CURVE_WITH_KNOTS('',2,(#7401,#7402,#7403,#7404),
 .UNSPECIFIED.,.F.,.F.,(3,1,3),(0.,1.,2.),.UNSPECIFIED.);
#2340=B_SPLINE_CURVE_WITH_KNOTS('',2,(#7433,#7434,#7435,#7436),
 .UNSPECIFIED.,.F.,.F.,(3,1,3),(0.,1.,2.),.UNSPECIFIED.);
#2341=B_SPLINE_CURVE_WITH_KNOTS('',2,(#7438,#7439,#7440,#7441),
 .UNSPECIFIED.,.F.,.F.,(3,1,3),(0.,1.,2.),.UNSPECIFIED.);
#2342=B_SPLINE_CURVE_WITH_KNOTS('',2,(#7452,#7453,#7454,#7455),
 .UNSPECIFIED.,.F.,.F.,(3,1,3),(0.,1.,2.),.UNSPECIFIED.);
#2343=B_SPLINE_CURVE_WITH_KNOTS('',2,(#7457,#7458,#7459,#7460),
 .UNSPECIFIED.,.F.,.F.,(3,1,3),(0.,1.,2.),.UNSPECIFIED.);
#2344=B_SPLINE_CURVE_WITH_KNOTS('',2,(#7470,#7471,#7472,#7473),
 .UNSPECIFIED.,.F.,.F.,(3,1,3),(0.,1.,2.),.UNSPECIFIED.);
#2345=B_SPLINE_CURVE_WITH_KNOTS('',2,(#7474,#7475,#7476,#7477),
 .UNSPECIFIED.,.F.,.F.,(3,1,3),(0.,1.,2.),.UNSPECIFIED.);
#2346=B_SPLINE_CURVE_WITH_KNOTS('',2,(#7496,#7497,#7498,#7499),
 .UNSPECIFIED.,.F.,.F.,(3,1,3),(0.,1.,2.),.UNSPECIFIED.);
#2347=B_SPLINE_CURVE_WITH_KNOTS('',2,(#7502,#7503,#7504,#7505),
 .UNSPECIFIED.,.F.,.F.,(3,1,3),(0.,1.,2.),.UNSPECIFIED.);
#2348=B_SPLINE_CURVE_WITH_KNOTS('',2,(#7515,#7516,#7517,#7518),
 .UNSPECIFIED.,.F.,.F.,(3,1,3),(0.,1.,2.),.UNSPECIFIED.);
#2349=B_SPLINE_CURVE_WITH_KNOTS('',2,(#7521,#7522,#7523,#7524),
 .UNSPECIFIED.,.F.,.F.,(3,1,3),(0.,1.,2.),.UNSPECIFIED.);
#2350=B_SPLINE_CURVE_WITH_KNOTS('',2,(#7534,#7535,#7536,#7537),
 .UNSPECIFIED.,.F.,.F.,(3,1,3),(0.,1.,2.),.UNSPECIFIED.);
#2351=B_SPLINE_CURVE_WITH_KNOTS('',2,(#7540,#7541,#7542,#7543),
 .UNSPECIFIED.,.F.,.F.,(3,1,3),(0.,1.,2.),.UNSPECIFIED.);
#2352=B_SPLINE_CURVE_WITH_KNOTS('',2,(#7680,#7681,#7682,#7683),
 .UNSPECIFIED.,.F.,.F.,(3,1,3),(0.,1.,2.),.UNSPECIFIED.);
#2353=B_SPLINE_CURVE_WITH_KNOTS('',2,(#7687,#7688,#7689,#7690),
 .UNSPECIFIED.,.F.,.F.,(3,1,3),(0.,1.,2.),.UNSPECIFIED.);
#2354=B_SPLINE_CURVE_WITH_KNOTS('',2,(#7701,#7702,#7703,#7704),
 .UNSPECIFIED.,.F.,.F.,(3,1,3),(0.,1.,2.),.UNSPECIFIED.);
#2355=B_SPLINE_CURVE_WITH_KNOTS('',2,(#7707,#7708,#7709,#7710),
 .UNSPECIFIED.,.F.,.F.,(3,1,3),(0.,1.,2.),.UNSPECIFIED.);
#2356=B_SPLINE_CURVE_WITH_KNOTS('',2,(#7732,#7733,#7734,#7735),
 .UNSPECIFIED.,.F.,.F.,(3,1,3),(0.,1.,2.),.UNSPECIFIED.);
#2357=B_SPLINE_CURVE_WITH_KNOTS('',2,(#7738,#7739,#7740,#7741),
 .UNSPECIFIED.,.F.,.F.,(3,1,3),(0.,1.,2.),.UNSPECIFIED.);
#2358=B_SPLINE_CURVE_WITH_KNOTS('',2,(#7751,#7752,#7753,#7754),
 .UNSPECIFIED.,.F.,.F.,(3,1,3),(0.,1.,2.),.UNSPECIFIED.);
#2359=B_SPLINE_CURVE_WITH_KNOTS('',2,(#7757,#7758,#7759,#7760),
 .UNSPECIFIED.,.F.,.F.,(3,1,3),(0.,1.,2.),.UNSPECIFIED.);
#2360=B_SPLINE_CURVE_WITH_KNOTS('',2,(#7770,#7771,#7772,#7773),
 .UNSPECIFIED.,.F.,.F.,(3,1,3),(0.,1.,2.),.UNSPECIFIED.);
#2361=B_SPLINE_CURVE_WITH_KNOTS('',2,(#7776,#7777,#7778,#7779),
 .UNSPECIFIED.,.F.,.F.,(3,1,3),(0.,1.,2.),.UNSPECIFIED.);
#2362=B_SPLINE_CURVE_WITH_KNOTS('',2,(#7789,#7790,#7791,#7792),
 .UNSPECIFIED.,.F.,.F.,(3,1,3),(0.,1.,2.),.UNSPECIFIED.);
#2363=B_SPLINE_CURVE_WITH_KNOTS('',2,(#7795,#7796,#7797,#7798),
 .UNSPECIFIED.,.F.,.F.,(3,1,3),(0.,1.,2.),.UNSPECIFIED.);
#2364=B_SPLINE_CURVE_WITH_KNOTS('',2,(#7808,#7809,#7810,#7811),
 .UNSPECIFIED.,.F.,.F.,(3,1,3),(0.,1.,2.),.UNSPECIFIED.);
#2365=B_SPLINE_CURVE_WITH_KNOTS('',2,(#7814,#7815,#7816,#7817),
 .UNSPECIFIED.,.F.,.F.,(3,1,3),(0.,1.,2.),.UNSPECIFIED.);
#2366=B_SPLINE_CURVE_WITH_KNOTS('',2,(#7827,#7828,#7829,#7830),
 .UNSPECIFIED.,.F.,.F.,(3,1,3),(0.,1.,2.),.UNSPECIFIED.);
#2367=B_SPLINE_CURVE_WITH_KNOTS('',2,(#7833,#7834,#7835,#7836),
 .UNSPECIFIED.,.F.,.F.,(3,1,3),(0.,1.,2.),.UNSPECIFIED.);
#2368=B_SPLINE_CURVE_WITH_KNOTS('',2,(#7846,#7847,#7848,#7849),
 .UNSPECIFIED.,.F.,.F.,(3,1,3),(0.,1.,2.),.UNSPECIFIED.);
#2369=B_SPLINE_CURVE_WITH_KNOTS('',2,(#7852,#7853,#7854,#7855),
 .UNSPECIFIED.,.F.,.F.,(3,1,3),(0.,1.,2.),.UNSPECIFIED.);
#2370=B_SPLINE_CURVE_WITH_KNOTS('',2,(#7865,#7866,#7867,#7868),
 .UNSPECIFIED.,.F.,.F.,(3,1,3),(0.,1.,2.),.UNSPECIFIED.);
#2371=B_SPLINE_CURVE_WITH_KNOTS('',2,(#7871,#7872,#7873,#7874),
 .UNSPECIFIED.,.F.,.F.,(3,1,3),(0.,1.,2.),.UNSPECIFIED.);
#2372=B_SPLINE_CURVE_WITH_KNOTS('',2,(#7896,#7897,#7898,#7899),
 .UNSPECIFIED.,.F.,.F.,(3,1,3),(0.,1.,2.),.UNSPECIFIED.);
#2373=B_SPLINE_CURVE_WITH_KNOTS('',2,(#7902,#7903,#7904,#7905),
 .UNSPECIFIED.,.F.,.F.,(3,1,3),(0.,1.,2.),.UNSPECIFIED.);
#2374=B_SPLINE_CURVE_WITH_KNOTS('',2,(#7915,#7916,#7917,#7918),
 .UNSPECIFIED.,.F.,.F.,(3,1,3),(0.,1.,2.),.UNSPECIFIED.);
#2375=B_SPLINE_CURVE_WITH_KNOTS('',2,(#7921,#7922,#7923,#7924),
 .UNSPECIFIED.,.F.,.F.,(3,1,3),(0.,1.,2.),.UNSPECIFIED.);
#2376=B_SPLINE_CURVE_WITH_KNOTS('',2,(#7934,#7935,#7936,#7937),
 .UNSPECIFIED.,.F.,.F.,(3,1,3),(0.,1.,2.),.UNSPECIFIED.);
#2377=B_SPLINE_CURVE_WITH_KNOTS('',2,(#7940,#7941,#7942,#7943),
 .UNSPECIFIED.,.F.,.F.,(3,1,3),(0.,1.,2.),.UNSPECIFIED.);
#2378=B_SPLINE_CURVE_WITH_KNOTS('',2,(#7953,#7954,#7955,#7956),
 .UNSPECIFIED.,.F.,.F.,(3,1,3),(0.,1.,2.),.UNSPECIFIED.);
#2379=B_SPLINE_CURVE_WITH_KNOTS('',2,(#7959,#7960,#7961,#7962),
 .UNSPECIFIED.,.F.,.F.,(3,1,3),(0.,1.,2.),.UNSPECIFIED.);
#2380=B_SPLINE_CURVE_WITH_KNOTS('',2,(#7972,#7973,#7974,#7975),
 .UNSPECIFIED.,.F.,.F.,(3,1,3),(0.,1.,2.),.UNSPECIFIED.);
#2381=B_SPLINE_CURVE_WITH_KNOTS('',2,(#7978,#7979,#7980,#7981),
 .UNSPECIFIED.,.F.,.F.,(3,1,3),(0.,1.,2.),.UNSPECIFIED.);
#2382=B_SPLINE_CURVE_WITH_KNOTS('',2,(#7990,#7991,#7992,#7993),
 .UNSPECIFIED.,.F.,.F.,(3,1,3),(0.,1.,2.),.UNSPECIFIED.);
#2383=B_SPLINE_CURVE_WITH_KNOTS('',2,(#7994,#7995,#7996,#7997),
 .UNSPECIFIED.,.F.,.F.,(3,1,3),(0.,1.,2.),.UNSPECIFIED.);
#2384=B_SPLINE_CURVE_WITH_KNOTS('',2,(#8009,#8010,#8011,#8012),
 .UNSPECIFIED.,.F.,.F.,(3,1,3),(0.,1.,2.),.UNSPECIFIED.);
#2385=B_SPLINE_CURVE_WITH_KNOTS('',2,(#8016,#8017,#8018,#8019),
 .UNSPECIFIED.,.F.,.F.,(3,1,3),(0.,1.,2.),.UNSPECIFIED.);
#2386=B_SPLINE_CURVE_WITH_KNOTS('',2,(#8048,#8049,#8050,#8051),
 .UNSPECIFIED.,.F.,.F.,(3,1,3),(0.,1.,2.),.UNSPECIFIED.);
#2387=B_SPLINE_CURVE_WITH_KNOTS('',2,(#8053,#8054,#8055,#8056),
 .UNSPECIFIED.,.F.,.F.,(3,1,3),(0.,1.,2.),.UNSPECIFIED.);
#2388=B_SPLINE_CURVE_WITH_KNOTS('',2,(#8067,#8068,#8069,#8070),
 .UNSPECIFIED.,.F.,.F.,(3,1,3),(0.,1.,2.),.UNSPECIFIED.);
#2389=B_SPLINE_CURVE_WITH_KNOTS('',2,(#8072,#8073,#8074,#8075),
 .UNSPECIFIED.,.F.,.F.,(3,1,3),(0.,1.,2.),.UNSPECIFIED.);
#2390=B_SPLINE_CURVE_WITH_KNOTS('',2,(#8085,#8086,#8087,#8088),
 .UNSPECIFIED.,.F.,.F.,(3,1,3),(0.,1.,2.),.UNSPECIFIED.);
#2391=B_SPLINE_CURVE_WITH_KNOTS('',2,(#8089,#8090,#8091,#8092),
 .UNSPECIFIED.,.F.,.F.,(3,1,3),(0.,1.,2.),.UNSPECIFIED.);
#2392=B_SPLINE_CURVE_WITH_KNOTS('',2,(#8111,#8112,#8113,#8114),
 .UNSPECIFIED.,.F.,.F.,(3,1,3),(0.,1.,2.),.UNSPECIFIED.);
#2393=B_SPLINE_CURVE_WITH_KNOTS('',2,(#8117,#8118,#8119,#8120),
 .UNSPECIFIED.,.F.,.F.,(3,1,3),(0.,1.,2.),.UNSPECIFIED.);
#2394=B_SPLINE_CURVE_WITH_KNOTS('',2,(#8130,#8131,#8132,#8133),
 .UNSPECIFIED.,.F.,.F.,(3,1,3),(0.,1.,2.),.UNSPECIFIED.);
#2395=B_SPLINE_CURVE_WITH_KNOTS('',2,(#8136,#8137,#8138,#8139),
 .UNSPECIFIED.,.F.,.F.,(3,1,3),(0.,1.,2.),.UNSPECIFIED.);
#2396=B_SPLINE_CURVE_WITH_KNOTS('',2,(#8149,#8150,#8151,#8152),
 .UNSPECIFIED.,.F.,.F.,(3,1,3),(0.,1.,2.),.UNSPECIFIED.);
#2397=B_SPLINE_CURVE_WITH_KNOTS('',2,(#8155,#8156,#8157,#8158),
 .UNSPECIFIED.,.F.,.F.,(3,1,3),(0.,1.,2.),.UNSPECIFIED.);
#2398=B_SPLINE_CURVE_WITH_KNOTS('',2,(#8398,#8399,#8400,#8401),
 .UNSPECIFIED.,.F.,.F.,(3,1,3),(0.,1.,2.),.UNSPECIFIED.);
#2399=B_SPLINE_CURVE_WITH_KNOTS('',2,(#8405,#8406,#8407,#8408),
 .UNSPECIFIED.,.F.,.F.,(3,1,3),(0.,1.,2.),.UNSPECIFIED.);
#2400=B_SPLINE_CURVE_WITH_KNOTS('',2,(#8437,#8438,#8439,#8440),
 .UNSPECIFIED.,.F.,.F.,(3,1,3),(0.,1.,2.),.UNSPECIFIED.);
#2401=B_SPLINE_CURVE_WITH_KNOTS('',2,(#8442,#8443,#8444,#8445),
 .UNSPECIFIED.,.F.,.F.,(3,1,3),(0.,1.,2.),.UNSPECIFIED.);
#2402=B_SPLINE_CURVE_WITH_KNOTS('',2,(#8456,#8457,#8458,#8459),
 .UNSPECIFIED.,.F.,.F.,(3,1,3),(0.,1.,2.),.UNSPECIFIED.);
#2403=B_SPLINE_CURVE_WITH_KNOTS('',2,(#8461,#8462,#8463,#8464),
 .UNSPECIFIED.,.F.,.F.,(3,1,3),(0.,1.,2.),.UNSPECIFIED.);
#2404=B_SPLINE_CURVE_WITH_KNOTS('',2,(#8474,#8475,#8476,#8477),
 .UNSPECIFIED.,.F.,.F.,(3,1,3),(0.,1.,2.),.UNSPECIFIED.);
#2405=B_SPLINE_CURVE_WITH_KNOTS('',2,(#8478,#8479,#8480,#8481),
 .UNSPECIFIED.,.F.,.F.,(3,1,3),(0.,1.,2.),.UNSPECIFIED.);
#2406=B_SPLINE_CURVE_WITH_KNOTS('',2,(#8500,#8501,#8502,#8503),
 .UNSPECIFIED.,.F.,.F.,(3,1,3),(0.,1.,2.),.UNSPECIFIED.);
#2407=B_SPLINE_CURVE_WITH_KNOTS('',2,(#8506,#8507,#8508,#8509),
 .UNSPECIFIED.,.F.,.F.,(3,1,3),(0.,1.,2.),.UNSPECIFIED.);
#2408=B_SPLINE_CURVE_WITH_KNOTS('',2,(#8519,#8520,#8521,#8522),
 .UNSPECIFIED.,.F.,.F.,(3,1,3),(0.,1.,2.),.UNSPECIFIED.);
#2409=B_SPLINE_CURVE_WITH_KNOTS('',2,(#8525,#8526,#8527,#8528),
 .UNSPECIFIED.,.F.,.F.,(3,1,3),(0.,1.,2.),.UNSPECIFIED.);
#2410=B_SPLINE_CURVE_WITH_KNOTS('',2,(#8538,#8539,#8540,#8541),
 .UNSPECIFIED.,.F.,.F.,(3,1,3),(0.,1.,2.),.UNSPECIFIED.);
#2411=B_SPLINE_CURVE_WITH_KNOTS('',2,(#8544,#8545,#8546,#8547),
 .UNSPECIFIED.,.F.,.F.,(3,1,3),(0.,1.,2.),.UNSPECIFIED.);
#2412=B_SPLINE_CURVE_WITH_KNOTS('',2,(#8884,#8885,#8886,#8887),
 .UNSPECIFIED.,.F.,.F.,(3,1,3),(0.,1.,2.),.UNSPECIFIED.);
#2413=B_SPLINE_CURVE_WITH_KNOTS('',2,(#8891,#8892,#8893,#8894),
 .UNSPECIFIED.,.F.,.F.,(3,1,3),(0.,1.,2.),.UNSPECIFIED.);
#2414=B_SPLINE_CURVE_WITH_KNOTS('',2,(#8905,#8906,#8907,#8908),
 .UNSPECIFIED.,.F.,.F.,(3,1,3),(0.,1.,2.),.UNSPECIFIED.);
#2415=B_SPLINE_CURVE_WITH_KNOTS('',2,(#8910,#8911,#8912,#8913),
 .UNSPECIFIED.,.F.,.F.,(3,1,3),(0.,1.,2.),.UNSPECIFIED.);
#2416=B_SPLINE_CURVE_WITH_KNOTS('',2,(#8924,#8925,#8926,#8927),
 .UNSPECIFIED.,.F.,.F.,(3,1,3),(0.,1.,2.),.UNSPECIFIED.);
#2417=B_SPLINE_CURVE_WITH_KNOTS('',2,(#8929,#8930,#8931,#8932),
 .UNSPECIFIED.,.F.,.F.,(3,1,3),(0.,1.,2.),.UNSPECIFIED.);
#2418=B_SPLINE_CURVE_WITH_KNOTS('',2,(#8943,#8944,#8945,#8946),
 .UNSPECIFIED.,.F.,.F.,(3,1,3),(0.,1.,2.),.UNSPECIFIED.);
#2419=B_SPLINE_CURVE_WITH_KNOTS('',2,(#8948,#8949,#8950,#8951),
 .UNSPECIFIED.,.F.,.F.,(3,1,3),(0.,1.,2.),.UNSPECIFIED.);
#2420=B_SPLINE_CURVE_WITH_KNOTS('',2,(#8962,#8963,#8964,#8965),
 .UNSPECIFIED.,.F.,.F.,(3,1,3),(0.,1.,2.),.UNSPECIFIED.);
#2421=B_SPLINE_CURVE_WITH_KNOTS('',2,(#8967,#8968,#8969,#8970),
 .UNSPECIFIED.,.F.,.F.,(3,1,3),(0.,1.,2.),.UNSPECIFIED.);
#2422=B_SPLINE_CURVE_WITH_KNOTS('',2,(#8980,#8981,#8982,#8983),
 .UNSPECIFIED.,.F.,.F.,(3,1,3),(0.,1.,2.),.UNSPECIFIED.);
#2423=B_SPLINE_CURVE_WITH_KNOTS('',2,(#8984,#8985,#8986,#8987),
 .UNSPECIFIED.,.F.,.F.,(3,1,3),(0.,1.,2.),.UNSPECIFIED.);
#2424=B_SPLINE_CURVE_WITH_KNOTS('',2,(#8998,#8999,#9000,#9001),
 .UNSPECIFIED.,.F.,.F.,(3,1,3),(0.,1.,2.),.UNSPECIFIED.);
#2425=B_SPLINE_CURVE_WITH_KNOTS('',2,(#9005,#9006,#9007,#9008),
 .UNSPECIFIED.,.F.,.F.,(3,1,3),(0.,1.,2.),.UNSPECIFIED.);
#2426=B_SPLINE_CURVE_WITH_KNOTS('',2,(#9019,#9020,#9021,#9022),
 .UNSPECIFIED.,.F.,.F.,(3,1,3),(0.,1.,2.),.UNSPECIFIED.);
#2427=B_SPLINE_CURVE_WITH_KNOTS('',2,(#9025,#9026,#9027,#9028),
 .UNSPECIFIED.,.F.,.F.,(3,1,3),(0.,1.,2.),.UNSPECIFIED.);
#2428=B_SPLINE_CURVE_WITH_KNOTS('',2,(#9038,#9039,#9040,#9041),
 .UNSPECIFIED.,.F.,.F.,(3,1,3),(0.,1.,2.),.UNSPECIFIED.);
#2429=B_SPLINE_CURVE_WITH_KNOTS('',2,(#9044,#9045,#9046,#9047),
 .UNSPECIFIED.,.F.,.F.,(3,1,3),(0.,1.,2.),.UNSPECIFIED.);
#2430=B_SPLINE_CURVE_WITH_KNOTS('',2,(#9057,#9058,#9059,#9060),
 .UNSPECIFIED.,.F.,.F.,(3,1,3),(0.,1.,2.),.UNSPECIFIED.);
#2431=B_SPLINE_CURVE_WITH_KNOTS('',2,(#9063,#9064,#9065,#9066),
 .UNSPECIFIED.,.F.,.F.,(3,1,3),(0.,1.,2.),.UNSPECIFIED.);
#2432=B_SPLINE_CURVE_WITH_KNOTS('',2,(#9076,#9077,#9078,#9079),
 .UNSPECIFIED.,.F.,.F.,(3,1,3),(0.,1.,2.),.UNSPECIFIED.);
#2433=B_SPLINE_CURVE_WITH_KNOTS('',2,(#9082,#9083,#9084,#9085),
 .UNSPECIFIED.,.F.,.F.,(3,1,3),(0.,1.,2.),.UNSPECIFIED.);
#2434=B_SPLINE_CURVE_WITH_KNOTS('',2,(#9095,#9096,#9097,#9098),
 .UNSPECIFIED.,.F.,.F.,(3,1,3),(0.,1.,2.),.UNSPECIFIED.);
#2435=B_SPLINE_CURVE_WITH_KNOTS('',2,(#9101,#9102,#9103,#9104),
 .UNSPECIFIED.,.F.,.F.,(3,1,3),(0.,1.,2.),.UNSPECIFIED.);
#2436=B_SPLINE_CURVE_WITH_KNOTS('',2,(#9114,#9115,#9116,#9117),
 .UNSPECIFIED.,.F.,.F.,(3,1,3),(0.,1.,2.),.UNSPECIFIED.);
#2437=B_SPLINE_CURVE_WITH_KNOTS('',2,(#9120,#9121,#9122,#9123),
 .UNSPECIFIED.,.F.,.F.,(3,1,3),(0.,1.,2.),.UNSPECIFIED.);
#2438=B_SPLINE_CURVE_WITH_KNOTS('',2,(#9132,#9133,#9134,#9135),
 .UNSPECIFIED.,.F.,.F.,(3,1,3),(0.,1.,2.),.UNSPECIFIED.);
#2439=B_SPLINE_CURVE_WITH_KNOTS('',2,(#9136,#9137,#9138,#9139),
 .UNSPECIFIED.,.F.,.F.,(3,1,3),(0.,1.,2.),.UNSPECIFIED.);
#2440=B_SPLINE_CURVE_WITH_KNOTS('',2,(#9212,#9213,#9214,#9215),
 .UNSPECIFIED.,.F.,.F.,(3,1,3),(0.,1.,2.),.UNSPECIFIED.);
#2441=B_SPLINE_CURVE_WITH_KNOTS('',2,(#9219,#9220,#9221,#9222),
 .UNSPECIFIED.,.F.,.F.,(3,1,3),(0.,1.,2.),.UNSPECIFIED.);
#2442=B_SPLINE_CURVE_WITH_KNOTS('',2,(#9251,#9252,#9253,#9254),
 .UNSPECIFIED.,.F.,.F.,(3,1,3),(0.,1.,2.),.UNSPECIFIED.);
#2443=B_SPLINE_CURVE_WITH_KNOTS('',2,(#9256,#9257,#9258,#9259),
 .UNSPECIFIED.,.F.,.F.,(3,1,3),(0.,1.,2.),.UNSPECIFIED.);
#2444=B_SPLINE_CURVE_WITH_KNOTS('',2,(#9270,#9271,#9272,#9273),
 .UNSPECIFIED.,.F.,.F.,(3,1,3),(0.,1.,2.),.UNSPECIFIED.);
#2445=B_SPLINE_CURVE_WITH_KNOTS('',2,(#9275,#9276,#9277,#9278),
 .UNSPECIFIED.,.F.,.F.,(3,1,3),(0.,1.,2.),.UNSPECIFIED.);
#2446=B_SPLINE_CURVE_WITH_KNOTS('',2,(#9288,#9289,#9290,#9291),
 .UNSPECIFIED.,.F.,.F.,(3,1,3),(0.,1.,2.),.UNSPECIFIED.);
#2447=B_SPLINE_CURVE_WITH_KNOTS('',2,(#9292,#9293,#9294,#9295),
 .UNSPECIFIED.,.F.,.F.,(3,1,3),(0.,1.,2.),.UNSPECIFIED.);
#2448=B_SPLINE_CURVE_WITH_KNOTS('',2,(#9314,#9315,#9316,#9317),
 .UNSPECIFIED.,.F.,.F.,(3,1,3),(0.,1.,2.),.UNSPECIFIED.);
#2449=B_SPLINE_CURVE_WITH_KNOTS('',2,(#9320,#9321,#9322,#9323),
 .UNSPECIFIED.,.F.,.F.,(3,1,3),(0.,1.,2.),.UNSPECIFIED.);
#2450=B_SPLINE_CURVE_WITH_KNOTS('',2,(#9333,#9334,#9335,#9336),
 .UNSPECIFIED.,.F.,.F.,(3,1,3),(0.,1.,2.),.UNSPECIFIED.);
#2451=B_SPLINE_CURVE_WITH_KNOTS('',2,(#9339,#9340,#9341,#9342),
 .UNSPECIFIED.,.F.,.F.,(3,1,3),(0.,1.,2.),.UNSPECIFIED.);
#2452=B_SPLINE_CURVE_WITH_KNOTS('',2,(#9352,#9353,#9354,#9355),
 .UNSPECIFIED.,.F.,.F.,(3,1,3),(0.,1.,2.),.UNSPECIFIED.);
#2453=B_SPLINE_CURVE_WITH_KNOTS('',2,(#9358,#9359,#9360,#9361),
 .UNSPECIFIED.,.F.,.F.,(3,1,3),(0.,1.,2.),.UNSPECIFIED.);
#2454=B_SPLINE_CURVE_WITH_KNOTS('',2,(#9412,#9413,#9414,#9415),
 .UNSPECIFIED.,.F.,.F.,(3,1,3),(0.,1.,2.),.UNSPECIFIED.);
#2455=B_SPLINE_CURVE_WITH_KNOTS('',2,(#9419,#9420,#9421,#9422),
 .UNSPECIFIED.,.F.,.F.,(3,1,3),(0.,1.,2.),.UNSPECIFIED.);
#2456=B_SPLINE_CURVE_WITH_KNOTS('',2,(#9433,#9434,#9435,#9436),
 .UNSPECIFIED.,.F.,.F.,(3,1,3),(0.,1.,2.),.UNSPECIFIED.);
#2457=B_SPLINE_CURVE_WITH_KNOTS('',2,(#9438,#9439,#9440,#9441),
 .UNSPECIFIED.,.F.,.F.,(3,1,3),(0.,1.,2.),.UNSPECIFIED.);
#2458=B_SPLINE_CURVE_WITH_KNOTS('',2,(#9452,#9453,#9454,#9455),
 .UNSPECIFIED.,.F.,.F.,(3,1,3),(0.,1.,2.),.UNSPECIFIED.);
#2459=B_SPLINE_CURVE_WITH_KNOTS('',2,(#9457,#9458,#9459,#9460),
 .UNSPECIFIED.,.F.,.F.,(3,1,3),(0.,1.,2.),.UNSPECIFIED.);
#2460=B_SPLINE_CURVE_WITH_KNOTS('',2,(#9471,#9472,#9473,#9474),
 .UNSPECIFIED.,.F.,.F.,(3,1,3),(0.,1.,2.),.UNSPECIFIED.);
#2461=B_SPLINE_CURVE_WITH_KNOTS('',2,(#9476,#9477,#9478,#9479),
 .UNSPECIFIED.,.F.,.F.,(3,1,3),(0.,1.,2.),.UNSPECIFIED.);
#2462=B_SPLINE_CURVE_WITH_KNOTS('',2,(#9490,#9491,#9492,#9493),
 .UNSPECIFIED.,.F.,.F.,(3,1,3),(0.,1.,2.),.UNSPECIFIED.);
#2463=B_SPLINE_CURVE_WITH_KNOTS('',2,(#9495,#9496,#9497,#9498),
 .UNSPECIFIED.,.F.,.F.,(3,1,3),(0.,1.,2.),.UNSPECIFIED.);
#2464=B_SPLINE_CURVE_WITH_KNOTS('',2,(#9508,#9509,#9510,#9511),
 .UNSPECIFIED.,.F.,.F.,(3,1,3),(0.,1.,2.),.UNSPECIFIED.);
#2465=B_SPLINE_CURVE_WITH_KNOTS('',2,(#9512,#9513,#9514,#9515),
 .UNSPECIFIED.,.F.,.F.,(3,1,3),(0.,1.,2.),.UNSPECIFIED.);
#2466=B_SPLINE_CURVE_WITH_KNOTS('',2,(#9526,#9527,#9528,#9529),
 .UNSPECIFIED.,.F.,.F.,(3,1,3),(0.,1.,2.),.UNSPECIFIED.);
#2467=B_SPLINE_CURVE_WITH_KNOTS('',2,(#9533,#9534,#9535,#9536),
 .UNSPECIFIED.,.F.,.F.,(3,1,3),(0.,1.,2.),.UNSPECIFIED.);
#2468=B_SPLINE_CURVE_WITH_KNOTS('',2,(#9547,#9548,#9549,#9550),
 .UNSPECIFIED.,.F.,.F.,(3,1,3),(0.,1.,2.),.UNSPECIFIED.);
#2469=B_SPLINE_CURVE_WITH_KNOTS('',2,(#9553,#9554,#9555,#9556),
 .UNSPECIFIED.,.F.,.F.,(3,1,3),(0.,1.,2.),.UNSPECIFIED.);
#2470=B_SPLINE_CURVE_WITH_KNOTS('',2,(#9566,#9567,#9568,#9569),
 .UNSPECIFIED.,.F.,.F.,(3,1,3),(0.,1.,2.),.UNSPECIFIED.);
#2471=B_SPLINE_CURVE_WITH_KNOTS('',2,(#9572,#9573,#9574,#9575),
 .UNSPECIFIED.,.F.,.F.,(3,1,3),(0.,1.,2.),.UNSPECIFIED.);
#2472=B_SPLINE_CURVE_WITH_KNOTS('',2,(#9585,#9586,#9587,#9588),
 .UNSPECIFIED.,.F.,.F.,(3,1,3),(0.,1.,2.),.UNSPECIFIED.);
#2473=B_SPLINE_CURVE_WITH_KNOTS('',2,(#9591,#9592,#9593,#9594),
 .UNSPECIFIED.,.F.,.F.,(3,1,3),(0.,1.,2.),.UNSPECIFIED.);
#2474=B_SPLINE_CURVE_WITH_KNOTS('',2,(#9604,#9605,#9606,#9607),
 .UNSPECIFIED.,.F.,.F.,(3,1,3),(0.,1.,2.),.UNSPECIFIED.);
#2475=B_SPLINE_CURVE_WITH_KNOTS('',2,(#9610,#9611,#9612,#9613),
 .UNSPECIFIED.,.F.,.F.,(3,1,3),(0.,1.,2.),.UNSPECIFIED.);
#2476=B_SPLINE_CURVE_WITH_KNOTS('',2,(#9623,#9624,#9625,#9626),
 .UNSPECIFIED.,.F.,.F.,(3,1,3),(0.,1.,2.),.UNSPECIFIED.);
#2477=B_SPLINE_CURVE_WITH_KNOTS('',2,(#9629,#9630,#9631,#9632),
 .UNSPECIFIED.,.F.,.F.,(3,1,3),(0.,1.,2.),.UNSPECIFIED.);
#2478=B_SPLINE_CURVE_WITH_KNOTS('',2,(#9642,#9643,#9644,#9645),
 .UNSPECIFIED.,.F.,.F.,(3,1,3),(0.,1.,2.),.UNSPECIFIED.);
#2479=B_SPLINE_CURVE_WITH_KNOTS('',2,(#9648,#9649,#9650,#9651),
 .UNSPECIFIED.,.F.,.F.,(3,1,3),(0.,1.,2.),.UNSPECIFIED.);
#2480=B_SPLINE_CURVE_WITH_KNOTS('',2,(#9660,#9661,#9662,#9663),
 .UNSPECIFIED.,.F.,.F.,(3,1,3),(0.,1.,2.),.UNSPECIFIED.);
#2481=B_SPLINE_CURVE_WITH_KNOTS('',2,(#9664,#9665,#9666,#9667),
 .UNSPECIFIED.,.F.,.F.,(3,1,3),(0.,1.,2.),.UNSPECIFIED.);
#2482=VERTEX_POINT('',#7392);
#2483=VERTEX_POINT('',#7393);
#2484=VERTEX_POINT('',#7398);
#2485=VERTEX_POINT('',#7400);
#2486=VERTEX_POINT('',#7407);
#2487=VERTEX_POINT('',#7409);
#2488=VERTEX_POINT('',#7413);
#2489=VERTEX_POINT('',#7415);
#2490=VERTEX_POINT('',#7419);
#2491=VERTEX_POINT('',#7421);
#2492=VERTEX_POINT('',#7432);
#2493=VERTEX_POINT('',#7437);
#2494=VERTEX_POINT('',#7451);
#2495=VERTEX_POINT('',#7456);
#2496=VERTEX_POINT('',#7479);
#2497=VERTEX_POINT('',#7480);
#2498=VERTEX_POINT('',#7482);
#2499=VERTEX_POINT('',#7484);
#2500=VERTEX_POINT('',#7495);
#2501=VERTEX_POINT('',#7500);
#2502=VERTEX_POINT('',#7514);
#2503=VERTEX_POINT('',#7519);
#2504=VERTEX_POINT('',#7533);
#2505=VERTEX_POINT('',#7538);
#2506=VERTEX_POINT('',#7545);
#2507=VERTEX_POINT('',#7547);
#2508=VERTEX_POINT('',#7551);
#2509=VERTEX_POINT('',#7553);
#2510=VERTEX_POINT('',#7557);
#2511=VERTEX_POINT('',#7559);
#2512=VERTEX_POINT('',#7563);
#2513=VERTEX_POINT('',#7565);
#2514=VERTEX_POINT('',#7569);
#2515=VERTEX_POINT('',#7571);
#2516=VERTEX_POINT('',#7575);
#2517=VERTEX_POINT('',#7577);
#2518=VERTEX_POINT('',#7585);
#2519=VERTEX_POINT('',#7586);
#2520=VERTEX_POINT('',#7588);
#2521=VERTEX_POINT('',#7590);
#2522=VERTEX_POINT('',#7594);
#2523=VERTEX_POINT('',#7596);
#2524=VERTEX_POINT('',#7600);
#2525=VERTEX_POINT('',#7602);
#2526=VERTEX_POINT('',#7606);
#2527=VERTEX_POINT('',#7608);
#2528=VERTEX_POINT('',#7612);
#2529=VERTEX_POINT('',#7614);
#2530=VERTEX_POINT('',#7622);
#2531=VERTEX_POINT('',#7623);
#2532=VERTEX_POINT('',#7625);
#2533=VERTEX_POINT('',#7627);
#2534=VERTEX_POINT('',#7631);
#2535=VERTEX_POINT('',#7633);
#2536=VERTEX_POINT('',#7637);
#2537=VERTEX_POINT('',#7639);
#2538=VERTEX_POINT('',#7643);
#2539=VERTEX_POINT('',#7645);
#2540=VERTEX_POINT('',#7649);
#2541=VERTEX_POINT('',#7651);
#2542=VERTEX_POINT('',#7655);
#2543=VERTEX_POINT('',#7657);
#2544=VERTEX_POINT('',#7661);
#2545=VERTEX_POINT('',#7663);
#2546=VERTEX_POINT('',#7678);
#2547=VERTEX_POINT('',#7679);
#2548=VERTEX_POINT('',#7684);
#2549=VERTEX_POINT('',#7686);
#2550=VERTEX_POINT('',#7700);
#2551=VERTEX_POINT('',#7705);
#2552=VERTEX_POINT('',#7712);
#2553=VERTEX_POINT('',#7714);
#2554=VERTEX_POINT('',#7718);
#2555=VERTEX_POINT('',#7720);
#2556=VERTEX_POINT('',#7731);
#2557=VERTEX_POINT('',#7736);
#2558=VERTEX_POINT('',#7750);
#2559=VERTEX_POINT('',#7755);
#2560=VERTEX_POINT('',#7769);
#2561=VERTEX_POINT('',#7774);
#2562=VERTEX_POINT('',#7788);
#2563=VERTEX_POINT('',#7793);
#2564=VERTEX_POINT('',#7807);
#2565=VERTEX_POINT('',#7812);
#2566=VERTEX_POINT('',#7826);
#2567=VERTEX_POINT('',#7831);
#2568=VERTEX_POINT('',#7845);
#2569=VERTEX_POINT('',#7850);
#2570=VERTEX_POINT('',#7864);
#2571=VERTEX_POINT('',#7869);
#2572=VERTEX_POINT('',#7876);
#2573=VERTEX_POINT('',#7878);
#2574=VERTEX_POINT('',#7882);
#2575=VERTEX_POINT('',#7884);
#2576=VERTEX_POINT('',#7895);
#2577=VERTEX_POINT('',#7900);
#2578=VERTEX_POINT('',#7914);
#2579=VERTEX_POINT('',#7919);
#2580=VERTEX_POINT('',#7933);
#2581=VERTEX_POINT('',#7938);
#2582=VERTEX_POINT('',#7952);
#2583=VERTEX_POINT('',#7957);
#2584=VERTEX_POINT('',#7971);
#2585=VERTEX_POINT('',#7976);
#2586=VERTEX_POINT('',#8007);
#2587=VERTEX_POINT('',#8008);
#2588=VERTEX_POINT('',#8013);
#2589=VERTEX_POINT('',#8015);
#2590=VERTEX_POINT('',#8022);
#2591=VERTEX_POINT('',#8024);
#2592=VERTEX_POINT('',#8028);
#2593=VERTEX_POINT('',#8030);
#2594=VERTEX_POINT('',#8034);
#2595=VERTEX_POINT('',#8036);
#2596=VERTEX_POINT('',#8047);
#2597=VERTEX_POINT('',#8052);
#2598=VERTEX_POINT('',#8066);
#2599=VERTEX_POINT('',#8071);
#2600=VERTEX_POINT('',#8094);
#2601=VERTEX_POINT('',#8095);
#2602=VERTEX_POINT('',#8097);
#2603=VERTEX_POINT('',#8099);
#2604=VERTEX_POINT('',#8110);
#2605=VERTEX_POINT('',#8115);
#2606=VERTEX_POINT('',#8129);
#2607=VERTEX_POINT('',#8134);
#2608=VERTEX_POINT('',#8148);
#2609=VERTEX_POINT('',#8153);
#2610=VERTEX_POINT('',#8160);
#2611=VERTEX_POINT('',#8162);
#2612=VERTEX_POINT('',#8166);
#2613=VERTEX_POINT('',#8168);
#2614=VERTEX_POINT('',#8172);
#2615=VERTEX_POINT('',#8174);
#2616=VERTEX_POINT('',#8178);
#2617=VERTEX_POINT('',#8180);
#2618=VERTEX_POINT('',#8184);
#2619=VERTEX_POINT('',#8186);
#2620=VERTEX_POINT('',#8190);
#2621=VERTEX_POINT('',#8192);
#2622=VERTEX_POINT('',#8200);
#2623=VERTEX_POINT('',#8201);
#2624=VERTEX_POINT('',#8203);
#2625=VERTEX_POINT('',#8205);
#2626=VERTEX_POINT('',#8209);
#2627=VERTEX_POINT('',#8211);
#2628=VERTEX_POINT('',#8215);
#2629=VERTEX_POINT('',#8217);
#2630=VERTEX_POINT('',#8221);
#2631=VERTEX_POINT('',#8223);
#2632=VERTEX_POINT('',#8227);
#2633=VERTEX_POINT('',#8229);
#2634=VERTEX_POINT('',#8233);
#2635=VERTEX_POINT('',#8235);
#2636=VERTEX_POINT('',#8239);
#2637=VERTEX_POINT('',#8241);
#2638=VERTEX_POINT('',#8249);
#2639=VERTEX_POINT('',#8250);
#2640=VERTEX_POINT('',#8252);
#2641=VERTEX_POINT('',#8254);
#2642=VERTEX_POINT('',#8258);
#2643=VERTEX_POINT('',#8260);
#2644=VERTEX_POINT('',#8267);
#2645=VERTEX_POINT('',#8268);
#2646=VERTEX_POINT('',#8270);
#2647=VERTEX_POINT('',#8272);
#2648=VERTEX_POINT('',#8276);
#2649=VERTEX_POINT('',#8278);
#2650=VERTEX_POINT('',#8282);
#2651=VERTEX_POINT('',#8284);
#2652=VERTEX_POINT('',#8288);
#2653=VERTEX_POINT('',#8290);
#2654=VERTEX_POINT('',#8294);
#2655=VERTEX_POINT('',#8296);
#2656=VERTEX_POINT('',#8300);
#2657=VERTEX_POINT('',#8302);
#2658=VERTEX_POINT('',#8306);
#2659=VERTEX_POINT('',#8308);
#2660=VERTEX_POINT('',#8316);
#2661=VERTEX_POINT('',#8317);
#2662=VERTEX_POINT('',#8319);
#2663=VERTEX_POINT('',#8321);
#2664=VERTEX_POINT('',#8325);
#2665=VERTEX_POINT('',#8327);
#2666=VERTEX_POINT('',#8331);
#2667=VERTEX_POINT('',#8333);
#2668=VERTEX_POINT('',#8337);
#2669=VERTEX_POINT('',#8339);
#2670=VERTEX_POINT('',#8343);
#2671=VERTEX_POINT('',#8345);
#2672=VERTEX_POINT('',#8349);
#2673=VERTEX_POINT('',#8351);
#2674=VERTEX_POINT('',#8355);
#2675=VERTEX_POINT('',#8357);
#2676=VERTEX_POINT('',#8361);
#2677=VERTEX_POINT('',#8363);
#2678=VERTEX_POINT('',#8367);
#2679=VERTEX_POINT('',#8369);
#2680=VERTEX_POINT('',#8373);
#2681=VERTEX_POINT('',#8375);
#2682=VERTEX_POINT('',#8379);
#2683=VERTEX_POINT('',#8381);
#2684=VERTEX_POINT('',#8396);
#2685=VERTEX_POINT('',#8397);
#2686=VERTEX_POINT('',#8402);
#2687=VERTEX_POINT('',#8404);
#2688=VERTEX_POINT('',#8411);
#2689=VERTEX_POINT('',#8413);
#2690=VERTEX_POINT('',#8417);
#2691=VERTEX_POINT('',#8419);
#2692=VERTEX_POINT('',#8423);
#2693=VERTEX_POINT('',#8425);
#2694=VERTEX_POINT('',#8436);
#2695=VERTEX_POINT('',#8441);
#2696=VERTEX_POINT('',#8455);
#2697=VERTEX_POINT('',#8460);
#2698=VERTEX_POINT('',#8483);
#2699=VERTEX_POINT('',#8484);
#2700=VERTEX_POINT('',#8486);
#2701=VERTEX_POINT('',#8488);
#2702=VERTEX_POINT('',#8499);
#2703=VERTEX_POINT('',#8504);
#2704=VERTEX_POINT('',#8518);
#2705=VERTEX_POINT('',#8523);
#2706=VERTEX_POINT('',#8537);
#2707=VERTEX_POINT('',#8542);
#2708=VERTEX_POINT('',#8549);
#2709=VERTEX_POINT('',#8551);
#2710=VERTEX_POINT('',#8555);
#2711=VERTEX_POINT('',#8557);
#2712=VERTEX_POINT('',#8561);
#2713=VERTEX_POINT('',#8563);
#2714=VERTEX_POINT('',#8567);
#2715=VERTEX_POINT('',#8569);
#2716=VERTEX_POINT('',#8573);
#2717=VERTEX_POINT('',#8575);
#2718=VERTEX_POINT('',#8579);
#2719=VERTEX_POINT('',#8581);
#2720=VERTEX_POINT('',#8589);
#2721=VERTEX_POINT('',#8590);
#2722=VERTEX_POINT('',#8592);
#2723=VERTEX_POINT('',#8594);
#2724=VERTEX_POINT('',#8598);
#2725=VERTEX_POINT('',#8600);
#2726=VERTEX_POINT('',#8607);
#2727=VERTEX_POINT('',#8608);
#2728=VERTEX_POINT('',#8610);
#2729=VERTEX_POINT('',#8612);
#2730=VERTEX_POINT('',#8616);
#2731=VERTEX_POINT('',#8618);
#2732=VERTEX_POINT('',#8622);
#2733=VERTEX_POINT('',#8624);
#2734=VERTEX_POINT('',#8628);
#2735=VERTEX_POINT('',#8630);
#2736=VERTEX_POINT('',#8634);
#2737=VERTEX_POINT('',#8636);
#2738=VERTEX_POINT('',#8640);
#2739=VERTEX_POINT('',#8642);
#2740=VERTEX_POINT('',#8646);
#2741=VERTEX_POINT('',#8648);
#2742=VERTEX_POINT('',#8656);
#2743=VERTEX_POINT('',#8657);
#2744=VERTEX_POINT('',#8659);
#2745=VERTEX_POINT('',#8661);
#2746=VERTEX_POINT('',#8665);
#2747=VERTEX_POINT('',#8667);
#2748=VERTEX_POINT('',#8671);
#2749=VERTEX_POINT('',#8673);
#2750=VERTEX_POINT('',#8677);
#2751=VERTEX_POINT('',#8679);
#2752=VERTEX_POINT('',#8683);
#2753=VERTEX_POINT('',#8685);
#2754=VERTEX_POINT('',#8689);
#2755=VERTEX_POINT('',#8691);
#2756=VERTEX_POINT('',#8695);
#2757=VERTEX_POINT('',#8697);
#2758=VERTEX_POINT('',#8701);
#2759=VERTEX_POINT('',#8703);
#2760=VERTEX_POINT('',#8707);
#2761=VERTEX_POINT('',#8709);
#2762=VERTEX_POINT('',#8713);
#2763=VERTEX_POINT('',#8715);
#2764=VERTEX_POINT('',#8719);
#2765=VERTEX_POINT('',#8721);
#2766=VERTEX_POINT('',#8729);
#2767=VERTEX_POINT('',#8730);
#2768=VERTEX_POINT('',#8732);
#2769=VERTEX_POINT('',#8734);
#2770=VERTEX_POINT('',#8738);
#2771=VERTEX_POINT('',#8740);
#2772=VERTEX_POINT('',#8744);
#2773=VERTEX_POINT('',#8746);
#2774=VERTEX_POINT('',#8750);
#2775=VERTEX_POINT('',#8752);
#2776=VERTEX_POINT('',#8756);
#2777=VERTEX_POINT('',#8758);
#2778=VERTEX_POINT('',#8762);
#2779=VERTEX_POINT('',#8764);
#2780=VERTEX_POINT('',#8768);
#2781=VERTEX_POINT('',#8770);
#2782=VERTEX_POINT('',#8774);
#2783=VERTEX_POINT('',#8776);
#2784=VERTEX_POINT('',#8780);
#2785=VERTEX_POINT('',#8782);
#2786=VERTEX_POINT('',#8786);
#2787=VERTEX_POINT('',#8788);
#2788=VERTEX_POINT('',#8792);
#2789=VERTEX_POINT('',#8794);
#2790=VERTEX_POINT('',#8802);
#2791=VERTEX_POINT('',#8803);
#2792=VERTEX_POINT('',#8805);
#2793=VERTEX_POINT('',#8807);
#2794=VERTEX_POINT('',#8811);
#2795=VERTEX_POINT('',#8813);
#2796=VERTEX_POINT('',#8817);
#2797=VERTEX_POINT('',#8819);
#2798=VERTEX_POINT('',#8823);
#2799=VERTEX_POINT('',#8825);
#2800=VERTEX_POINT('',#8829);
#2801=VERTEX_POINT('',#8831);
#2802=VERTEX_POINT('',#8835);
#2803=VERTEX_POINT('',#8837);
#2804=VERTEX_POINT('',#8841);
#2805=VERTEX_POINT('',#8843);
#2806=VERTEX_POINT('',#8847);
#2807=VERTEX_POINT('',#8849);
#2808=VERTEX_POINT('',#8853);
#2809=VERTEX_POINT('',#8855);
#2810=VERTEX_POINT('',#8859);
#2811=VERTEX_POINT('',#8861);
#2812=VERTEX_POINT('',#8865);
#2813=VERTEX_POINT('',#8867);
#2814=VERTEX_POINT('',#8882);
#2815=VERTEX_POINT('',#8883);
#2816=VERTEX_POINT('',#8888);
#2817=VERTEX_POINT('',#8890);
#2818=VERTEX_POINT('',#8904);
#2819=VERTEX_POINT('',#8909);
#2820=VERTEX_POINT('',#8923);
#2821=VERTEX_POINT('',#8928);
#2822=VERTEX_POINT('',#8942);
#2823=VERTEX_POINT('',#8947);
#2824=VERTEX_POINT('',#8961);
#2825=VERTEX_POINT('',#8966);
#2826=VERTEX_POINT('',#8996);
#2827=VERTEX_POINT('',#8997);
#2828=VERTEX_POINT('',#9002);
#2829=VERTEX_POINT('',#9004);
#2830=VERTEX_POINT('',#9018);
#2831=VERTEX_POINT('',#9023);
#2832=VERTEX_POINT('',#9037);
#2833=VERTEX_POINT('',#9042);
#2834=VERTEX_POINT('',#9056);
#2835=VERTEX_POINT('',#9061);
#2836=VERTEX_POINT('',#9075);
#2837=VERTEX_POINT('',#9080);
#2838=VERTEX_POINT('',#9094);
#2839=VERTEX_POINT('',#9099);
#2840=VERTEX_POINT('',#9113);
#2841=VERTEX_POINT('',#9118);
#2842=VERTEX_POINT('',#9142);
#2843=VERTEX_POINT('',#9143);
#2844=VERTEX_POINT('',#9145);
#2845=VERTEX_POINT('',#9147);
#2846=VERTEX_POINT('',#9151);
#2847=VERTEX_POINT('',#9153);
#2848=VERTEX_POINT('',#9157);
#2849=VERTEX_POINT('',#9159);
#2850=VERTEX_POINT('',#9163);
#2851=VERTEX_POINT('',#9165);
#2852=VERTEX_POINT('',#9169);
#2853=VERTEX_POINT('',#9171);
#2854=VERTEX_POINT('',#9175);
#2855=VERTEX_POINT('',#9177);
#2856=VERTEX_POINT('',#9181);
#2857=VERTEX_POINT('',#9183);
#2858=VERTEX_POINT('',#9187);
#2859=VERTEX_POINT('',#9189);
#2860=VERTEX_POINT('',#9193);
#2861=VERTEX_POINT('',#9195);
#2862=VERTEX_POINT('',#9210);
#2863=VERTEX_POINT('',#9211);
#2864=VERTEX_POINT('',#9216);
#2865=VERTEX_POINT('',#9218);
#2866=VERTEX_POINT('',#9225);
#2867=VERTEX_POINT('',#9227);
#2868=VERTEX_POINT('',#9231);
#2869=VERTEX_POINT('',#9233);
#2870=VERTEX_POINT('',#9237);
#2871=VERTEX_POINT('',#9239);
#2872=VERTEX_POINT('',#9250);
#2873=VERTEX_POINT('',#9255);
#2874=VERTEX_POINT('',#9269);
#2875=VERTEX_POINT('',#9274);
#2876=VERTEX_POINT('',#9297);
#2877=VERTEX_POINT('',#9298);
#2878=VERTEX_POINT('',#9300);
#2879=VERTEX_POINT('',#9302);
#2880=VERTEX_POINT('',#9313);
#2881=VERTEX_POINT('',#9318);
#2882=VERTEX_POINT('',#9332);
#2883=VERTEX_POINT('',#9337);
#2884=VERTEX_POINT('',#9351);
#2885=VERTEX_POINT('',#9356);
#2886=VERTEX_POINT('',#9363);
#2887=VERTEX_POINT('',#9365);
#2888=VERTEX_POINT('',#9369);
#2889=VERTEX_POINT('',#9371);
#2890=VERTEX_POINT('',#9375);
#2891=VERTEX_POINT('',#9377);
#2892=VERTEX_POINT('',#9381);
#2893=VERTEX_POINT('',#9383);
#2894=VERTEX_POINT('',#9387);
#2895=VERTEX_POINT('',#9389);
#2896=VERTEX_POINT('',#9393);
#2897=VERTEX_POINT('',#9395);
#2898=VERTEX_POINT('',#9410);
#2899=VERTEX_POINT('',#9411);
#2900=VERTEX_POINT('',#9416);
#2901=VERTEX_POINT('',#9418);
#2902=VERTEX_POINT('',#9432);
#2903=VERTEX_POINT('',#9437);
#2904=VERTEX_POINT('',#9451);
#2905=VERTEX_POINT('',#9456);
#2906=VERTEX_POINT('',#9470);
#2907=VERTEX_POINT('',#9475);
#2908=VERTEX_POINT('',#9489);
#2909=VERTEX_POINT('',#9494);
#2910=VERTEX_POINT('',#9524);
#2911=VERTEX_POINT('',#9525);
#2912=VERTEX_POINT('',#9530);
#2913=VERTEX_POINT('',#9532);
#2914=VERTEX_POINT('',#9546);
#2915=VERTEX_POINT('',#9551);
#2916=VERTEX_POINT('',#9565);
#2917=VERTEX_POINT('',#9570);
#2918=VERTEX_POINT('',#9584);
#2919=VERTEX_POINT('',#9589);
#2920=VERTEX_POINT('',#9603);
#2921=VERTEX_POINT('',#9608);
#2922=VERTEX_POINT('',#9622);
#2923=VERTEX_POINT('',#9627);
#2924=VERTEX_POINT('',#9641);
#2925=VERTEX_POINT('',#9646);
#2926=VERTEX_POINT('',#9670);
#2927=VERTEX_POINT('',#9671);
#2928=VERTEX_POINT('',#9673);
#2929=VERTEX_POINT('',#9675);
#2930=VERTEX_POINT('',#9679);
#2931=VERTEX_POINT('',#9681);
#2932=VERTEX_POINT('',#9685);
#2933=VERTEX_POINT('',#9687);
#2934=VERTEX_POINT('',#9691);
#2935=VERTEX_POINT('',#9693);
#2936=VERTEX_POINT('',#9697);
#2937=VERTEX_POINT('',#9699);
#2938=VERTEX_POINT('',#9707);
#2939=VERTEX_POINT('',#9708);
#2940=VERTEX_POINT('',#9710);
#2941=VERTEX_POINT('',#9712);
#2942=VERTEX_POINT('',#9716);
#2943=VERTEX_POINT('',#9718);
#2944=VERTEX_POINT('',#9722);
#2945=VERTEX_POINT('',#9724);
#2946=VERTEX_POINT('',#9728);
#2947=VERTEX_POINT('',#9730);
#2948=VERTEX_POINT('',#9734);
#2949=VERTEX_POINT('',#9736);
#2950=VERTEX_POINT('',#9740);
#2951=VERTEX_POINT('',#9742);
#2952=VERTEX_POINT('',#9746);
#2953=VERTEX_POINT('',#9748);
#2954=VERTEX_POINT('',#9752);
#2955=VERTEX_POINT('',#9754);
#2956=VERTEX_POINT('',#9758);
#2957=VERTEX_POINT('',#9760);
#2958=VERTEX_POINT('',#9764);
#2959=VERTEX_POINT('',#9766);
#2960=VERTEX_POINT('',#9770);
#2961=VERTEX_POINT('',#9772);
#2962=VERTEX_POINT('',#9780);
#2963=VERTEX_POINT('',#9781);
#2964=VERTEX_POINT('',#9783);
#2965=VERTEX_POINT('',#9785);
#2966=VERTEX_POINT('',#9788);
#2967=VERTEX_POINT('',#9789);
#2968=VERTEX_POINT('',#9791);
#2969=VERTEX_POINT('',#9793);
#2970=VERTEX_POINT('',#9796);
#2971=VERTEX_POINT('',#9797);
#2972=VERTEX_POINT('',#9799);
#2973=VERTEX_POINT('',#9801);
#2974=VERTEX_POINT('',#9804);
#2975=VERTEX_POINT('',#9805);
#2976=VERTEX_POINT('',#9807);
#2977=VERTEX_POINT('',#9809);
#2978=VERTEX_POINT('',#9820);
#2979=VERTEX_POINT('',#9821);
#2980=VERTEX_POINT('',#9826);
#2981=VERTEX_POINT('',#9830);
#2982=VERTEX_POINT('',#9836);
#2983=VERTEX_POINT('',#9837);
#2984=VERTEX_POINT('',#9842);
#2985=VERTEX_POINT('',#9846);
#2986=VERTEX_POINT('',#9852);
#2987=VERTEX_POINT('',#9853);
#2988=VERTEX_POINT('',#9858);
#2989=VERTEX_POINT('',#9862);
#2990=VERTEX_POINT('',#9868);
#2991=VERTEX_POINT('',#9869);
#2992=VERTEX_POINT('',#9871);
#2993=VERTEX_POINT('',#9873);
#2994=VERTEX_POINT('',#9877);
#2995=VERTEX_POINT('',#9879);
#2996=VERTEX_POINT('',#9883);
#2997=VERTEX_POINT('',#9885);
#2998=VERTEX_POINT('',#9893);
#2999=VERTEX_POINT('',#9894);
#3000=VERTEX_POINT('',#9896);
#3001=VERTEX_POINT('',#9898);
#3002=VERTEX_POINT('',#9902);
#3003=VERTEX_POINT('',#9904);
#3004=VERTEX_POINT('',#9908);
#3005=VERTEX_POINT('',#9910);
#3006=VERTEX_POINT('',#9918);
#3007=VERTEX_POINT('',#9919);
#3008=VERTEX_POINT('',#9921);
#3009=VERTEX_POINT('',#9923);
#3010=VERTEX_POINT('',#9927);
#3011=VERTEX_POINT('',#9929);
#3012=VERTEX_POINT('',#9931);
#3013=VERTEX_POINT('',#9933);
#3014=VERTEX_POINT('',#9937);
#3015=VERTEX_POINT('',#9941);
#3016=VERTEX_POINT('',#9942);
#3017=VERTEX_POINT('',#9944);
#3018=VERTEX_POINT('',#9946);
#3019=VERTEX_POINT('',#9950);
#3020=VERTEX_POINT('',#9952);
#3021=VERTEX_POINT('',#9956);
#3022=VERTEX_POINT('',#9958);
#3023=VERTEX_POINT('',#9960);
#3024=VERTEX_POINT('',#9964);
#3025=VERTEX_POINT('',#9966);
#3026=VERTEX_POINT('',#9968);
#3027=VERTEX_POINT('',#9974);
#3028=VERTEX_POINT('',#9978);
#3029=VERTEX_POINT('',#9980);
#3030=VERTEX_POINT('',#9982);
#3031=VERTEX_POINT('',#9984);
#3032=VERTEX_POINT('',#9988);
#3033=VERTEX_POINT('',#9990);
#3034=VERTEX_POINT('',#9994);
#3035=VERTEX_POINT('',#9997);
#3036=VERTEX_POINT('',#9999);
#3037=VERTEX_POINT('',#10003);
#3038=VERTEX_POINT('',#10005);
#3039=VERTEX_POINT('',#10008);
#3040=VERTEX_POINT('',#10012);
#3041=VERTEX_POINT('',#10016);
#3042=EDGE_CURVE('',#2482,#2483,#2338,.T.);
#3043=EDGE_CURVE('',#2482,#2484,#946,.T.);
#3044=EDGE_CURVE('',#2484,#2485,#2339,.T.);
#3045=EDGE_CURVE('',#2483,#2485,#947,.T.);
#3046=EDGE_CURVE('',#2483,#2486,#948,.T.);
#3047=EDGE_CURVE('',#2485,#2487,#949,.T.);
#3048=EDGE_CURVE('',#2486,#2487,#950,.T.);
#3049=EDGE_CURVE('',#2486,#2488,#951,.T.);
#3050=EDGE_CURVE('',#2487,#2489,#952,.T.);
#3051=EDGE_CURVE('',#2488,#2489,#953,.T.);
#3052=EDGE_CURVE('',#2488,#2490,#954,.T.);
#3053=EDGE_CURVE('',#2489,#2491,#955,.T.);
#3054=EDGE_CURVE('',#2490,#2491,#956,.T.);
#3055=EDGE_CURVE('',#2490,#2492,#2340,.T.);
#3056=EDGE_CURVE('',#2491,#2493,#2341,.T.);
#3057=EDGE_CURVE('',#2492,#2493,#957,.T.);
#3058=EDGE_CURVE('',#2492,#2494,#2342,.T.);
#3059=EDGE_CURVE('',#2493,#2495,#2343,.T.);
#3060=EDGE_CURVE('',#2494,#2495,#958,.T.);
#3061=EDGE_CURVE('',#2494,#2482,#2344,.T.);
#3062=EDGE_CURVE('',#2495,#2484,#2345,.T.);
#3063=EDGE_CURVE('',#2496,#2497,#959,.T.);
#3064=EDGE_CURVE('',#2496,#2498,#960,.T.);
#3065=EDGE_CURVE('',#2498,#2499,#961,.T.);
#3066=EDGE_CURVE('',#2497,#2499,#962,.T.);
#3067=EDGE_CURVE('',#2500,#2496,#2346,.T.);
#3068=EDGE_CURVE('',#2500,#2501,#963,.T.);
#3069=EDGE_CURVE('',#2501,#2498,#2347,.T.);
#3070=EDGE_CURVE('',#2502,#2500,#2348,.T.);
#3071=EDGE_CURVE('',#2502,#2503,#964,.T.);
#3072=EDGE_CURVE('',#2503,#2501,#2349,.T.);
#3073=EDGE_CURVE('',#2504,#2502,#2350,.T.);
#3074=EDGE_CURVE('',#2504,#2505,#965,.T.);
#3075=EDGE_CURVE('',#2505,#2503,#2351,.T.);
#3076=EDGE_CURVE('',#2506,#2504,#966,.T.);
#3077=EDGE_CURVE('',#2506,#2507,#967,.T.);
#3078=EDGE_CURVE('',#2507,#2505,#968,.T.);
#3079=EDGE_CURVE('',#2508,#2506,#969,.T.);
#3080=EDGE_CURVE('',#2508,#2509,#970,.T.);
#3081=EDGE_CURVE('',#2509,#2507,#971,.T.);
#3082=EDGE_CURVE('',#2510,#2508,#972,.T.);
#3083=EDGE_CURVE('',#2510,#2511,#973,.T.);
#3084=EDGE_CURVE('',#2511,#2509,#974,.T.);
#3085=EDGE_CURVE('',#2512,#2510,#975,.T.);
#3086=EDGE_CURVE('',#2512,#2513,#976,.T.);
#3087=EDGE_CURVE('',#2513,#2511,#977,.T.);
#3088=EDGE_CURVE('',#2514,#2512,#978,.T.);
#3089=EDGE_CURVE('',#2514,#2515,#979,.T.);
#3090=EDGE_CURVE('',#2515,#2513,#980,.T.);
#3091=EDGE_CURVE('',#2516,#2514,#981,.T.);
#3092=EDGE_CURVE('',#2516,#2517,#982,.T.);
#3093=EDGE_CURVE('',#2517,#2515,#983,.T.);
#3094=EDGE_CURVE('',#2497,#2516,#984,.T.);
#3095=EDGE_CURVE('',#2499,#2517,#985,.T.);
#3096=EDGE_CURVE('',#2518,#2519,#986,.T.);
#3097=EDGE_CURVE('',#2518,#2520,#987,.T.);
#3098=EDGE_CURVE('',#2520,#2521,#988,.T.);
#3099=EDGE_CURVE('',#2519,#2521,#989,.T.);
#3100=EDGE_CURVE('',#2522,#2518,#990,.T.);
#3101=EDGE_CURVE('',#2522,#2523,#991,.T.);
#3102=EDGE_CURVE('',#2523,#2520,#992,.T.);
#3103=EDGE_CURVE('',#2524,#2522,#993,.T.);
#3104=EDGE_CURVE('',#2524,#2525,#994,.T.);
#3105=EDGE_CURVE('',#2525,#2523,#995,.T.);
#3106=EDGE_CURVE('',#2526,#2524,#996,.T.);
#3107=EDGE_CURVE('',#2526,#2527,#997,.T.);
#3108=EDGE_CURVE('',#2527,#2525,#998,.T.);
#3109=EDGE_CURVE('',#2528,#2526,#999,.T.);
#3110=EDGE_CURVE('',#2528,#2529,#1000,.T.);
#3111=EDGE_CURVE('',#2529,#2527,#1001,.T.);
#3112=EDGE_CURVE('',#2519,#2528,#1002,.T.);
#3113=EDGE_CURVE('',#2521,#2529,#1003,.T.);
#3114=EDGE_CURVE('',#2530,#2531,#1004,.T.);
#3115=EDGE_CURVE('',#2530,#2532,#1005,.T.);
#3116=EDGE_CURVE('',#2532,#2533,#1006,.T.);
#3117=EDGE_CURVE('',#2531,#2533,#1007,.T.);
#3118=EDGE_CURVE('',#2534,#2530,#1008,.T.);
#3119=EDGE_CURVE('',#2534,#2535,#1009,.T.);
#3120=EDGE_CURVE('',#2535,#2532,#1010,.T.);
#3121=EDGE_CURVE('',#2536,#2534,#1011,.T.);
#3122=EDGE_CURVE('',#2536,#2537,#1012,.T.);
#3123=EDGE_CURVE('',#2537,#2535,#1013,.T.);
#3124=EDGE_CURVE('',#2538,#2536,#1014,.T.);
#3125=EDGE_CURVE('',#2538,#2539,#1015,.T.);
#3126=EDGE_CURVE('',#2539,#2537,#1016,.T.);
#3127=EDGE_CURVE('',#2540,#2538,#1017,.T.);
#3128=EDGE_CURVE('',#2540,#2541,#1018,.T.);
#3129=EDGE_CURVE('',#2541,#2539,#1019,.T.);
#3130=EDGE_CURVE('',#2542,#2540,#1020,.T.);
#3131=EDGE_CURVE('',#2542,#2543,#1021,.T.);
#3132=EDGE_CURVE('',#2543,#2541,#1022,.T.);
#3133=EDGE_CURVE('',#2544,#2542,#1023,.T.);
#3134=EDGE_CURVE('',#2544,#2545,#1024,.T.);
#3135=EDGE_CURVE('',#2545,#2543,#1025,.T.);
#3136=EDGE_CURVE('',#2531,#2544,#1026,.T.);
#3137=EDGE_CURVE('',#2533,#2545,#1027,.T.);
#3138=EDGE_CURVE('',#2546,#2547,#2352,.T.);
#3139=EDGE_CURVE('',#2546,#2548,#1028,.T.);
#3140=EDGE_CURVE('',#2548,#2549,#2353,.T.);
#3141=EDGE_CURVE('',#2547,#2549,#1029,.T.);
#3142=EDGE_CURVE('',#2550,#2546,#2354,.T.);
#3143=EDGE_CURVE('',#2550,#2551,#1030,.T.);
#3144=EDGE_CURVE('',#2551,#2548,#2355,.T.);
#3145=EDGE_CURVE('',#2552,#2550,#1031,.T.);
#3146=EDGE_CURVE('',#2552,#2553,#1032,.T.);
#3147=EDGE_CURVE('',#2553,#2551,#1033,.T.);
#3148=EDGE_CURVE('',#2554,#2552,#1034,.T.);
#3149=EDGE_CURVE('',#2554,#2555,#1035,.T.);
#3150=EDGE_CURVE('',#2555,#2553,#1036,.T.);
#3151=EDGE_CURVE('',#2556,#2554,#2356,.T.);
#3152=EDGE_CURVE('',#2556,#2557,#1037,.T.);
#3153=EDGE_CURVE('',#2557,#2555,#2357,.T.);
#3154=EDGE_CURVE('',#2558,#2556,#2358,.T.);
#3155=EDGE_CURVE('',#2558,#2559,#1038,.T.);
#3156=EDGE_CURVE('',#2559,#2557,#2359,.T.);
#3157=EDGE_CURVE('',#2560,#2558,#2360,.T.);
#3158=EDGE_CURVE('',#2560,#2561,#1039,.T.);
#3159=EDGE_CURVE('',#2561,#2559,#2361,.T.);
#3160=EDGE_CURVE('',#2562,#2560,#2362,.T.);
#3161=EDGE_CURVE('',#2562,#2563,#1040,.T.);
#3162=EDGE_CURVE('',#2563,#2561,#2363,.T.);
#3163=EDGE_CURVE('',#2564,#2562,#2364,.T.);
#3164=EDGE_CURVE('',#2564,#2565,#1041,.T.);
#3165=EDGE_CURVE('',#2565,#2563,#2365,.T.);
#3166=EDGE_CURVE('',#2566,#2564,#2366,.T.);
#3167=EDGE_CURVE('',#2566,#2567,#1042,.T.);
#3168=EDGE_CURVE('',#2567,#2565,#2367,.T.);
#3169=EDGE_CURVE('',#2568,#2566,#2368,.T.);
#3170=EDGE_CURVE('',#2568,#2569,#1043,.T.);
#3171=EDGE_CURVE('',#2569,#2567,#2369,.T.);
#3172=EDGE_CURVE('',#2570,#2568,#2370,.T.);
#3173=EDGE_CURVE('',#2570,#2571,#1044,.T.);
#3174=EDGE_CURVE('',#2571,#2569,#2371,.T.);
#3175=EDGE_CURVE('',#2572,#2570,#1045,.T.);
#3176=EDGE_CURVE('',#2572,#2573,#1046,.T.);
#3177=EDGE_CURVE('',#2573,#2571,#1047,.T.);
#3178=EDGE_CURVE('',#2574,#2572,#1048,.T.);
#3179=EDGE_CURVE('',#2574,#2575,#1049,.T.);
#3180=EDGE_CURVE('',#2575,#2573,#1050,.T.);
#3181=EDGE_CURVE('',#2576,#2574,#2372,.T.);
#3182=EDGE_CURVE('',#2576,#2577,#1051,.T.);
#3183=EDGE_CURVE('',#2577,#2575,#2373,.T.);
#3184=EDGE_CURVE('',#2578,#2576,#2374,.T.);
#3185=EDGE_CURVE('',#2578,#2579,#1052,.T.);
#3186=EDGE_CURVE('',#2579,#2577,#2375,.T.);
#3187=EDGE_CURVE('',#2580,#2578,#2376,.T.);
#3188=EDGE_CURVE('',#2580,#2581,#1053,.T.);
#3189=EDGE_CURVE('',#2581,#2579,#2377,.T.);
#3190=EDGE_CURVE('',#2582,#2580,#2378,.T.);
#3191=EDGE_CURVE('',#2582,#2583,#1054,.T.);
#3192=EDGE_CURVE('',#2583,#2581,#2379,.T.);
#3193=EDGE_CURVE('',#2584,#2582,#2380,.T.);
#3194=EDGE_CURVE('',#2584,#2585,#1055,.T.);
#3195=EDGE_CURVE('',#2585,#2583,#2381,.T.);
#3196=EDGE_CURVE('',#2547,#2584,#2382,.T.);
#3197=EDGE_CURVE('',#2549,#2585,#2383,.T.);
#3198=EDGE_CURVE('',#2586,#2587,#2384,.T.);
#3199=EDGE_CURVE('',#2586,#2588,#1056,.T.);
#3200=EDGE_CURVE('',#2588,#2589,#2385,.T.);
#3201=EDGE_CURVE('',#2587,#2589,#1057,.T.);
#3202=EDGE_CURVE('',#2587,#2590,#1058,.T.);
#3203=EDGE_CURVE('',#2589,#2591,#1059,.T.);
#3204=EDGE_CURVE('',#2590,#2591,#1060,.T.);
#3205=EDGE_CURVE('',#2590,#2592,#1061,.T.);
#3206=EDGE_CURVE('',#2591,#2593,#1062,.T.);
#3207=EDGE_CURVE('',#2592,#2593,#1063,.T.);
#3208=EDGE_CURVE('',#2592,#2594,#1064,.T.);
#3209=EDGE_CURVE('',#2593,#2595,#1065,.T.);
#3210=EDGE_CURVE('',#2594,#2595,#1066,.T.);
#3211=EDGE_CURVE('',#2594,#2596,#2386,.T.);
#3212=EDGE_CURVE('',#2595,#2597,#2387,.T.);
#3213=EDGE_CURVE('',#2596,#2597,#1067,.T.);
#3214=EDGE_CURVE('',#2596,#2598,#2388,.T.);
#3215=EDGE_CURVE('',#2597,#2599,#2389,.T.);
#3216=EDGE_CURVE('',#2598,#2599,#1068,.T.);
#3217=EDGE_CURVE('',#2598,#2586,#2390,.T.);
#3218=EDGE_CURVE('',#2599,#2588,#2391,.T.);
#3219=EDGE_CURVE('',#2600,#2601,#1069,.T.);
#3220=EDGE_CURVE('',#2600,#2602,#1070,.T.);
#3221=EDGE_CURVE('',#2602,#2603,#1071,.T.);
#3222=EDGE_CURVE('',#2601,#2603,#1072,.T.);
#3223=EDGE_CURVE('',#2604,#2600,#2392,.T.);
#3224=EDGE_CURVE('',#2604,#2605,#1073,.T.);
#3225=EDGE_CURVE('',#2605,#2602,#2393,.T.);
#3226=EDGE_CURVE('',#2606,#2604,#2394,.T.);
#3227=EDGE_CURVE('',#2606,#2607,#1074,.T.);
#3228=EDGE_CURVE('',#2607,#2605,#2395,.T.);
#3229=EDGE_CURVE('',#2608,#2606,#2396,.T.);
#3230=EDGE_CURVE('',#2608,#2609,#1075,.T.);
#3231=EDGE_CURVE('',#2609,#2607,#2397,.T.);
#3232=EDGE_CURVE('',#2610,#2608,#1076,.T.);
#3233=EDGE_CURVE('',#2610,#2611,#1077,.T.);
#3234=EDGE_CURVE('',#2611,#2609,#1078,.T.);
#3235=EDGE_CURVE('',#2612,#2610,#1079,.T.);
#3236=EDGE_CURVE('',#2612,#2613,#1080,.T.);
#3237=EDGE_CURVE('',#2613,#2611,#1081,.T.);
#3238=EDGE_CURVE('',#2614,#2612,#1082,.T.);
#3239=EDGE_CURVE('',#2614,#2615,#1083,.T.);
#3240=EDGE_CURVE('',#2615,#2613,#1084,.T.);
#3241=EDGE_CURVE('',#2616,#2614,#1085,.T.);
#3242=EDGE_CURVE('',#2616,#2617,#1086,.T.);
#3243=EDGE_CURVE('',#2617,#2615,#1087,.T.);
#3244=EDGE_CURVE('',#2618,#2616,#1088,.T.);
#3245=EDGE_CURVE('',#2618,#2619,#1089,.T.);
#3246=EDGE_CURVE('',#2619,#2617,#1090,.T.);
#3247=EDGE_CURVE('',#2620,#2618,#1091,.T.);
#3248=EDGE_CURVE('',#2620,#2621,#1092,.T.);
#3249=EDGE_CURVE('',#2621,#2619,#1093,.T.);
#3250=EDGE_CURVE('',#2601,#2620,#1094,.T.);
#3251=EDGE_CURVE('',#2603,#2621,#1095,.T.);
#3252=EDGE_CURVE('',#2622,#2623,#1096,.T.);
#3253=EDGE_CURVE('',#2622,#2624,#1097,.T.);
#3254=EDGE_CURVE('',#2624,#2625,#1098,.T.);
#3255=EDGE_CURVE('',#2623,#2625,#1099,.T.);
#3256=EDGE_CURVE('',#2626,#2622,#1100,.T.);
#3257=EDGE_CURVE('',#2626,#2627,#1101,.T.);
#3258=EDGE_CURVE('',#2627,#2624,#1102,.T.);
#3259=EDGE_CURVE('',#2628,#2626,#1103,.T.);
#3260=EDGE_CURVE('',#2628,#2629,#1104,.T.);
#3261=EDGE_CURVE('',#2629,#2627,#1105,.T.);
#3262=EDGE_CURVE('',#2630,#2628,#1106,.T.);
#3263=EDGE_CURVE('',#2630,#2631,#1107,.T.);
#3264=EDGE_CURVE('',#2631,#2629,#1108,.T.);
#3265=EDGE_CURVE('',#2632,#2630,#1109,.T.);
#3266=EDGE_CURVE('',#2632,#2633,#1110,.T.);
#3267=EDGE_CURVE('',#2633,#2631,#1111,.T.);
#3268=EDGE_CURVE('',#2634,#2632,#1112,.T.);
#3269=EDGE_CURVE('',#2634,#2635,#1113,.T.);
#3270=EDGE_CURVE('',#2635,#2633,#1114,.T.);
#3271=EDGE_CURVE('',#2636,#2634,#1115,.T.);
#3272=EDGE_CURVE('',#2636,#2637,#1116,.T.);
#3273=EDGE_CURVE('',#2637,#2635,#1117,.T.);
#3274=EDGE_CURVE('',#2623,#2636,#1118,.T.);
#3275=EDGE_CURVE('',#2625,#2637,#1119,.T.);
#3276=EDGE_CURVE('',#2638,#2639,#1120,.T.);
#3277=EDGE_CURVE('',#2638,#2640,#1121,.T.);
#3278=EDGE_CURVE('',#2640,#2641,#1122,.T.);
#3279=EDGE_CURVE('',#2639,#2641,#1123,.T.);
#3280=EDGE_CURVE('',#2639,#2642,#1124,.T.);
#3281=EDGE_CURVE('',#2641,#2643,#1125,.T.);
#3282=EDGE_CURVE('',#2642,#2643,#1126,.T.);
#3283=EDGE_CURVE('',#2642,#2638,#1127,.T.);
#3284=EDGE_CURVE('',#2643,#2640,#1128,.T.);
#3285=EDGE_CURVE('',#2644,#2645,#1129,.T.);
#3286=EDGE_CURVE('',#2644,#2646,#1130,.T.);
#3287=EDGE_CURVE('',#2646,#2647,#1131,.T.);
#3288=EDGE_CURVE('',#2645,#2647,#1132,.T.);
#3289=EDGE_CURVE('',#2648,#2644,#1133,.T.);
#3290=EDGE_CURVE('',#2648,#2649,#1134,.T.);
#3291=EDGE_CURVE('',#2649,#2646,#1135,.T.);
#3292=EDGE_CURVE('',#2650,#2648,#1136,.T.);
#3293=EDGE_CURVE('',#2650,#2651,#1137,.T.);
#3294=EDGE_CURVE('',#2651,#2649,#1138,.T.);
#3295=EDGE_CURVE('',#2652,#2650,#1139,.T.);
#3296=EDGE_CURVE('',#2652,#2653,#1140,.T.);
#3297=EDGE_CURVE('',#2653,#2651,#1141,.T.);
#3298=EDGE_CURVE('',#2654,#2652,#1142,.T.);
#3299=EDGE_CURVE('',#2654,#2655,#1143,.T.);
#3300=EDGE_CURVE('',#2655,#2653,#1144,.T.);
#3301=EDGE_CURVE('',#2656,#2654,#1145,.T.);
#3302=EDGE_CURVE('',#2656,#2657,#1146,.T.);
#3303=EDGE_CURVE('',#2657,#2655,#1147,.T.);
#3304=EDGE_CURVE('',#2658,#2656,#1148,.T.);
#3305=EDGE_CURVE('',#2658,#2659,#1149,.T.);
#3306=EDGE_CURVE('',#2659,#2657,#1150,.T.);
#3307=EDGE_CURVE('',#2645,#2658,#1151,.T.);
#3308=EDGE_CURVE('',#2647,#2659,#1152,.T.);
#3309=EDGE_CURVE('',#2660,#2661,#1153,.T.);
#3310=EDGE_CURVE('',#2660,#2662,#1154,.T.);
#3311=EDGE_CURVE('',#2662,#2663,#1155,.T.);
#3312=EDGE_CURVE('',#2661,#2663,#1156,.T.);
#3313=EDGE_CURVE('',#2664,#2660,#1157,.T.);
#3314=EDGE_CURVE('',#2664,#2665,#1158,.T.);
#3315=EDGE_CURVE('',#2665,#2662,#1159,.T.);
#3316=EDGE_CURVE('',#2666,#2664,#1160,.T.);
#3317=EDGE_CURVE('',#2666,#2667,#1161,.T.);
#3318=EDGE_CURVE('',#2667,#2665,#1162,.T.);
#3319=EDGE_CURVE('',#2668,#2666,#1163,.T.);
#3320=EDGE_CURVE('',#2668,#2669,#1164,.T.);
#3321=EDGE_CURVE('',#2669,#2667,#1165,.T.);
#3322=EDGE_CURVE('',#2670,#2668,#1166,.T.);
#3323=EDGE_CURVE('',#2670,#2671,#1167,.T.);
#3324=EDGE_CURVE('',#2671,#2669,#1168,.T.);
#3325=EDGE_CURVE('',#2672,#2670,#1169,.T.);
#3326=EDGE_CURVE('',#2672,#2673,#1170,.T.);
#3327=EDGE_CURVE('',#2673,#2671,#1171,.T.);
#3328=EDGE_CURVE('',#2674,#2672,#1172,.T.);
#3329=EDGE_CURVE('',#2674,#2675,#1173,.T.);
#3330=EDGE_CURVE('',#2675,#2673,#1174,.T.);
#3331=EDGE_CURVE('',#2676,#2674,#1175,.T.);
#3332=EDGE_CURVE('',#2676,#2677,#1176,.T.);
#3333=EDGE_CURVE('',#2677,#2675,#1177,.T.);
#3334=EDGE_CURVE('',#2678,#2676,#1178,.T.);
#3335=EDGE_CURVE('',#2678,#2679,#1179,.T.);
#3336=EDGE_CURVE('',#2679,#2677,#1180,.T.);
#3337=EDGE_CURVE('',#2680,#2678,#1181,.T.);
#3338=EDGE_CURVE('',#2680,#2681,#1182,.T.);
#3339=EDGE_CURVE('',#2681,#2679,#1183,.T.);
#3340=EDGE_CURVE('',#2682,#2680,#1184,.T.);
#3341=EDGE_CURVE('',#2682,#2683,#1185,.T.);
#3342=EDGE_CURVE('',#2683,#2681,#1186,.T.);
#3343=EDGE_CURVE('',#2661,#2682,#1187,.T.);
#3344=EDGE_CURVE('',#2663,#2683,#1188,.T.);
#3345=EDGE_CURVE('',#2684,#2685,#2398,.T.);
#3346=EDGE_CURVE('',#2684,#2686,#1189,.T.);
#3347=EDGE_CURVE('',#2686,#2687,#2399,.T.);
#3348=EDGE_CURVE('',#2685,#2687,#1190,.T.);
#3349=EDGE_CURVE('',#2685,#2688,#1191,.T.);
#3350=EDGE_CURVE('',#2687,#2689,#1192,.T.);
#3351=EDGE_CURVE('',#2688,#2689,#1193,.T.);
#3352=EDGE_CURVE('',#2688,#2690,#1194,.T.);
#3353=EDGE_CURVE('',#2689,#2691,#1195,.T.);
#3354=EDGE_CURVE('',#2690,#2691,#1196,.T.);
#3355=EDGE_CURVE('',#2690,#2692,#1197,.T.);
#3356=EDGE_CURVE('',#2691,#2693,#1198,.T.);
#3357=EDGE_CURVE('',#2692,#2693,#1199,.T.);
#3358=EDGE_CURVE('',#2692,#2694,#2400,.T.);
#3359=EDGE_CURVE('',#2693,#2695,#2401,.T.);
#3360=EDGE_CURVE('',#2694,#2695,#1200,.T.);
#3361=EDGE_CURVE('',#2694,#2696,#2402,.T.);
#3362=EDGE_CURVE('',#2695,#2697,#2403,.T.);
#3363=EDGE_CURVE('',#2696,#2697,#1201,.T.);
#3364=EDGE_CURVE('',#2696,#2684,#2404,.T.);
#3365=EDGE_CURVE('',#2697,#2686,#2405,.T.);
#3366=EDGE_CURVE('',#2698,#2699,#1202,.T.);
#3367=EDGE_CURVE('',#2698,#2700,#1203,.T.);
#3368=EDGE_CURVE('',#2700,#2701,#1204,.T.);
#3369=EDGE_CURVE('',#2699,#2701,#1205,.T.);
#3370=EDGE_CURVE('',#2702,#2698,#2406,.T.);
#3371=EDGE_CURVE('',#2702,#2703,#1206,.T.);
#3372=EDGE_CURVE('',#2703,#2700,#2407,.T.);
#3373=EDGE_CURVE('',#2704,#2702,#2408,.T.);
#3374=EDGE_CURVE('',#2704,#2705,#1207,.T.);
#3375=EDGE_CURVE('',#2705,#2703,#2409,.T.);
#3376=EDGE_CURVE('',#2706,#2704,#2410,.T.);
#3377=EDGE_CURVE('',#2706,#2707,#1208,.T.);
#3378=EDGE_CURVE('',#2707,#2705,#2411,.T.);
#3379=EDGE_CURVE('',#2708,#2706,#1209,.T.);
#3380=EDGE_CURVE('',#2708,#2709,#1210,.T.);
#3381=EDGE_CURVE('',#2709,#2707,#1211,.T.);
#3382=EDGE_CURVE('',#2710,#2708,#1212,.T.);
#3383=EDGE_CURVE('',#2710,#2711,#1213,.T.);
#3384=EDGE_CURVE('',#2711,#2709,#1214,.T.);
#3385=EDGE_CURVE('',#2712,#2710,#1215,.T.);
#3386=EDGE_CURVE('',#2712,#2713,#1216,.T.);
#3387=EDGE_CURVE('',#2713,#2711,#1217,.T.);
#3388=EDGE_CURVE('',#2714,#2712,#1218,.T.);
#3389=EDGE_CURVE('',#2714,#2715,#1219,.T.);
#3390=EDGE_CURVE('',#2715,#2713,#1220,.T.);
#3391=EDGE_CURVE('',#2716,#2714,#1221,.T.);
#3392=EDGE_CURVE('',#2716,#2717,#1222,.T.);
#3393=EDGE_CURVE('',#2717,#2715,#1223,.T.);
#3394=EDGE_CURVE('',#2718,#2716,#1224,.T.);
#3395=EDGE_CURVE('',#2718,#2719,#1225,.T.);
#3396=EDGE_CURVE('',#2719,#2717,#1226,.T.);
#3397=EDGE_CURVE('',#2699,#2718,#1227,.T.);
#3398=EDGE_CURVE('',#2701,#2719,#1228,.T.);
#3399=EDGE_CURVE('',#2720,#2721,#1229,.T.);
#3400=EDGE_CURVE('',#2720,#2722,#1230,.T.);
#3401=EDGE_CURVE('',#2722,#2723,#1231,.T.);
#3402=EDGE_CURVE('',#2721,#2723,#1232,.T.);
#3403=EDGE_CURVE('',#2721,#2724,#1233,.T.);
#3404=EDGE_CURVE('',#2723,#2725,#1234,.T.);
#3405=EDGE_CURVE('',#2724,#2725,#1235,.T.);
#3406=EDGE_CURVE('',#2724,#2720,#1236,.T.);
#3407=EDGE_CURVE('',#2725,#2722,#1237,.T.);
#3408=EDGE_CURVE('',#2726,#2727,#1238,.T.);
#3409=EDGE_CURVE('',#2726,#2728,#1239,.T.);
#3410=EDGE_CURVE('',#2728,#2729,#1240,.T.);
#3411=EDGE_CURVE('',#2727,#2729,#1241,.T.);
#3412=EDGE_CURVE('',#2730,#2726,#1242,.T.);
#3413=EDGE_CURVE('',#2730,#2731,#1243,.T.);
#3414=EDGE_CURVE('',#2731,#2728,#1244,.T.);
#3415=EDGE_CURVE('',#2732,#2730,#1245,.T.);
#3416=EDGE_CURVE('',#2732,#2733,#1246,.T.);
#3417=EDGE_CURVE('',#2733,#2731,#1247,.T.);
#3418=EDGE_CURVE('',#2734,#2732,#1248,.T.);
#3419=EDGE_CURVE('',#2734,#2735,#1249,.T.);
#3420=EDGE_CURVE('',#2735,#2733,#1250,.T.);
#3421=EDGE_CURVE('',#2736,#2734,#1251,.T.);
#3422=EDGE_CURVE('',#2736,#2737,#1252,.T.);
#3423=EDGE_CURVE('',#2737,#2735,#1253,.T.);
#3424=EDGE_CURVE('',#2738,#2736,#1254,.T.);
#3425=EDGE_CURVE('',#2738,#2739,#1255,.T.);
#3426=EDGE_CURVE('',#2739,#2737,#1256,.T.);
#3427=EDGE_CURVE('',#2740,#2738,#1257,.T.);
#3428=EDGE_CURVE('',#2740,#2741,#1258,.T.);
#3429=EDGE_CURVE('',#2741,#2739,#1259,.T.);
#3430=EDGE_CURVE('',#2727,#2740,#1260,.T.);
#3431=EDGE_CURVE('',#2729,#2741,#1261,.T.);
#3432=EDGE_CURVE('',#2742,#2743,#1262,.T.);
#3433=EDGE_CURVE('',#2742,#2744,#1263,.T.);
#3434=EDGE_CURVE('',#2744,#2745,#1264,.T.);
#3435=EDGE_CURVE('',#2743,#2745,#1265,.T.);
#3436=EDGE_CURVE('',#2746,#2742,#1266,.T.);
#3437=EDGE_CURVE('',#2746,#2747,#1267,.T.);
#3438=EDGE_CURVE('',#2747,#2744,#1268,.T.);
#3439=EDGE_CURVE('',#2748,#2746,#1269,.T.);
#3440=EDGE_CURVE('',#2748,#2749,#1270,.T.);
#3441=EDGE_CURVE('',#2749,#2747,#1271,.T.);
#3442=EDGE_CURVE('',#2750,#2748,#1272,.T.);
#3443=EDGE_CURVE('',#2750,#2751,#1273,.T.);
#3444=EDGE_CURVE('',#2751,#2749,#1274,.T.);
#3445=EDGE_CURVE('',#2752,#2750,#1275,.T.);
#3446=EDGE_CURVE('',#2752,#2753,#1276,.T.);
#3447=EDGE_CURVE('',#2753,#2751,#1277,.T.);
#3448=EDGE_CURVE('',#2754,#2752,#1278,.T.);
#3449=EDGE_CURVE('',#2754,#2755,#1279,.T.);
#3450=EDGE_CURVE('',#2755,#2753,#1280,.T.);
#3451=EDGE_CURVE('',#2756,#2754,#1281,.T.);
#3452=EDGE_CURVE('',#2756,#2757,#1282,.T.);
#3453=EDGE_CURVE('',#2757,#2755,#1283,.T.);
#3454=EDGE_CURVE('',#2758,#2756,#1284,.T.);
#3455=EDGE_CURVE('',#2758,#2759,#1285,.T.);
#3456=EDGE_CURVE('',#2759,#2757,#1286,.T.);
#3457=EDGE_CURVE('',#2760,#2758,#1287,.T.);
#3458=EDGE_CURVE('',#2760,#2761,#1288,.T.);
#3459=EDGE_CURVE('',#2761,#2759,#1289,.T.);
#3460=EDGE_CURVE('',#2762,#2760,#1290,.T.);
#3461=EDGE_CURVE('',#2762,#2763,#1291,.T.);
#3462=EDGE_CURVE('',#2763,#2761,#1292,.T.);
#3463=EDGE_CURVE('',#2764,#2762,#1293,.T.);
#3464=EDGE_CURVE('',#2764,#2765,#1294,.T.);
#3465=EDGE_CURVE('',#2765,#2763,#1295,.T.);
#3466=EDGE_CURVE('',#2743,#2764,#1296,.T.);
#3467=EDGE_CURVE('',#2745,#2765,#1297,.T.);
#3468=EDGE_CURVE('',#2766,#2767,#1298,.T.);
#3469=EDGE_CURVE('',#2766,#2768,#1299,.T.);
#3470=EDGE_CURVE('',#2768,#2769,#1300,.T.);
#3471=EDGE_CURVE('',#2767,#2769,#1301,.T.);
#3472=EDGE_CURVE('',#2770,#2766,#1302,.T.);
#3473=EDGE_CURVE('',#2770,#2771,#1303,.T.);
#3474=EDGE_CURVE('',#2771,#2768,#1304,.T.);
#3475=EDGE_CURVE('',#2772,#2770,#1305,.T.);
#3476=EDGE_CURVE('',#2772,#2773,#1306,.T.);
#3477=EDGE_CURVE('',#2773,#2771,#1307,.T.);
#3478=EDGE_CURVE('',#2774,#2772,#1308,.T.);
#3479=EDGE_CURVE('',#2774,#2775,#1309,.T.);
#3480=EDGE_CURVE('',#2775,#2773,#1310,.T.);
#3481=EDGE_CURVE('',#2776,#2774,#1311,.T.);
#3482=EDGE_CURVE('',#2776,#2777,#1312,.T.);
#3483=EDGE_CURVE('',#2777,#2775,#1313,.T.);
#3484=EDGE_CURVE('',#2778,#2776,#1314,.T.);
#3485=EDGE_CURVE('',#2778,#2779,#1315,.T.);
#3486=EDGE_CURVE('',#2779,#2777,#1316,.T.);
#3487=EDGE_CURVE('',#2780,#2778,#1317,.T.);
#3488=EDGE_CURVE('',#2780,#2781,#1318,.T.);
#3489=EDGE_CURVE('',#2781,#2779,#1319,.T.);
#3490=EDGE_CURVE('',#2782,#2780,#1320,.T.);
#3491=EDGE_CURVE('',#2782,#2783,#1321,.T.);
#3492=EDGE_CURVE('',#2783,#2781,#1322,.T.);
#3493=EDGE_CURVE('',#2784,#2782,#1323,.T.);
#3494=EDGE_CURVE('',#2784,#2785,#1324,.T.);
#3495=EDGE_CURVE('',#2785,#2783,#1325,.T.);
#3496=EDGE_CURVE('',#2786,#2784,#1326,.T.);
#3497=EDGE_CURVE('',#2786,#2787,#1327,.T.);
#3498=EDGE_CURVE('',#2787,#2785,#1328,.T.);
#3499=EDGE_CURVE('',#2788,#2786,#1329,.T.);
#3500=EDGE_CURVE('',#2788,#2789,#1330,.T.);
#3501=EDGE_CURVE('',#2789,#2787,#1331,.T.);
#3502=EDGE_CURVE('',#2767,#2788,#1332,.T.);
#3503=EDGE_CURVE('',#2769,#2789,#1333,.T.);
#3504=EDGE_CURVE('',#2790,#2791,#1334,.T.);
#3505=EDGE_CURVE('',#2790,#2792,#1335,.T.);
#3506=EDGE_CURVE('',#2792,#2793,#1336,.T.);
#3507=EDGE_CURVE('',#2791,#2793,#1337,.T.);
#3508=EDGE_CURVE('',#2794,#2790,#1338,.T.);
#3509=EDGE_CURVE('',#2794,#2795,#1339,.T.);
#3510=EDGE_CURVE('',#2795,#2792,#1340,.T.);
#3511=EDGE_CURVE('',#2796,#2794,#1341,.T.);
#3512=EDGE_CURVE('',#2796,#2797,#1342,.T.);
#3513=EDGE_CURVE('',#2797,#2795,#1343,.T.);
#3514=EDGE_CURVE('',#2798,#2796,#1344,.T.);
#3515=EDGE_CURVE('',#2798,#2799,#1345,.T.);
#3516=EDGE_CURVE('',#2799,#2797,#1346,.T.);
#3517=EDGE_CURVE('',#2800,#2798,#1347,.T.);
#3518=EDGE_CURVE('',#2800,#2801,#1348,.T.);
#3519=EDGE_CURVE('',#2801,#2799,#1349,.T.);
#3520=EDGE_CURVE('',#2802,#2800,#1350,.T.);
#3521=EDGE_CURVE('',#2802,#2803,#1351,.T.);
#3522=EDGE_CURVE('',#2803,#2801,#1352,.T.);
#3523=EDGE_CURVE('',#2804,#2802,#1353,.T.);
#3524=EDGE_CURVE('',#2804,#2805,#1354,.T.);
#3525=EDGE_CURVE('',#2805,#2803,#1355,.T.);
#3526=EDGE_CURVE('',#2806,#2804,#1356,.T.);
#3527=EDGE_CURVE('',#2806,#2807,#1357,.T.);
#3528=EDGE_CURVE('',#2807,#2805,#1358,.T.);
#3529=EDGE_CURVE('',#2808,#2806,#1359,.T.);
#3530=EDGE_CURVE('',#2808,#2809,#1360,.T.);
#3531=EDGE_CURVE('',#2809,#2807,#1361,.T.);
#3532=EDGE_CURVE('',#2810,#2808,#1362,.T.);
#3533=EDGE_CURVE('',#2810,#2811,#1363,.T.);
#3534=EDGE_CURVE('',#2811,#2809,#1364,.T.);
#3535=EDGE_CURVE('',#2812,#2810,#1365,.T.);
#3536=EDGE_CURVE('',#2812,#2813,#1366,.T.);
#3537=EDGE_CURVE('',#2813,#2811,#1367,.T.);
#3538=EDGE_CURVE('',#2791,#2812,#1368,.T.);
#3539=EDGE_CURVE('',#2793,#2813,#1369,.T.);
#3540=EDGE_CURVE('',#2814,#2815,#2412,.T.);
#3541=EDGE_CURVE('',#2814,#2816,#1370,.T.);
#3542=EDGE_CURVE('',#2816,#2817,#2413,.T.);
#3543=EDGE_CURVE('',#2815,#2817,#1371,.T.);
#3544=EDGE_CURVE('',#2815,#2818,#2414,.T.);
#3545=EDGE_CURVE('',#2817,#2819,#2415,.T.);
#3546=EDGE_CURVE('',#2818,#2819,#1372,.T.);
#3547=EDGE_CURVE('',#2818,#2820,#2416,.T.);
#3548=EDGE_CURVE('',#2819,#2821,#2417,.T.);
#3549=EDGE_CURVE('',#2820,#2821,#1373,.T.);
#3550=EDGE_CURVE('',#2820,#2822,#2418,.T.);
#3551=EDGE_CURVE('',#2821,#2823,#2419,.T.);
#3552=EDGE_CURVE('',#2822,#2823,#1374,.T.);
#3553=EDGE_CURVE('',#2822,#2824,#2420,.T.);
#3554=EDGE_CURVE('',#2823,#2825,#2421,.T.);
#3555=EDGE_CURVE('',#2824,#2825,#1375,.T.);
#3556=EDGE_CURVE('',#2824,#2814,#2422,.T.);
#3557=EDGE_CURVE('',#2825,#2816,#2423,.T.);
#3558=EDGE_CURVE('',#2826,#2827,#2424,.T.);
#3559=EDGE_CURVE('',#2826,#2828,#1376,.T.);
#3560=EDGE_CURVE('',#2828,#2829,#2425,.T.);
#3561=EDGE_CURVE('',#2827,#2829,#1377,.T.);
#3562=EDGE_CURVE('',#2830,#2826,#2426,.T.);
#3563=EDGE_CURVE('',#2830,#2831,#1378,.T.);
#3564=EDGE_CURVE('',#2831,#2828,#2427,.T.);
#3565=EDGE_CURVE('',#2832,#2830,#2428,.T.);
#3566=EDGE_CURVE('',#2832,#2833,#1379,.T.);
#3567=EDGE_CURVE('',#2833,#2831,#2429,.T.);
#3568=EDGE_CURVE('',#2834,#2832,#2430,.T.);
#3569=EDGE_CURVE('',#2834,#2835,#1380,.T.);
#3570=EDGE_CURVE('',#2835,#2833,#2431,.T.);
#3571=EDGE_CURVE('',#2836,#2834,#2432,.T.);
#3572=EDGE_CURVE('',#2836,#2837,#1381,.T.);
#3573=EDGE_CURVE('',#2837,#2835,#2433,.T.);
#3574=EDGE_CURVE('',#2838,#2836,#2434,.T.);
#3575=EDGE_CURVE('',#2838,#2839,#1382,.T.);
#3576=EDGE_CURVE('',#2839,#2837,#2435,.T.);
#3577=EDGE_CURVE('',#2840,#2838,#2436,.T.);
#3578=EDGE_CURVE('',#2840,#2841,#1383,.T.);
#3579=EDGE_CURVE('',#2841,#2839,#2437,.T.);
#3580=EDGE_CURVE('',#2827,#2840,#2438,.T.);
#3581=EDGE_CURVE('',#2829,#2841,#2439,.T.);
#3582=EDGE_CURVE('',#2842,#2843,#1384,.T.);
#3583=EDGE_CURVE('',#2842,#2844,#1385,.T.);
#3584=EDGE_CURVE('',#2844,#2845,#1386,.T.);
#3585=EDGE_CURVE('',#2843,#2845,#1387,.T.);
#3586=EDGE_CURVE('',#2846,#2842,#1388,.T.);
#3587=EDGE_CURVE('',#2846,#2847,#1389,.T.);
#3588=EDGE_CURVE('',#2847,#2844,#1390,.T.);
#3589=EDGE_CURVE('',#2848,#2846,#1391,.T.);
#3590=EDGE_CURVE('',#2848,#2849,#1392,.T.);
#3591=EDGE_CURVE('',#2849,#2847,#1393,.T.);
#3592=EDGE_CURVE('',#2850,#2848,#1394,.T.);
#3593=EDGE_CURVE('',#2850,#2851,#1395,.T.);
#3594=EDGE_CURVE('',#2851,#2849,#1396,.T.);
#3595=EDGE_CURVE('',#2852,#2850,#1397,.T.);
#3596=EDGE_CURVE('',#2852,#2853,#1398,.T.);
#3597=EDGE_CURVE('',#2853,#2851,#1399,.T.);
#3598=EDGE_CURVE('',#2854,#2852,#1400,.T.);
#3599=EDGE_CURVE('',#2854,#2855,#1401,.T.);
#3600=EDGE_CURVE('',#2855,#2853,#1402,.T.);
#3601=EDGE_CURVE('',#2856,#2854,#1403,.T.);
#3602=EDGE_CURVE('',#2856,#2857,#1404,.T.);
#3603=EDGE_CURVE('',#2857,#2855,#1405,.T.);
#3604=EDGE_CURVE('',#2858,#2856,#1406,.T.);
#3605=EDGE_CURVE('',#2858,#2859,#1407,.T.);
#3606=EDGE_CURVE('',#2859,#2857,#1408,.T.);
#3607=EDGE_CURVE('',#2860,#2858,#1409,.T.);
#3608=EDGE_CURVE('',#2860,#2861,#1410,.T.);
#3609=EDGE_CURVE('',#2861,#2859,#1411,.T.);
#3610=EDGE_CURVE('',#2843,#2860,#1412,.T.);
#3611=EDGE_CURVE('',#2845,#2861,#1413,.T.);
#3612=EDGE_CURVE('',#2862,#2863,#2440,.T.);
#3613=EDGE_CURVE('',#2862,#2864,#1414,.T.);
#3614=EDGE_CURVE('',#2864,#2865,#2441,.T.);
#3615=EDGE_CURVE('',#2863,#2865,#1415,.T.);
#3616=EDGE_CURVE('',#2863,#2866,#1416,.T.);
#3617=EDGE_CURVE('',#2865,#2867,#1417,.T.);
#3618=EDGE_CURVE('',#2866,#2867,#1418,.T.);
#3619=EDGE_CURVE('',#2866,#2868,#1419,.T.);
#3620=EDGE_CURVE('',#2867,#2869,#1420,.T.);
#3621=EDGE_CURVE('',#2868,#2869,#1421,.T.);
#3622=EDGE_CURVE('',#2868,#2870,#1422,.T.);
#3623=EDGE_CURVE('',#2869,#2871,#1423,.T.);
#3624=EDGE_CURVE('',#2870,#2871,#1424,.T.);
#3625=EDGE_CURVE('',#2870,#2872,#2442,.T.);
#3626=EDGE_CURVE('',#2871,#2873,#2443,.T.);
#3627=EDGE_CURVE('',#2872,#2873,#1425,.T.);
#3628=EDGE_CURVE('',#2872,#2874,#2444,.T.);
#3629=EDGE_CURVE('',#2873,#2875,#2445,.T.);
#3630=EDGE_CURVE('',#2874,#2875,#1426,.T.);
#3631=EDGE_CURVE('',#2874,#2862,#2446,.T.);
#3632=EDGE_CURVE('',#2875,#2864,#2447,.T.);
#3633=EDGE_CURVE('',#2876,#2877,#1427,.T.);
#3634=EDGE_CURVE('',#2876,#2878,#1428,.T.);
#3635=EDGE_CURVE('',#2878,#2879,#1429,.T.);
#3636=EDGE_CURVE('',#2877,#2879,#1430,.T.);
#3637=EDGE_CURVE('',#2880,#2876,#2448,.T.);
#3638=EDGE_CURVE('',#2880,#2881,#1431,.T.);
#3639=EDGE_CURVE('',#2881,#2878,#2449,.T.);
#3640=EDGE_CURVE('',#2882,#2880,#2450,.T.);
#3641=EDGE_CURVE('',#2882,#2883,#1432,.T.);
#3642=EDGE_CURVE('',#2883,#2881,#2451,.T.);
#3643=EDGE_CURVE('',#2884,#2882,#2452,.T.);
#3644=EDGE_CURVE('',#2884,#2885,#1433,.T.);
#3645=EDGE_CURVE('',#2885,#2883,#2453,.T.);
#3646=EDGE_CURVE('',#2886,#2884,#1434,.T.);
#3647=EDGE_CURVE('',#2886,#2887,#1435,.T.);
#3648=EDGE_CURVE('',#2887,#2885,#1436,.T.);
#3649=EDGE_CURVE('',#2888,#2886,#1437,.T.);
#3650=EDGE_CURVE('',#2888,#2889,#1438,.T.);
#3651=EDGE_CURVE('',#2889,#2887,#1439,.T.);
#3652=EDGE_CURVE('',#2890,#2888,#1440,.T.);
#3653=EDGE_CURVE('',#2890,#2891,#1441,.T.);
#3654=EDGE_CURVE('',#2891,#2889,#1442,.T.);
#3655=EDGE_CURVE('',#2892,#2890,#1443,.T.);
#3656=EDGE_CURVE('',#2892,#2893,#1444,.T.);
#3657=EDGE_CURVE('',#2893,#2891,#1445,.T.);
#3658=EDGE_CURVE('',#2894,#2892,#1446,.T.);
#3659=EDGE_CURVE('',#2894,#2895,#1447,.T.);
#3660=EDGE_CURVE('',#2895,#2893,#1448,.T.);
#3661=EDGE_CURVE('',#2896,#2894,#1449,.T.);
#3662=EDGE_CURVE('',#2896,#2897,#1450,.T.);
#3663=EDGE_CURVE('',#2897,#2895,#1451,.T.);
#3664=EDGE_CURVE('',#2877,#2896,#1452,.T.);
#3665=EDGE_CURVE('',#2879,#2897,#1453,.T.);
#3666=EDGE_CURVE('',#2898,#2899,#2454,.T.);
#3667=EDGE_CURVE('',#2898,#2900,#1454,.T.);
#3668=EDGE_CURVE('',#2900,#2901,#2455,.T.);
#3669=EDGE_CURVE('',#2899,#2901,#1455,.T.);
#3670=EDGE_CURVE('',#2899,#2902,#2456,.T.);
#3671=EDGE_CURVE('',#2901,#2903,#2457,.T.);
#3672=EDGE_CURVE('',#2902,#2903,#1456,.T.);
#3673=EDGE_CURVE('',#2902,#2904,#2458,.T.);
#3674=EDGE_CURVE('',#2903,#2905,#2459,.T.);
#3675=EDGE_CURVE('',#2904,#2905,#1457,.T.);
#3676=EDGE_CURVE('',#2904,#2906,#2460,.T.);
#3677=EDGE_CURVE('',#2905,#2907,#2461,.T.);
#3678=EDGE_CURVE('',#2906,#2907,#1458,.T.);
#3679=EDGE_CURVE('',#2906,#2908,#2462,.T.);
#3680=EDGE_CURVE('',#2907,#2909,#2463,.T.);
#3681=EDGE_CURVE('',#2908,#2909,#1459,.T.);
#3682=EDGE_CURVE('',#2908,#2898,#2464,.T.);
#3683=EDGE_CURVE('',#2909,#2900,#2465,.T.);
#3684=EDGE_CURVE('',#2910,#2911,#2466,.T.);
#3685=EDGE_CURVE('',#2910,#2912,#1460,.T.);
#3686=EDGE_CURVE('',#2912,#2913,#2467,.T.);
#3687=EDGE_CURVE('',#2911,#2913,#1461,.T.);
#3688=EDGE_CURVE('',#2914,#2910,#2468,.T.);
#3689=EDGE_CURVE('',#2914,#2915,#1462,.T.);
#3690=EDGE_CURVE('',#2915,#2912,#2469,.T.);
#3691=EDGE_CURVE('',#2916,#2914,#2470,.T.);
#3692=EDGE_CURVE('',#2916,#2917,#1463,.T.);
#3693=EDGE_CURVE('',#2917,#2915,#2471,.T.);
#3694=EDGE_CURVE('',#2918,#2916,#2472,.T.);
#3695=EDGE_CURVE('',#2918,#2919,#1464,.T.);
#3696=EDGE_CURVE('',#2919,#2917,#2473,.T.);
#3697=EDGE_CURVE('',#2920,#2918,#2474,.T.);
#3698=EDGE_CURVE('',#2920,#2921,#1465,.T.);
#3699=EDGE_CURVE('',#2921,#2919,#2475,.T.);
#3700=EDGE_CURVE('',#2922,#2920,#2476,.T.);
#3701=EDGE_CURVE('',#2922,#2923,#1466,.T.);
#3702=EDGE_CURVE('',#2923,#2921,#2477,.T.);
#3703=EDGE_CURVE('',#2924,#2922,#2478,.T.);
#3704=EDGE_CURVE('',#2924,#2925,#1467,.T.);
#3705=EDGE_CURVE('',#2925,#2923,#2479,.T.);
#3706=EDGE_CURVE('',#2911,#2924,#2480,.T.);
#3707=EDGE_CURVE('',#2913,#2925,#2481,.T.);
#3708=EDGE_CURVE('',#2926,#2927,#1468,.T.);
#3709=EDGE_CURVE('',#2926,#2928,#1469,.T.);
#3710=EDGE_CURVE('',#2928,#2929,#1470,.T.);
#3711=EDGE_CURVE('',#2927,#2929,#1471,.T.);
#3712=EDGE_CURVE('',#2930,#2926,#1472,.T.);
#3713=EDGE_CURVE('',#2930,#2931,#1473,.T.);
#3714=EDGE_CURVE('',#2931,#2928,#1474,.T.);
#3715=EDGE_CURVE('',#2932,#2930,#1475,.T.);
#3716=EDGE_CURVE('',#2932,#2933,#1476,.T.);
#3717=EDGE_CURVE('',#2933,#2931,#1477,.T.);
#3718=EDGE_CURVE('',#2934,#2932,#1478,.T.);
#3719=EDGE_CURVE('',#2934,#2935,#1479,.T.);
#3720=EDGE_CURVE('',#2935,#2933,#1480,.T.);
#3721=EDGE_CURVE('',#2936,#2934,#1481,.T.);
#3722=EDGE_CURVE('',#2936,#2937,#1482,.T.);
#3723=EDGE_CURVE('',#2937,#2935,#1483,.T.);
#3724=EDGE_CURVE('',#2927,#2936,#1484,.T.);
#3725=EDGE_CURVE('',#2929,#2937,#1485,.T.);
#3726=EDGE_CURVE('',#2938,#2939,#1486,.T.);
#3727=EDGE_CURVE('',#2938,#2940,#1487,.T.);
#3728=EDGE_CURVE('',#2940,#2941,#1488,.T.);
#3729=EDGE_CURVE('',#2939,#2941,#1489,.T.);
#3730=EDGE_CURVE('',#2942,#2938,#1490,.T.);
#3731=EDGE_CURVE('',#2942,#2943,#1491,.T.);
#3732=EDGE_CURVE('',#2943,#2940,#1492,.T.);
#3733=EDGE_CURVE('',#2944,#2942,#1493,.T.);
#3734=EDGE_CURVE('',#2944,#2945,#1494,.T.);
#3735=EDGE_CURVE('',#2945,#2943,#1495,.T.);
#3736=EDGE_CURVE('',#2946,#2944,#1496,.T.);
#3737=EDGE_CURVE('',#2946,#2947,#1497,.T.);
#3738=EDGE_CURVE('',#2947,#2945,#1498,.T.);
#3739=EDGE_CURVE('',#2948,#2946,#1499,.T.);
#3740=EDGE_CURVE('',#2948,#2949,#1500,.T.);
#3741=EDGE_CURVE('',#2949,#2947,#1501,.T.);
#3742=EDGE_CURVE('',#2950,#2948,#1502,.T.);
#3743=EDGE_CURVE('',#2950,#2951,#1503,.T.);
#3744=EDGE_CURVE('',#2951,#2949,#1504,.T.);
#3745=EDGE_CURVE('',#2952,#2950,#1505,.T.);
#3746=EDGE_CURVE('',#2952,#2953,#1506,.T.);
#3747=EDGE_CURVE('',#2953,#2951,#1507,.T.);
#3748=EDGE_CURVE('',#2954,#2952,#1508,.T.);
#3749=EDGE_CURVE('',#2954,#2955,#1509,.T.);
#3750=EDGE_CURVE('',#2955,#2953,#1510,.T.);
#3751=EDGE_CURVE('',#2956,#2954,#1511,.T.);
#3752=EDGE_CURVE('',#2956,#2957,#1512,.T.);
#3753=EDGE_CURVE('',#2957,#2955,#1513,.T.);
#3754=EDGE_CURVE('',#2958,#2956,#1514,.T.);
#3755=EDGE_CURVE('',#2958,#2959,#1515,.T.);
#3756=EDGE_CURVE('',#2959,#2957,#1516,.T.);
#3757=EDGE_CURVE('',#2960,#2958,#1517,.T.);
#3758=EDGE_CURVE('',#2960,#2961,#1518,.T.);
#3759=EDGE_CURVE('',#2961,#2959,#1519,.T.);
#3760=EDGE_CURVE('',#2939,#2960,#1520,.T.);
#3761=EDGE_CURVE('',#2941,#2961,#1521,.T.);
#3762=EDGE_CURVE('',#2962,#2963,#1522,.T.);
#3763=EDGE_CURVE('',#2964,#2962,#1523,.T.);
#3764=EDGE_CURVE('',#2965,#2964,#1524,.T.);
#3765=EDGE_CURVE('',#2963,#2965,#1525,.T.);
#3766=EDGE_CURVE('',#2966,#2967,#1526,.T.);
#3767=EDGE_CURVE('',#2967,#2968,#1527,.T.);
#3768=EDGE_CURVE('',#2968,#2969,#1528,.T.);
#3769=EDGE_CURVE('',#2969,#2966,#1529,.T.);
#3770=EDGE_CURVE('',#2970,#2971,#1530,.T.);
#3771=EDGE_CURVE('',#2971,#2972,#1531,.T.);
#3772=EDGE_CURVE('',#2972,#2973,#1532,.T.);
#3773=EDGE_CURVE('',#2973,#2970,#1533,.T.);
#3774=EDGE_CURVE('',#2974,#2975,#1534,.T.);
#3775=EDGE_CURVE('',#2975,#2976,#1535,.T.);
#3776=EDGE_CURVE('',#2976,#2977,#1536,.T.);
#3777=EDGE_CURVE('',#2977,#2974,#1537,.T.);
#3778=EDGE_CURVE('',#2978,#2979,#1538,.T.);
#3779=EDGE_CURVE('',#2967,#2978,#1539,.T.);
#3780=EDGE_CURVE('',#2966,#2979,#1540,.T.);
#3781=EDGE_CURVE('',#2979,#2980,#1541,.T.);
#3782=EDGE_CURVE('',#2969,#2980,#1542,.T.);
#3783=EDGE_CURVE('',#2980,#2981,#1543,.T.);
#3784=EDGE_CURVE('',#2968,#2981,#1544,.T.);
#3785=EDGE_CURVE('',#2981,#2978,#1545,.T.);
#3786=EDGE_CURVE('',#2982,#2983,#1546,.T.);
#3787=EDGE_CURVE('',#2971,#2982,#1547,.T.);
#3788=EDGE_CURVE('',#2970,#2983,#1548,.T.);
#3789=EDGE_CURVE('',#2983,#2984,#1549,.T.);
#3790=EDGE_CURVE('',#2973,#2984,#1550,.T.);
#3791=EDGE_CURVE('',#2984,#2985,#1551,.T.);
#3792=EDGE_CURVE('',#2972,#2985,#1552,.T.);
#3793=EDGE_CURVE('',#2985,#2982,#1553,.T.);
#3794=EDGE_CURVE('',#2986,#2987,#1554,.T.);
#3795=EDGE_CURVE('',#2975,#2986,#1555,.T.);
#3796=EDGE_CURVE('',#2974,#2987,#1556,.T.);
#3797=EDGE_CURVE('',#2988,#2986,#1557,.T.);
#3798=EDGE_CURVE('',#2976,#2988,#1558,.T.);
#3799=EDGE_CURVE('',#2989,#2988,#1559,.T.);
#3800=EDGE_CURVE('',#2977,#2989,#1560,.T.);
#3801=EDGE_CURVE('',#2987,#2989,#1561,.T.);
#3802=EDGE_CURVE('',#2990,#2991,#1562,.T.);
#3803=EDGE_CURVE('',#2990,#2992,#1563,.T.);
#3804=EDGE_CURVE('',#2993,#2992,#1564,.T.);
#3805=EDGE_CURVE('',#2991,#2993,#1565,.T.);
#3806=EDGE_CURVE('',#2991,#2994,#1566,.T.);
#3807=EDGE_CURVE('',#2995,#2993,#1567,.T.);
#3808=EDGE_CURVE('',#2994,#2995,#1568,.T.);
#3809=EDGE_CURVE('',#2994,#2996,#1569,.T.);
#3810=EDGE_CURVE('',#2997,#2995,#1570,.T.);
#3811=EDGE_CURVE('',#2996,#2997,#1571,.T.);
#3812=EDGE_CURVE('',#2996,#2990,#1572,.T.);
#3813=EDGE_CURVE('',#2992,#2997,#1573,.T.);
#3814=EDGE_CURVE('',#2998,#2999,#1574,.T.);
#3815=EDGE_CURVE('',#2998,#3000,#1575,.T.);
#3816=EDGE_CURVE('',#3001,#3000,#1576,.T.);
#3817=EDGE_CURVE('',#2999,#3001,#1577,.T.);
#3818=EDGE_CURVE('',#2999,#3002,#1578,.T.);
#3819=EDGE_CURVE('',#3003,#3001,#1579,.T.);
#3820=EDGE_CURVE('',#3002,#3003,#1580,.T.);
#3821=EDGE_CURVE('',#3002,#3004,#1581,.T.);
#3822=EDGE_CURVE('',#3005,#3003,#1582,.T.);
#3823=EDGE_CURVE('',#3004,#3005,#1583,.T.);
#3824=EDGE_CURVE('',#3004,#2998,#1584,.T.);
#3825=EDGE_CURVE('',#3000,#3005,#1585,.T.);
#3826=EDGE_CURVE('',#3006,#3007,#1586,.T.);
#3827=EDGE_CURVE('',#3007,#3008,#1587,.T.);
#3828=EDGE_CURVE('',#3008,#3009,#1588,.T.);
#3829=EDGE_CURVE('',#3006,#3009,#1589,.T.);
#3830=EDGE_CURVE('',#3010,#3008,#1590,.T.);
#3831=EDGE_CURVE('',#3011,#3010,#1591,.T.);
#3832=EDGE_CURVE('',#3012,#3011,#1592,.T.);
#3833=EDGE_CURVE('',#3012,#3013,#1593,.T.);
#3834=EDGE_CURVE('',#3009,#3013,#1594,.T.);
#3835=EDGE_CURVE('',#3007,#3014,#1595,.T.);
#3836=EDGE_CURVE('',#3014,#3010,#1596,.T.);
#3837=EDGE_CURVE('',#3015,#3016,#1597,.T.);
#3838=EDGE_CURVE('',#3016,#3017,#1598,.T.);
#3839=EDGE_CURVE('',#3017,#3018,#1599,.T.);
#3840=EDGE_CURVE('',#3015,#3018,#1600,.T.);
#3841=EDGE_CURVE('',#3016,#3019,#1601,.T.);
#3842=EDGE_CURVE('',#3019,#3020,#1602,.T.);
#3843=EDGE_CURVE('',#3020,#3017,#1603,.T.);
#3844=EDGE_CURVE('',#3021,#3015,#1604,.T.);
#3845=EDGE_CURVE('',#3022,#3021,#1605,.T.);
#3846=EDGE_CURVE('',#3023,#3022,#1606,.T.);
#3847=EDGE_CURVE('',#3023,#3019,#1607,.T.);
#3848=EDGE_CURVE('',#3024,#3020,#1608,.T.);
#3849=EDGE_CURVE('',#3025,#3024,#1609,.T.);
#3850=EDGE_CURVE('',#3025,#3026,#1610,.T.);
#3851=EDGE_CURVE('',#3026,#3018,#1611,.T.);
#3852=EDGE_CURVE('',#3021,#3026,#1612,.T.);
#3853=EDGE_CURVE('',#3027,#3013,#1613,.T.);
#3854=EDGE_CURVE('',#3006,#3027,#1614,.T.);
#3855=EDGE_CURVE('',#3028,#3025,#1615,.T.);
#3856=EDGE_CURVE('',#3028,#3029,#1616,.T.);
#3857=EDGE_CURVE('',#3029,#3030,#1617,.T.);
#3858=EDGE_CURVE('',#3031,#3030,#1618,.T.);
#3859=EDGE_CURVE('',#3022,#3031,#1619,.T.);
#3860=EDGE_CURVE('',#3032,#3027,#1620,.T.);
#3861=EDGE_CURVE('',#3033,#3032,#1621,.T.);
#3862=EDGE_CURVE('',#3033,#3014,#1622,.T.);
#3863=EDGE_CURVE('',#3032,#3034,#1623,.T.);
#3864=EDGE_CURVE('',#3034,#3028,#1624,.T.);
#3865=EDGE_CURVE('',#3024,#3035,#1625,.T.);
#3866=EDGE_CURVE('',#3035,#3036,#1626,.T.);
#3867=EDGE_CURVE('',#3036,#3033,#1627,.T.);
#3868=EDGE_CURVE('',#3011,#3037,#1628,.T.);
#3869=EDGE_CURVE('',#3037,#3038,#1629,.T.);
#3870=EDGE_CURVE('',#3038,#3023,#1630,.T.);
#3871=EDGE_CURVE('',#3031,#3039,#1631,.T.);
#3872=EDGE_CURVE('',#3039,#3012,#1632,.T.);
#3873=EDGE_CURVE('',#3034,#3040,#1633,.T.);
#3874=EDGE_CURVE('',#3040,#3029,#1634,.T.);
#3875=EDGE_CURVE('',#3039,#3041,#1635,.T.);
#3876=EDGE_CURVE('',#3041,#3040,#1636,.T.);
#3877=EDGE_CURVE('',#3030,#3041,#1637,.T.);
#3878=EDGE_CURVE('',#2962,#3038,#1638,.T.);
#3879=EDGE_CURVE('',#2964,#3037,#1639,.T.);
#3880=EDGE_CURVE('',#2965,#3036,#1640,.T.);
#3881=EDGE_CURVE('',#2963,#3035,#1641,.T.);
#3882=ORIENTED_EDGE('',*,*,#3042,.F.);
#3883=ORIENTED_EDGE('',*,*,#3043,.T.);
#3884=ORIENTED_EDGE('',*,*,#3044,.T.);
#3885=ORIENTED_EDGE('',*,*,#3045,.F.);
#3886=ORIENTED_EDGE('',*,*,#3046,.F.);
#3887=ORIENTED_EDGE('',*,*,#3045,.T.);
#3888=ORIENTED_EDGE('',*,*,#3047,.T.);
#3889=ORIENTED_EDGE('',*,*,#3048,.F.);
#3890=ORIENTED_EDGE('',*,*,#3049,.F.);
#3891=ORIENTED_EDGE('',*,*,#3048,.T.);
#3892=ORIENTED_EDGE('',*,*,#3050,.T.);
#3893=ORIENTED_EDGE('',*,*,#3051,.F.);
#3894=ORIENTED_EDGE('',*,*,#3052,.F.);
#3895=ORIENTED_EDGE('',*,*,#3051,.T.);
#3896=ORIENTED_EDGE('',*,*,#3053,.T.);
#3897=ORIENTED_EDGE('',*,*,#3054,.F.);
#3898=ORIENTED_EDGE('',*,*,#3055,.F.);
#3899=ORIENTED_EDGE('',*,*,#3054,.T.);
#3900=ORIENTED_EDGE('',*,*,#3056,.T.);
#3901=ORIENTED_EDGE('',*,*,#3057,.F.);
#3902=ORIENTED_EDGE('',*,*,#3058,.F.);
#3903=ORIENTED_EDGE('',*,*,#3057,.T.);
#3904=ORIENTED_EDGE('',*,*,#3059,.T.);
#3905=ORIENTED_EDGE('',*,*,#3060,.F.);
#3906=ORIENTED_EDGE('',*,*,#3061,.F.);
#3907=ORIENTED_EDGE('',*,*,#3060,.T.);
#3908=ORIENTED_EDGE('',*,*,#3062,.T.);
#3909=ORIENTED_EDGE('',*,*,#3043,.F.);
#3910=ORIENTED_EDGE('',*,*,#3063,.F.);
#3911=ORIENTED_EDGE('',*,*,#3064,.T.);
#3912=ORIENTED_EDGE('',*,*,#3065,.T.);
#3913=ORIENTED_EDGE('',*,*,#3066,.F.);
#3914=ORIENTED_EDGE('',*,*,#3067,.F.);
#3915=ORIENTED_EDGE('',*,*,#3068,.T.);
#3916=ORIENTED_EDGE('',*,*,#3069,.T.);
#3917=ORIENTED_EDGE('',*,*,#3064,.F.);
#3918=ORIENTED_EDGE('',*,*,#3070,.F.);
#3919=ORIENTED_EDGE('',*,*,#3071,.T.);
#3920=ORIENTED_EDGE('',*,*,#3072,.T.);
#3921=ORIENTED_EDGE('',*,*,#3068,.F.);
#3922=ORIENTED_EDGE('',*,*,#3073,.F.);
#3923=ORIENTED_EDGE('',*,*,#3074,.T.);
#3924=ORIENTED_EDGE('',*,*,#3075,.T.);
#3925=ORIENTED_EDGE('',*,*,#3071,.F.);
#3926=ORIENTED_EDGE('',*,*,#3076,.F.);
#3927=ORIENTED_EDGE('',*,*,#3077,.T.);
#3928=ORIENTED_EDGE('',*,*,#3078,.T.);
#3929=ORIENTED_EDGE('',*,*,#3074,.F.);
#3930=ORIENTED_EDGE('',*,*,#3079,.F.);
#3931=ORIENTED_EDGE('',*,*,#3080,.T.);
#3932=ORIENTED_EDGE('',*,*,#3081,.T.);
#3933=ORIENTED_EDGE('',*,*,#3077,.F.);
#3934=ORIENTED_EDGE('',*,*,#3082,.F.);
#3935=ORIENTED_EDGE('',*,*,#3083,.T.);
#3936=ORIENTED_EDGE('',*,*,#3084,.T.);
#3937=ORIENTED_EDGE('',*,*,#3080,.F.);
#3938=ORIENTED_EDGE('',*,*,#3085,.F.);
#3939=ORIENTED_EDGE('',*,*,#3086,.T.);
#3940=ORIENTED_EDGE('',*,*,#3087,.T.);
#3941=ORIENTED_EDGE('',*,*,#3083,.F.);
#3942=ORIENTED_EDGE('',*,*,#3088,.F.);
#3943=ORIENTED_EDGE('',*,*,#3089,.T.);
#3944=ORIENTED_EDGE('',*,*,#3090,.T.);
#3945=ORIENTED_EDGE('',*,*,#3086,.F.);
#3946=ORIENTED_EDGE('',*,*,#3091,.F.);
#3947=ORIENTED_EDGE('',*,*,#3092,.T.);
#3948=ORIENTED_EDGE('',*,*,#3093,.T.);
#3949=ORIENTED_EDGE('',*,*,#3089,.F.);
#3950=ORIENTED_EDGE('',*,*,#3094,.F.);
#3951=ORIENTED_EDGE('',*,*,#3066,.T.);
#3952=ORIENTED_EDGE('',*,*,#3095,.T.);
#3953=ORIENTED_EDGE('',*,*,#3092,.F.);
#3954=ORIENTED_EDGE('',*,*,#3095,.F.);
#3955=ORIENTED_EDGE('',*,*,#3065,.F.);
#3956=ORIENTED_EDGE('',*,*,#3069,.F.);
#3957=ORIENTED_EDGE('',*,*,#3072,.F.);
#3958=ORIENTED_EDGE('',*,*,#3075,.F.);
#3959=ORIENTED_EDGE('',*,*,#3078,.F.);
#3960=ORIENTED_EDGE('',*,*,#3081,.F.);
#3961=ORIENTED_EDGE('',*,*,#3084,.F.);
#3962=ORIENTED_EDGE('',*,*,#3087,.F.);
#3963=ORIENTED_EDGE('',*,*,#3090,.F.);
#3964=ORIENTED_EDGE('',*,*,#3093,.F.);
#3965=ORIENTED_EDGE('',*,*,#3044,.F.);
#3966=ORIENTED_EDGE('',*,*,#3062,.F.);
#3967=ORIENTED_EDGE('',*,*,#3059,.F.);
#3968=ORIENTED_EDGE('',*,*,#3056,.F.);
#3969=ORIENTED_EDGE('',*,*,#3053,.F.);
#3970=ORIENTED_EDGE('',*,*,#3050,.F.);
#3971=ORIENTED_EDGE('',*,*,#3047,.F.);
#3972=ORIENTED_EDGE('',*,*,#3096,.F.);
#3973=ORIENTED_EDGE('',*,*,#3097,.T.);
#3974=ORIENTED_EDGE('',*,*,#3098,.T.);
#3975=ORIENTED_EDGE('',*,*,#3099,.F.);
#3976=ORIENTED_EDGE('',*,*,#3100,.F.);
#3977=ORIENTED_EDGE('',*,*,#3101,.T.);
#3978=ORIENTED_EDGE('',*,*,#3102,.T.);
#3979=ORIENTED_EDGE('',*,*,#3097,.F.);
#3980=ORIENTED_EDGE('',*,*,#3103,.F.);
#3981=ORIENTED_EDGE('',*,*,#3104,.T.);
#3982=ORIENTED_EDGE('',*,*,#3105,.T.);
#3983=ORIENTED_EDGE('',*,*,#3101,.F.);
#3984=ORIENTED_EDGE('',*,*,#3106,.F.);
#3985=ORIENTED_EDGE('',*,*,#3107,.T.);
#3986=ORIENTED_EDGE('',*,*,#3108,.T.);
#3987=ORIENTED_EDGE('',*,*,#3104,.F.);
#3988=ORIENTED_EDGE('',*,*,#3109,.F.);
#3989=ORIENTED_EDGE('',*,*,#3110,.T.);
#3990=ORIENTED_EDGE('',*,*,#3111,.T.);
#3991=ORIENTED_EDGE('',*,*,#3107,.F.);
#3992=ORIENTED_EDGE('',*,*,#3112,.F.);
#3993=ORIENTED_EDGE('',*,*,#3099,.T.);
#3994=ORIENTED_EDGE('',*,*,#3113,.T.);
#3995=ORIENTED_EDGE('',*,*,#3110,.F.);
#3996=ORIENTED_EDGE('',*,*,#3113,.F.);
#3997=ORIENTED_EDGE('',*,*,#3098,.F.);
#3998=ORIENTED_EDGE('',*,*,#3102,.F.);
#3999=ORIENTED_EDGE('',*,*,#3105,.F.);
#4000=ORIENTED_EDGE('',*,*,#3108,.F.);
#4001=ORIENTED_EDGE('',*,*,#3111,.F.);
#4002=ORIENTED_EDGE('',*,*,#3114,.F.);
#4003=ORIENTED_EDGE('',*,*,#3115,.T.);
#4004=ORIENTED_EDGE('',*,*,#3116,.T.);
#4005=ORIENTED_EDGE('',*,*,#3117,.F.);
#4006=ORIENTED_EDGE('',*,*,#3118,.F.);
#4007=ORIENTED_EDGE('',*,*,#3119,.T.);
#4008=ORIENTED_EDGE('',*,*,#3120,.T.);
#4009=ORIENTED_EDGE('',*,*,#3115,.F.);
#4010=ORIENTED_EDGE('',*,*,#3121,.F.);
#4011=ORIENTED_EDGE('',*,*,#3122,.T.);
#4012=ORIENTED_EDGE('',*,*,#3123,.T.);
#4013=ORIENTED_EDGE('',*,*,#3119,.F.);
#4014=ORIENTED_EDGE('',*,*,#3124,.F.);
#4015=ORIENTED_EDGE('',*,*,#3125,.T.);
#4016=ORIENTED_EDGE('',*,*,#3126,.T.);
#4017=ORIENTED_EDGE('',*,*,#3122,.F.);
#4018=ORIENTED_EDGE('',*,*,#3127,.F.);
#4019=ORIENTED_EDGE('',*,*,#3128,.T.);
#4020=ORIENTED_EDGE('',*,*,#3129,.T.);
#4021=ORIENTED_EDGE('',*,*,#3125,.F.);
#4022=ORIENTED_EDGE('',*,*,#3130,.F.);
#4023=ORIENTED_EDGE('',*,*,#3131,.T.);
#4024=ORIENTED_EDGE('',*,*,#3132,.T.);
#4025=ORIENTED_EDGE('',*,*,#3128,.F.);
#4026=ORIENTED_EDGE('',*,*,#3133,.F.);
#4027=ORIENTED_EDGE('',*,*,#3134,.T.);
#4028=ORIENTED_EDGE('',*,*,#3135,.T.);
#4029=ORIENTED_EDGE('',*,*,#3131,.F.);
#4030=ORIENTED_EDGE('',*,*,#3136,.F.);
#4031=ORIENTED_EDGE('',*,*,#3117,.T.);
#4032=ORIENTED_EDGE('',*,*,#3137,.T.);
#4033=ORIENTED_EDGE('',*,*,#3134,.F.);
#4034=ORIENTED_EDGE('',*,*,#3137,.F.);
#4035=ORIENTED_EDGE('',*,*,#3116,.F.);
#4036=ORIENTED_EDGE('',*,*,#3120,.F.);
#4037=ORIENTED_EDGE('',*,*,#3123,.F.);
#4038=ORIENTED_EDGE('',*,*,#3126,.F.);
#4039=ORIENTED_EDGE('',*,*,#3129,.F.);
#4040=ORIENTED_EDGE('',*,*,#3132,.F.);
#4041=ORIENTED_EDGE('',*,*,#3135,.F.);
#4042=ORIENTED_EDGE('',*,*,#3138,.F.);
#4043=ORIENTED_EDGE('',*,*,#3139,.T.);
#4044=ORIENTED_EDGE('',*,*,#3140,.T.);
#4045=ORIENTED_EDGE('',*,*,#3141,.F.);
#4046=ORIENTED_EDGE('',*,*,#3142,.F.);
#4047=ORIENTED_EDGE('',*,*,#3143,.T.);
#4048=ORIENTED_EDGE('',*,*,#3144,.T.);
#4049=ORIENTED_EDGE('',*,*,#3139,.F.);
#4050=ORIENTED_EDGE('',*,*,#3145,.F.);
#4051=ORIENTED_EDGE('',*,*,#3146,.T.);
#4052=ORIENTED_EDGE('',*,*,#3147,.T.);
#4053=ORIENTED_EDGE('',*,*,#3143,.F.);
#4054=ORIENTED_EDGE('',*,*,#3148,.F.);
#4055=ORIENTED_EDGE('',*,*,#3149,.T.);
#4056=ORIENTED_EDGE('',*,*,#3150,.T.);
#4057=ORIENTED_EDGE('',*,*,#3146,.F.);
#4058=ORIENTED_EDGE('',*,*,#3151,.F.);
#4059=ORIENTED_EDGE('',*,*,#3152,.T.);
#4060=ORIENTED_EDGE('',*,*,#3153,.T.);
#4061=ORIENTED_EDGE('',*,*,#3149,.F.);
#4062=ORIENTED_EDGE('',*,*,#3154,.F.);
#4063=ORIENTED_EDGE('',*,*,#3155,.T.);
#4064=ORIENTED_EDGE('',*,*,#3156,.T.);
#4065=ORIENTED_EDGE('',*,*,#3152,.F.);
#4066=ORIENTED_EDGE('',*,*,#3157,.F.);
#4067=ORIENTED_EDGE('',*,*,#3158,.T.);
#4068=ORIENTED_EDGE('',*,*,#3159,.T.);
#4069=ORIENTED_EDGE('',*,*,#3155,.F.);
#4070=ORIENTED_EDGE('',*,*,#3160,.F.);
#4071=ORIENTED_EDGE('',*,*,#3161,.T.);
#4072=ORIENTED_EDGE('',*,*,#3162,.T.);
#4073=ORIENTED_EDGE('',*,*,#3158,.F.);
#4074=ORIENTED_EDGE('',*,*,#3163,.F.);
#4075=ORIENTED_EDGE('',*,*,#3164,.T.);
#4076=ORIENTED_EDGE('',*,*,#3165,.T.);
#4077=ORIENTED_EDGE('',*,*,#3161,.F.);
#4078=ORIENTED_EDGE('',*,*,#3166,.F.);
#4079=ORIENTED_EDGE('',*,*,#3167,.T.);
#4080=ORIENTED_EDGE('',*,*,#3168,.T.);
#4081=ORIENTED_EDGE('',*,*,#3164,.F.);
#4082=ORIENTED_EDGE('',*,*,#3169,.F.);
#4083=ORIENTED_EDGE('',*,*,#3170,.T.);
#4084=ORIENTED_EDGE('',*,*,#3171,.T.);
#4085=ORIENTED_EDGE('',*,*,#3167,.F.);
#4086=ORIENTED_EDGE('',*,*,#3172,.F.);
#4087=ORIENTED_EDGE('',*,*,#3173,.T.);
#4088=ORIENTED_EDGE('',*,*,#3174,.T.);
#4089=ORIENTED_EDGE('',*,*,#3170,.F.);
#4090=ORIENTED_EDGE('',*,*,#3175,.F.);
#4091=ORIENTED_EDGE('',*,*,#3176,.T.);
#4092=ORIENTED_EDGE('',*,*,#3177,.T.);
#4093=ORIENTED_EDGE('',*,*,#3173,.F.);
#4094=ORIENTED_EDGE('',*,*,#3178,.F.);
#4095=ORIENTED_EDGE('',*,*,#3179,.T.);
#4096=ORIENTED_EDGE('',*,*,#3180,.T.);
#4097=ORIENTED_EDGE('',*,*,#3176,.F.);
#4098=ORIENTED_EDGE('',*,*,#3181,.F.);
#4099=ORIENTED_EDGE('',*,*,#3182,.T.);
#4100=ORIENTED_EDGE('',*,*,#3183,.T.);
#4101=ORIENTED_EDGE('',*,*,#3179,.F.);
#4102=ORIENTED_EDGE('',*,*,#3184,.F.);
#4103=ORIENTED_EDGE('',*,*,#3185,.T.);
#4104=ORIENTED_EDGE('',*,*,#3186,.T.);
#4105=ORIENTED_EDGE('',*,*,#3182,.F.);
#4106=ORIENTED_EDGE('',*,*,#3187,.F.);
#4107=ORIENTED_EDGE('',*,*,#3188,.T.);
#4108=ORIENTED_EDGE('',*,*,#3189,.T.);
#4109=ORIENTED_EDGE('',*,*,#3185,.F.);
#4110=ORIENTED_EDGE('',*,*,#3190,.F.);
#4111=ORIENTED_EDGE('',*,*,#3191,.T.);
#4112=ORIENTED_EDGE('',*,*,#3192,.T.);
#4113=ORIENTED_EDGE('',*,*,#3188,.F.);
#4114=ORIENTED_EDGE('',*,*,#3193,.F.);
#4115=ORIENTED_EDGE('',*,*,#3194,.T.);
#4116=ORIENTED_EDGE('',*,*,#3195,.T.);
#4117=ORIENTED_EDGE('',*,*,#3191,.F.);
#4118=ORIENTED_EDGE('',*,*,#3196,.F.);
#4119=ORIENTED_EDGE('',*,*,#3141,.T.);
#4120=ORIENTED_EDGE('',*,*,#3197,.T.);
#4121=ORIENTED_EDGE('',*,*,#3194,.F.);
#4122=ORIENTED_EDGE('',*,*,#3197,.F.);
#4123=ORIENTED_EDGE('',*,*,#3140,.F.);
#4124=ORIENTED_EDGE('',*,*,#3144,.F.);
#4125=ORIENTED_EDGE('',*,*,#3147,.F.);
#4126=ORIENTED_EDGE('',*,*,#3150,.F.);
#4127=ORIENTED_EDGE('',*,*,#3153,.F.);
#4128=ORIENTED_EDGE('',*,*,#3156,.F.);
#4129=ORIENTED_EDGE('',*,*,#3159,.F.);
#4130=ORIENTED_EDGE('',*,*,#3162,.F.);
#4131=ORIENTED_EDGE('',*,*,#3165,.F.);
#4132=ORIENTED_EDGE('',*,*,#3168,.F.);
#4133=ORIENTED_EDGE('',*,*,#3171,.F.);
#4134=ORIENTED_EDGE('',*,*,#3174,.F.);
#4135=ORIENTED_EDGE('',*,*,#3177,.F.);
#4136=ORIENTED_EDGE('',*,*,#3180,.F.);
#4137=ORIENTED_EDGE('',*,*,#3183,.F.);
#4138=ORIENTED_EDGE('',*,*,#3186,.F.);
#4139=ORIENTED_EDGE('',*,*,#3189,.F.);
#4140=ORIENTED_EDGE('',*,*,#3192,.F.);
#4141=ORIENTED_EDGE('',*,*,#3195,.F.);
#4142=ORIENTED_EDGE('',*,*,#3198,.F.);
#4143=ORIENTED_EDGE('',*,*,#3199,.T.);
#4144=ORIENTED_EDGE('',*,*,#3200,.T.);
#4145=ORIENTED_EDGE('',*,*,#3201,.F.);
#4146=ORIENTED_EDGE('',*,*,#3202,.F.);
#4147=ORIENTED_EDGE('',*,*,#3201,.T.);
#4148=ORIENTED_EDGE('',*,*,#3203,.T.);
#4149=ORIENTED_EDGE('',*,*,#3204,.F.);
#4150=ORIENTED_EDGE('',*,*,#3205,.F.);
#4151=ORIENTED_EDGE('',*,*,#3204,.T.);
#4152=ORIENTED_EDGE('',*,*,#3206,.T.);
#4153=ORIENTED_EDGE('',*,*,#3207,.F.);
#4154=ORIENTED_EDGE('',*,*,#3208,.F.);
#4155=ORIENTED_EDGE('',*,*,#3207,.T.);
#4156=ORIENTED_EDGE('',*,*,#3209,.T.);
#4157=ORIENTED_EDGE('',*,*,#3210,.F.);
#4158=ORIENTED_EDGE('',*,*,#3211,.F.);
#4159=ORIENTED_EDGE('',*,*,#3210,.T.);
#4160=ORIENTED_EDGE('',*,*,#3212,.T.);
#4161=ORIENTED_EDGE('',*,*,#3213,.F.);
#4162=ORIENTED_EDGE('',*,*,#3214,.F.);
#4163=ORIENTED_EDGE('',*,*,#3213,.T.);
#4164=ORIENTED_EDGE('',*,*,#3215,.T.);
#4165=ORIENTED_EDGE('',*,*,#3216,.F.);
#4166=ORIENTED_EDGE('',*,*,#3217,.F.);
#4167=ORIENTED_EDGE('',*,*,#3216,.T.);
#4168=ORIENTED_EDGE('',*,*,#3218,.T.);
#4169=ORIENTED_EDGE('',*,*,#3199,.F.);
#4170=ORIENTED_EDGE('',*,*,#3219,.F.);
#4171=ORIENTED_EDGE('',*,*,#3220,.T.);
#4172=ORIENTED_EDGE('',*,*,#3221,.T.);
#4173=ORIENTED_EDGE('',*,*,#3222,.F.);
#4174=ORIENTED_EDGE('',*,*,#3223,.F.);
#4175=ORIENTED_EDGE('',*,*,#3224,.T.);
#4176=ORIENTED_EDGE('',*,*,#3225,.T.);
#4177=ORIENTED_EDGE('',*,*,#3220,.F.);
#4178=ORIENTED_EDGE('',*,*,#3226,.F.);
#4179=ORIENTED_EDGE('',*,*,#3227,.T.);
#4180=ORIENTED_EDGE('',*,*,#3228,.T.);
#4181=ORIENTED_EDGE('',*,*,#3224,.F.);
#4182=ORIENTED_EDGE('',*,*,#3229,.F.);
#4183=ORIENTED_EDGE('',*,*,#3230,.T.);
#4184=ORIENTED_EDGE('',*,*,#3231,.T.);
#4185=ORIENTED_EDGE('',*,*,#3227,.F.);
#4186=ORIENTED_EDGE('',*,*,#3232,.F.);
#4187=ORIENTED_EDGE('',*,*,#3233,.T.);
#4188=ORIENTED_EDGE('',*,*,#3234,.T.);
#4189=ORIENTED_EDGE('',*,*,#3230,.F.);
#4190=ORIENTED_EDGE('',*,*,#3235,.F.);
#4191=ORIENTED_EDGE('',*,*,#3236,.T.);
#4192=ORIENTED_EDGE('',*,*,#3237,.T.);
#4193=ORIENTED_EDGE('',*,*,#3233,.F.);
#4194=ORIENTED_EDGE('',*,*,#3238,.F.);
#4195=ORIENTED_EDGE('',*,*,#3239,.T.);
#4196=ORIENTED_EDGE('',*,*,#3240,.T.);
#4197=ORIENTED_EDGE('',*,*,#3236,.F.);
#4198=ORIENTED_EDGE('',*,*,#3241,.F.);
#4199=ORIENTED_EDGE('',*,*,#3242,.T.);
#4200=ORIENTED_EDGE('',*,*,#3243,.T.);
#4201=ORIENTED_EDGE('',*,*,#3239,.F.);
#4202=ORIENTED_EDGE('',*,*,#3244,.F.);
#4203=ORIENTED_EDGE('',*,*,#3245,.T.);
#4204=ORIENTED_EDGE('',*,*,#3246,.T.);
#4205=ORIENTED_EDGE('',*,*,#3242,.F.);
#4206=ORIENTED_EDGE('',*,*,#3247,.F.);
#4207=ORIENTED_EDGE('',*,*,#3248,.T.);
#4208=ORIENTED_EDGE('',*,*,#3249,.T.);
#4209=ORIENTED_EDGE('',*,*,#3245,.F.);
#4210=ORIENTED_EDGE('',*,*,#3250,.F.);
#4211=ORIENTED_EDGE('',*,*,#3222,.T.);
#4212=ORIENTED_EDGE('',*,*,#3251,.T.);
#4213=ORIENTED_EDGE('',*,*,#3248,.F.);
#4214=ORIENTED_EDGE('',*,*,#3251,.F.);
#4215=ORIENTED_EDGE('',*,*,#3221,.F.);
#4216=ORIENTED_EDGE('',*,*,#3225,.F.);
#4217=ORIENTED_EDGE('',*,*,#3228,.F.);
#4218=ORIENTED_EDGE('',*,*,#3231,.F.);
#4219=ORIENTED_EDGE('',*,*,#3234,.F.);
#4220=ORIENTED_EDGE('',*,*,#3237,.F.);
#4221=ORIENTED_EDGE('',*,*,#3240,.F.);
#4222=ORIENTED_EDGE('',*,*,#3243,.F.);
#4223=ORIENTED_EDGE('',*,*,#3246,.F.);
#4224=ORIENTED_EDGE('',*,*,#3249,.F.);
#4225=ORIENTED_EDGE('',*,*,#3200,.F.);
#4226=ORIENTED_EDGE('',*,*,#3218,.F.);
#4227=ORIENTED_EDGE('',*,*,#3215,.F.);
#4228=ORIENTED_EDGE('',*,*,#3212,.F.);
#4229=ORIENTED_EDGE('',*,*,#3209,.F.);
#4230=ORIENTED_EDGE('',*,*,#3206,.F.);
#4231=ORIENTED_EDGE('',*,*,#3203,.F.);
#4232=ORIENTED_EDGE('',*,*,#3252,.F.);
#4233=ORIENTED_EDGE('',*,*,#3253,.T.);
#4234=ORIENTED_EDGE('',*,*,#3254,.T.);
#4235=ORIENTED_EDGE('',*,*,#3255,.F.);
#4236=ORIENTED_EDGE('',*,*,#3256,.F.);
#4237=ORIENTED_EDGE('',*,*,#3257,.T.);
#4238=ORIENTED_EDGE('',*,*,#3258,.T.);
#4239=ORIENTED_EDGE('',*,*,#3253,.F.);
#4240=ORIENTED_EDGE('',*,*,#3259,.F.);
#4241=ORIENTED_EDGE('',*,*,#3260,.T.);
#4242=ORIENTED_EDGE('',*,*,#3261,.T.);
#4243=ORIENTED_EDGE('',*,*,#3257,.F.);
#4244=ORIENTED_EDGE('',*,*,#3262,.F.);
#4245=ORIENTED_EDGE('',*,*,#3263,.T.);
#4246=ORIENTED_EDGE('',*,*,#3264,.T.);
#4247=ORIENTED_EDGE('',*,*,#3260,.F.);
#4248=ORIENTED_EDGE('',*,*,#3265,.F.);
#4249=ORIENTED_EDGE('',*,*,#3266,.T.);
#4250=ORIENTED_EDGE('',*,*,#3267,.T.);
#4251=ORIENTED_EDGE('',*,*,#3263,.F.);
#4252=ORIENTED_EDGE('',*,*,#3268,.F.);
#4253=ORIENTED_EDGE('',*,*,#3269,.T.);
#4254=ORIENTED_EDGE('',*,*,#3270,.T.);
#4255=ORIENTED_EDGE('',*,*,#3266,.F.);
#4256=ORIENTED_EDGE('',*,*,#3271,.F.);
#4257=ORIENTED_EDGE('',*,*,#3272,.T.);
#4258=ORIENTED_EDGE('',*,*,#3273,.T.);
#4259=ORIENTED_EDGE('',*,*,#3269,.F.);
#4260=ORIENTED_EDGE('',*,*,#3274,.F.);
#4261=ORIENTED_EDGE('',*,*,#3255,.T.);
#4262=ORIENTED_EDGE('',*,*,#3275,.T.);
#4263=ORIENTED_EDGE('',*,*,#3272,.F.);
#4264=ORIENTED_EDGE('',*,*,#3275,.F.);
#4265=ORIENTED_EDGE('',*,*,#3254,.F.);
#4266=ORIENTED_EDGE('',*,*,#3258,.F.);
#4267=ORIENTED_EDGE('',*,*,#3261,.F.);
#4268=ORIENTED_EDGE('',*,*,#3264,.F.);
#4269=ORIENTED_EDGE('',*,*,#3267,.F.);
#4270=ORIENTED_EDGE('',*,*,#3270,.F.);
#4271=ORIENTED_EDGE('',*,*,#3273,.F.);
#4272=ORIENTED_EDGE('',*,*,#3276,.F.);
#4273=ORIENTED_EDGE('',*,*,#3277,.T.);
#4274=ORIENTED_EDGE('',*,*,#3278,.T.);
#4275=ORIENTED_EDGE('',*,*,#3279,.F.);
#4276=ORIENTED_EDGE('',*,*,#3280,.F.);
#4277=ORIENTED_EDGE('',*,*,#3279,.T.);
#4278=ORIENTED_EDGE('',*,*,#3281,.T.);
#4279=ORIENTED_EDGE('',*,*,#3282,.F.);
#4280=ORIENTED_EDGE('',*,*,#3283,.F.);
#4281=ORIENTED_EDGE('',*,*,#3282,.T.);
#4282=ORIENTED_EDGE('',*,*,#3284,.T.);
#4283=ORIENTED_EDGE('',*,*,#3277,.F.);
#4284=ORIENTED_EDGE('',*,*,#3285,.F.);
#4285=ORIENTED_EDGE('',*,*,#3286,.T.);
#4286=ORIENTED_EDGE('',*,*,#3287,.T.);
#4287=ORIENTED_EDGE('',*,*,#3288,.F.);
#4288=ORIENTED_EDGE('',*,*,#3289,.F.);
#4289=ORIENTED_EDGE('',*,*,#3290,.T.);
#4290=ORIENTED_EDGE('',*,*,#3291,.T.);
#4291=ORIENTED_EDGE('',*,*,#3286,.F.);
#4292=ORIENTED_EDGE('',*,*,#3292,.F.);
#4293=ORIENTED_EDGE('',*,*,#3293,.T.);
#4294=ORIENTED_EDGE('',*,*,#3294,.T.);
#4295=ORIENTED_EDGE('',*,*,#3290,.F.);
#4296=ORIENTED_EDGE('',*,*,#3295,.F.);
#4297=ORIENTED_EDGE('',*,*,#3296,.T.);
#4298=ORIENTED_EDGE('',*,*,#3297,.T.);
#4299=ORIENTED_EDGE('',*,*,#3293,.F.);
#4300=ORIENTED_EDGE('',*,*,#3298,.F.);
#4301=ORIENTED_EDGE('',*,*,#3299,.T.);
#4302=ORIENTED_EDGE('',*,*,#3300,.T.);
#4303=ORIENTED_EDGE('',*,*,#3296,.F.);
#4304=ORIENTED_EDGE('',*,*,#3301,.F.);
#4305=ORIENTED_EDGE('',*,*,#3302,.T.);
#4306=ORIENTED_EDGE('',*,*,#3303,.T.);
#4307=ORIENTED_EDGE('',*,*,#3299,.F.);
#4308=ORIENTED_EDGE('',*,*,#3304,.F.);
#4309=ORIENTED_EDGE('',*,*,#3305,.T.);
#4310=ORIENTED_EDGE('',*,*,#3306,.T.);
#4311=ORIENTED_EDGE('',*,*,#3302,.F.);
#4312=ORIENTED_EDGE('',*,*,#3307,.F.);
#4313=ORIENTED_EDGE('',*,*,#3288,.T.);
#4314=ORIENTED_EDGE('',*,*,#3308,.T.);
#4315=ORIENTED_EDGE('',*,*,#3305,.F.);
#4316=ORIENTED_EDGE('',*,*,#3308,.F.);
#4317=ORIENTED_EDGE('',*,*,#3287,.F.);
#4318=ORIENTED_EDGE('',*,*,#3291,.F.);
#4319=ORIENTED_EDGE('',*,*,#3294,.F.);
#4320=ORIENTED_EDGE('',*,*,#3297,.F.);
#4321=ORIENTED_EDGE('',*,*,#3300,.F.);
#4322=ORIENTED_EDGE('',*,*,#3303,.F.);
#4323=ORIENTED_EDGE('',*,*,#3306,.F.);
#4324=ORIENTED_EDGE('',*,*,#3278,.F.);
#4325=ORIENTED_EDGE('',*,*,#3284,.F.);
#4326=ORIENTED_EDGE('',*,*,#3281,.F.);
#4327=ORIENTED_EDGE('',*,*,#3309,.F.);
#4328=ORIENTED_EDGE('',*,*,#3310,.T.);
#4329=ORIENTED_EDGE('',*,*,#3311,.T.);
#4330=ORIENTED_EDGE('',*,*,#3312,.F.);
#4331=ORIENTED_EDGE('',*,*,#3313,.F.);
#4332=ORIENTED_EDGE('',*,*,#3314,.T.);
#4333=ORIENTED_EDGE('',*,*,#3315,.T.);
#4334=ORIENTED_EDGE('',*,*,#3310,.F.);
#4335=ORIENTED_EDGE('',*,*,#3316,.F.);
#4336=ORIENTED_EDGE('',*,*,#3317,.T.);
#4337=ORIENTED_EDGE('',*,*,#3318,.T.);
#4338=ORIENTED_EDGE('',*,*,#3314,.F.);
#4339=ORIENTED_EDGE('',*,*,#3319,.F.);
#4340=ORIENTED_EDGE('',*,*,#3320,.T.);
#4341=ORIENTED_EDGE('',*,*,#3321,.T.);
#4342=ORIENTED_EDGE('',*,*,#3317,.F.);
#4343=ORIENTED_EDGE('',*,*,#3322,.F.);
#4344=ORIENTED_EDGE('',*,*,#3323,.T.);
#4345=ORIENTED_EDGE('',*,*,#3324,.T.);
#4346=ORIENTED_EDGE('',*,*,#3320,.F.);
#4347=ORIENTED_EDGE('',*,*,#3325,.F.);
#4348=ORIENTED_EDGE('',*,*,#3326,.T.);
#4349=ORIENTED_EDGE('',*,*,#3327,.T.);
#4350=ORIENTED_EDGE('',*,*,#3323,.F.);
#4351=ORIENTED_EDGE('',*,*,#3328,.F.);
#4352=ORIENTED_EDGE('',*,*,#3329,.T.);
#4353=ORIENTED_EDGE('',*,*,#3330,.T.);
#4354=ORIENTED_EDGE('',*,*,#3326,.F.);
#4355=ORIENTED_EDGE('',*,*,#3331,.F.);
#4356=ORIENTED_EDGE('',*,*,#3332,.T.);
#4357=ORIENTED_EDGE('',*,*,#3333,.T.);
#4358=ORIENTED_EDGE('',*,*,#3329,.F.);
#4359=ORIENTED_EDGE('',*,*,#3334,.F.);
#4360=ORIENTED_EDGE('',*,*,#3335,.T.);
#4361=ORIENTED_EDGE('',*,*,#3336,.T.);
#4362=ORIENTED_EDGE('',*,*,#3332,.F.);
#4363=ORIENTED_EDGE('',*,*,#3337,.F.);
#4364=ORIENTED_EDGE('',*,*,#3338,.T.);
#4365=ORIENTED_EDGE('',*,*,#3339,.T.);
#4366=ORIENTED_EDGE('',*,*,#3335,.F.);
#4367=ORIENTED_EDGE('',*,*,#3340,.F.);
#4368=ORIENTED_EDGE('',*,*,#3341,.T.);
#4369=ORIENTED_EDGE('',*,*,#3342,.T.);
#4370=ORIENTED_EDGE('',*,*,#3338,.F.);
#4371=ORIENTED_EDGE('',*,*,#3343,.F.);
#4372=ORIENTED_EDGE('',*,*,#3312,.T.);
#4373=ORIENTED_EDGE('',*,*,#3344,.T.);
#4374=ORIENTED_EDGE('',*,*,#3341,.F.);
#4375=ORIENTED_EDGE('',*,*,#3344,.F.);
#4376=ORIENTED_EDGE('',*,*,#3311,.F.);
#4377=ORIENTED_EDGE('',*,*,#3315,.F.);
#4378=ORIENTED_EDGE('',*,*,#3318,.F.);
#4379=ORIENTED_EDGE('',*,*,#3321,.F.);
#4380=ORIENTED_EDGE('',*,*,#3324,.F.);
#4381=ORIENTED_EDGE('',*,*,#3327,.F.);
#4382=ORIENTED_EDGE('',*,*,#3330,.F.);
#4383=ORIENTED_EDGE('',*,*,#3333,.F.);
#4384=ORIENTED_EDGE('',*,*,#3336,.F.);
#4385=ORIENTED_EDGE('',*,*,#3339,.F.);
#4386=ORIENTED_EDGE('',*,*,#3342,.F.);
#4387=ORIENTED_EDGE('',*,*,#3345,.F.);
#4388=ORIENTED_EDGE('',*,*,#3346,.T.);
#4389=ORIENTED_EDGE('',*,*,#3347,.T.);
#4390=ORIENTED_EDGE('',*,*,#3348,.F.);
#4391=ORIENTED_EDGE('',*,*,#3349,.F.);
#4392=ORIENTED_EDGE('',*,*,#3348,.T.);
#4393=ORIENTED_EDGE('',*,*,#3350,.T.);
#4394=ORIENTED_EDGE('',*,*,#3351,.F.);
#4395=ORIENTED_EDGE('',*,*,#3352,.F.);
#4396=ORIENTED_EDGE('',*,*,#3351,.T.);
#4397=ORIENTED_EDGE('',*,*,#3353,.T.);
#4398=ORIENTED_EDGE('',*,*,#3354,.F.);
#4399=ORIENTED_EDGE('',*,*,#3355,.F.);
#4400=ORIENTED_EDGE('',*,*,#3354,.T.);
#4401=ORIENTED_EDGE('',*,*,#3356,.T.);
#4402=ORIENTED_EDGE('',*,*,#3357,.F.);
#4403=ORIENTED_EDGE('',*,*,#3358,.F.);
#4404=ORIENTED_EDGE('',*,*,#3357,.T.);
#4405=ORIENTED_EDGE('',*,*,#3359,.T.);
#4406=ORIENTED_EDGE('',*,*,#3360,.F.);
#4407=ORIENTED_EDGE('',*,*,#3361,.F.);
#4408=ORIENTED_EDGE('',*,*,#3360,.T.);
#4409=ORIENTED_EDGE('',*,*,#3362,.T.);
#4410=ORIENTED_EDGE('',*,*,#3363,.F.);
#4411=ORIENTED_EDGE('',*,*,#3364,.F.);
#4412=ORIENTED_EDGE('',*,*,#3363,.T.);
#4413=ORIENTED_EDGE('',*,*,#3365,.T.);
#4414=ORIENTED_EDGE('',*,*,#3346,.F.);
#4415=ORIENTED_EDGE('',*,*,#3366,.F.);
#4416=ORIENTED_EDGE('',*,*,#3367,.T.);
#4417=ORIENTED_EDGE('',*,*,#3368,.T.);
#4418=ORIENTED_EDGE('',*,*,#3369,.F.);
#4419=ORIENTED_EDGE('',*,*,#3370,.F.);
#4420=ORIENTED_EDGE('',*,*,#3371,.T.);
#4421=ORIENTED_EDGE('',*,*,#3372,.T.);
#4422=ORIENTED_EDGE('',*,*,#3367,.F.);
#4423=ORIENTED_EDGE('',*,*,#3373,.F.);
#4424=ORIENTED_EDGE('',*,*,#3374,.T.);
#4425=ORIENTED_EDGE('',*,*,#3375,.T.);
#4426=ORIENTED_EDGE('',*,*,#3371,.F.);
#4427=ORIENTED_EDGE('',*,*,#3376,.F.);
#4428=ORIENTED_EDGE('',*,*,#3377,.T.);
#4429=ORIENTED_EDGE('',*,*,#3378,.T.);
#4430=ORIENTED_EDGE('',*,*,#3374,.F.);
#4431=ORIENTED_EDGE('',*,*,#3379,.F.);
#4432=ORIENTED_EDGE('',*,*,#3380,.T.);
#4433=ORIENTED_EDGE('',*,*,#3381,.T.);
#4434=ORIENTED_EDGE('',*,*,#3377,.F.);
#4435=ORIENTED_EDGE('',*,*,#3382,.F.);
#4436=ORIENTED_EDGE('',*,*,#3383,.T.);
#4437=ORIENTED_EDGE('',*,*,#3384,.T.);
#4438=ORIENTED_EDGE('',*,*,#3380,.F.);
#4439=ORIENTED_EDGE('',*,*,#3385,.F.);
#4440=ORIENTED_EDGE('',*,*,#3386,.T.);
#4441=ORIENTED_EDGE('',*,*,#3387,.T.);
#4442=ORIENTED_EDGE('',*,*,#3383,.F.);
#4443=ORIENTED_EDGE('',*,*,#3388,.F.);
#4444=ORIENTED_EDGE('',*,*,#3389,.T.);
#4445=ORIENTED_EDGE('',*,*,#3390,.T.);
#4446=ORIENTED_EDGE('',*,*,#3386,.F.);
#4447=ORIENTED_EDGE('',*,*,#3391,.F.);
#4448=ORIENTED_EDGE('',*,*,#3392,.T.);
#4449=ORIENTED_EDGE('',*,*,#3393,.T.);
#4450=ORIENTED_EDGE('',*,*,#3389,.F.);
#4451=ORIENTED_EDGE('',*,*,#3394,.F.);
#4452=ORIENTED_EDGE('',*,*,#3395,.T.);
#4453=ORIENTED_EDGE('',*,*,#3396,.T.);
#4454=ORIENTED_EDGE('',*,*,#3392,.F.);
#4455=ORIENTED_EDGE('',*,*,#3397,.F.);
#4456=ORIENTED_EDGE('',*,*,#3369,.T.);
#4457=ORIENTED_EDGE('',*,*,#3398,.T.);
#4458=ORIENTED_EDGE('',*,*,#3395,.F.);
#4459=ORIENTED_EDGE('',*,*,#3398,.F.);
#4460=ORIENTED_EDGE('',*,*,#3368,.F.);
#4461=ORIENTED_EDGE('',*,*,#3372,.F.);
#4462=ORIENTED_EDGE('',*,*,#3375,.F.);
#4463=ORIENTED_EDGE('',*,*,#3378,.F.);
#4464=ORIENTED_EDGE('',*,*,#3381,.F.);
#4465=ORIENTED_EDGE('',*,*,#3384,.F.);
#4466=ORIENTED_EDGE('',*,*,#3387,.F.);
#4467=ORIENTED_EDGE('',*,*,#3390,.F.);
#4468=ORIENTED_EDGE('',*,*,#3393,.F.);
#4469=ORIENTED_EDGE('',*,*,#3396,.F.);
#4470=ORIENTED_EDGE('',*,*,#3347,.F.);
#4471=ORIENTED_EDGE('',*,*,#3365,.F.);
#4472=ORIENTED_EDGE('',*,*,#3362,.F.);
#4473=ORIENTED_EDGE('',*,*,#3359,.F.);
#4474=ORIENTED_EDGE('',*,*,#3356,.F.);
#4475=ORIENTED_EDGE('',*,*,#3353,.F.);
#4476=ORIENTED_EDGE('',*,*,#3350,.F.);
#4477=ORIENTED_EDGE('',*,*,#3399,.F.);
#4478=ORIENTED_EDGE('',*,*,#3400,.T.);
#4479=ORIENTED_EDGE('',*,*,#3401,.T.);
#4480=ORIENTED_EDGE('',*,*,#3402,.F.);
#4481=ORIENTED_EDGE('',*,*,#3403,.F.);
#4482=ORIENTED_EDGE('',*,*,#3402,.T.);
#4483=ORIENTED_EDGE('',*,*,#3404,.T.);
#4484=ORIENTED_EDGE('',*,*,#3405,.F.);
#4485=ORIENTED_EDGE('',*,*,#3406,.F.);
#4486=ORIENTED_EDGE('',*,*,#3405,.T.);
#4487=ORIENTED_EDGE('',*,*,#3407,.T.);
#4488=ORIENTED_EDGE('',*,*,#3400,.F.);
#4489=ORIENTED_EDGE('',*,*,#3408,.F.);
#4490=ORIENTED_EDGE('',*,*,#3409,.T.);
#4491=ORIENTED_EDGE('',*,*,#3410,.T.);
#4492=ORIENTED_EDGE('',*,*,#3411,.F.);
#4493=ORIENTED_EDGE('',*,*,#3412,.F.);
#4494=ORIENTED_EDGE('',*,*,#3413,.T.);
#4495=ORIENTED_EDGE('',*,*,#3414,.T.);
#4496=ORIENTED_EDGE('',*,*,#3409,.F.);
#4497=ORIENTED_EDGE('',*,*,#3415,.F.);
#4498=ORIENTED_EDGE('',*,*,#3416,.T.);
#4499=ORIENTED_EDGE('',*,*,#3417,.T.);
#4500=ORIENTED_EDGE('',*,*,#3413,.F.);
#4501=ORIENTED_EDGE('',*,*,#3418,.F.);
#4502=ORIENTED_EDGE('',*,*,#3419,.T.);
#4503=ORIENTED_EDGE('',*,*,#3420,.T.);
#4504=ORIENTED_EDGE('',*,*,#3416,.F.);
#4505=ORIENTED_EDGE('',*,*,#3421,.F.);
#4506=ORIENTED_EDGE('',*,*,#3422,.T.);
#4507=ORIENTED_EDGE('',*,*,#3423,.T.);
#4508=ORIENTED_EDGE('',*,*,#3419,.F.);
#4509=ORIENTED_EDGE('',*,*,#3424,.F.);
#4510=ORIENTED_EDGE('',*,*,#3425,.T.);
#4511=ORIENTED_EDGE('',*,*,#3426,.T.);
#4512=ORIENTED_EDGE('',*,*,#3422,.F.);
#4513=ORIENTED_EDGE('',*,*,#3427,.F.);
#4514=ORIENTED_EDGE('',*,*,#3428,.T.);
#4515=ORIENTED_EDGE('',*,*,#3429,.T.);
#4516=ORIENTED_EDGE('',*,*,#3425,.F.);
#4517=ORIENTED_EDGE('',*,*,#3430,.F.);
#4518=ORIENTED_EDGE('',*,*,#3411,.T.);
#4519=ORIENTED_EDGE('',*,*,#3431,.T.);
#4520=ORIENTED_EDGE('',*,*,#3428,.F.);
#4521=ORIENTED_EDGE('',*,*,#3431,.F.);
#4522=ORIENTED_EDGE('',*,*,#3410,.F.);
#4523=ORIENTED_EDGE('',*,*,#3414,.F.);
#4524=ORIENTED_EDGE('',*,*,#3417,.F.);
#4525=ORIENTED_EDGE('',*,*,#3420,.F.);
#4526=ORIENTED_EDGE('',*,*,#3423,.F.);
#4527=ORIENTED_EDGE('',*,*,#3426,.F.);
#4528=ORIENTED_EDGE('',*,*,#3429,.F.);
#4529=ORIENTED_EDGE('',*,*,#3401,.F.);
#4530=ORIENTED_EDGE('',*,*,#3407,.F.);
#4531=ORIENTED_EDGE('',*,*,#3404,.F.);
#4532=ORIENTED_EDGE('',*,*,#3432,.F.);
#4533=ORIENTED_EDGE('',*,*,#3433,.T.);
#4534=ORIENTED_EDGE('',*,*,#3434,.T.);
#4535=ORIENTED_EDGE('',*,*,#3435,.F.);
#4536=ORIENTED_EDGE('',*,*,#3436,.F.);
#4537=ORIENTED_EDGE('',*,*,#3437,.T.);
#4538=ORIENTED_EDGE('',*,*,#3438,.T.);
#4539=ORIENTED_EDGE('',*,*,#3433,.F.);
#4540=ORIENTED_EDGE('',*,*,#3439,.F.);
#4541=ORIENTED_EDGE('',*,*,#3440,.T.);
#4542=ORIENTED_EDGE('',*,*,#3441,.T.);
#4543=ORIENTED_EDGE('',*,*,#3437,.F.);
#4544=ORIENTED_EDGE('',*,*,#3442,.F.);
#4545=ORIENTED_EDGE('',*,*,#3443,.T.);
#4546=ORIENTED_EDGE('',*,*,#3444,.T.);
#4547=ORIENTED_EDGE('',*,*,#3440,.F.);
#4548=ORIENTED_EDGE('',*,*,#3445,.F.);
#4549=ORIENTED_EDGE('',*,*,#3446,.T.);
#4550=ORIENTED_EDGE('',*,*,#3447,.T.);
#4551=ORIENTED_EDGE('',*,*,#3443,.F.);
#4552=ORIENTED_EDGE('',*,*,#3448,.F.);
#4553=ORIENTED_EDGE('',*,*,#3449,.T.);
#4554=ORIENTED_EDGE('',*,*,#3450,.T.);
#4555=ORIENTED_EDGE('',*,*,#3446,.F.);
#4556=ORIENTED_EDGE('',*,*,#3451,.F.);
#4557=ORIENTED_EDGE('',*,*,#3452,.T.);
#4558=ORIENTED_EDGE('',*,*,#3453,.T.);
#4559=ORIENTED_EDGE('',*,*,#3449,.F.);
#4560=ORIENTED_EDGE('',*,*,#3454,.F.);
#4561=ORIENTED_EDGE('',*,*,#3455,.T.);
#4562=ORIENTED_EDGE('',*,*,#3456,.T.);
#4563=ORIENTED_EDGE('',*,*,#3452,.F.);
#4564=ORIENTED_EDGE('',*,*,#3457,.F.);
#4565=ORIENTED_EDGE('',*,*,#3458,.T.);
#4566=ORIENTED_EDGE('',*,*,#3459,.T.);
#4567=ORIENTED_EDGE('',*,*,#3455,.F.);
#4568=ORIENTED_EDGE('',*,*,#3460,.F.);
#4569=ORIENTED_EDGE('',*,*,#3461,.T.);
#4570=ORIENTED_EDGE('',*,*,#3462,.T.);
#4571=ORIENTED_EDGE('',*,*,#3458,.F.);
#4572=ORIENTED_EDGE('',*,*,#3463,.F.);
#4573=ORIENTED_EDGE('',*,*,#3464,.T.);
#4574=ORIENTED_EDGE('',*,*,#3465,.T.);
#4575=ORIENTED_EDGE('',*,*,#3461,.F.);
#4576=ORIENTED_EDGE('',*,*,#3466,.F.);
#4577=ORIENTED_EDGE('',*,*,#3435,.T.);
#4578=ORIENTED_EDGE('',*,*,#3467,.T.);
#4579=ORIENTED_EDGE('',*,*,#3464,.F.);
#4580=ORIENTED_EDGE('',*,*,#3467,.F.);
#4581=ORIENTED_EDGE('',*,*,#3434,.F.);
#4582=ORIENTED_EDGE('',*,*,#3438,.F.);
#4583=ORIENTED_EDGE('',*,*,#3441,.F.);
#4584=ORIENTED_EDGE('',*,*,#3444,.F.);
#4585=ORIENTED_EDGE('',*,*,#3447,.F.);
#4586=ORIENTED_EDGE('',*,*,#3450,.F.);
#4587=ORIENTED_EDGE('',*,*,#3453,.F.);
#4588=ORIENTED_EDGE('',*,*,#3456,.F.);
#4589=ORIENTED_EDGE('',*,*,#3459,.F.);
#4590=ORIENTED_EDGE('',*,*,#3462,.F.);
#4591=ORIENTED_EDGE('',*,*,#3465,.F.);
#4592=ORIENTED_EDGE('',*,*,#3468,.F.);
#4593=ORIENTED_EDGE('',*,*,#3469,.T.);
#4594=ORIENTED_EDGE('',*,*,#3470,.T.);
#4595=ORIENTED_EDGE('',*,*,#3471,.F.);
#4596=ORIENTED_EDGE('',*,*,#3472,.F.);
#4597=ORIENTED_EDGE('',*,*,#3473,.T.);
#4598=ORIENTED_EDGE('',*,*,#3474,.T.);
#4599=ORIENTED_EDGE('',*,*,#3469,.F.);
#4600=ORIENTED_EDGE('',*,*,#3475,.F.);
#4601=ORIENTED_EDGE('',*,*,#3476,.T.);
#4602=ORIENTED_EDGE('',*,*,#3477,.T.);
#4603=ORIENTED_EDGE('',*,*,#3473,.F.);
#4604=ORIENTED_EDGE('',*,*,#3478,.F.);
#4605=ORIENTED_EDGE('',*,*,#3479,.T.);
#4606=ORIENTED_EDGE('',*,*,#3480,.T.);
#4607=ORIENTED_EDGE('',*,*,#3476,.F.);
#4608=ORIENTED_EDGE('',*,*,#3481,.F.);
#4609=ORIENTED_EDGE('',*,*,#3482,.T.);
#4610=ORIENTED_EDGE('',*,*,#3483,.T.);
#4611=ORIENTED_EDGE('',*,*,#3479,.F.);
#4612=ORIENTED_EDGE('',*,*,#3484,.F.);
#4613=ORIENTED_EDGE('',*,*,#3485,.T.);
#4614=ORIENTED_EDGE('',*,*,#3486,.T.);
#4615=ORIENTED_EDGE('',*,*,#3482,.F.);
#4616=ORIENTED_EDGE('',*,*,#3487,.F.);
#4617=ORIENTED_EDGE('',*,*,#3488,.T.);
#4618=ORIENTED_EDGE('',*,*,#3489,.T.);
#4619=ORIENTED_EDGE('',*,*,#3485,.F.);
#4620=ORIENTED_EDGE('',*,*,#3490,.F.);
#4621=ORIENTED_EDGE('',*,*,#3491,.T.);
#4622=ORIENTED_EDGE('',*,*,#3492,.T.);
#4623=ORIENTED_EDGE('',*,*,#3488,.F.);
#4624=ORIENTED_EDGE('',*,*,#3493,.F.);
#4625=ORIENTED_EDGE('',*,*,#3494,.T.);
#4626=ORIENTED_EDGE('',*,*,#3495,.T.);
#4627=ORIENTED_EDGE('',*,*,#3491,.F.);
#4628=ORIENTED_EDGE('',*,*,#3496,.F.);
#4629=ORIENTED_EDGE('',*,*,#3497,.T.);
#4630=ORIENTED_EDGE('',*,*,#3498,.T.);
#4631=ORIENTED_EDGE('',*,*,#3494,.F.);
#4632=ORIENTED_EDGE('',*,*,#3499,.F.);
#4633=ORIENTED_EDGE('',*,*,#3500,.T.);
#4634=ORIENTED_EDGE('',*,*,#3501,.T.);
#4635=ORIENTED_EDGE('',*,*,#3497,.F.);
#4636=ORIENTED_EDGE('',*,*,#3502,.F.);
#4637=ORIENTED_EDGE('',*,*,#3471,.T.);
#4638=ORIENTED_EDGE('',*,*,#3503,.T.);
#4639=ORIENTED_EDGE('',*,*,#3500,.F.);
#4640=ORIENTED_EDGE('',*,*,#3503,.F.);
#4641=ORIENTED_EDGE('',*,*,#3470,.F.);
#4642=ORIENTED_EDGE('',*,*,#3474,.F.);
#4643=ORIENTED_EDGE('',*,*,#3477,.F.);
#4644=ORIENTED_EDGE('',*,*,#3480,.F.);
#4645=ORIENTED_EDGE('',*,*,#3483,.F.);
#4646=ORIENTED_EDGE('',*,*,#3486,.F.);
#4647=ORIENTED_EDGE('',*,*,#3489,.F.);
#4648=ORIENTED_EDGE('',*,*,#3492,.F.);
#4649=ORIENTED_EDGE('',*,*,#3495,.F.);
#4650=ORIENTED_EDGE('',*,*,#3498,.F.);
#4651=ORIENTED_EDGE('',*,*,#3501,.F.);
#4652=ORIENTED_EDGE('',*,*,#3504,.F.);
#4653=ORIENTED_EDGE('',*,*,#3505,.T.);
#4654=ORIENTED_EDGE('',*,*,#3506,.T.);
#4655=ORIENTED_EDGE('',*,*,#3507,.F.);
#4656=ORIENTED_EDGE('',*,*,#3508,.F.);
#4657=ORIENTED_EDGE('',*,*,#3509,.T.);
#4658=ORIENTED_EDGE('',*,*,#3510,.T.);
#4659=ORIENTED_EDGE('',*,*,#3505,.F.);
#4660=ORIENTED_EDGE('',*,*,#3511,.F.);
#4661=ORIENTED_EDGE('',*,*,#3512,.T.);
#4662=ORIENTED_EDGE('',*,*,#3513,.T.);
#4663=ORIENTED_EDGE('',*,*,#3509,.F.);
#4664=ORIENTED_EDGE('',*,*,#3514,.F.);
#4665=ORIENTED_EDGE('',*,*,#3515,.T.);
#4666=ORIENTED_EDGE('',*,*,#3516,.T.);
#4667=ORIENTED_EDGE('',*,*,#3512,.F.);
#4668=ORIENTED_EDGE('',*,*,#3517,.F.);
#4669=ORIENTED_EDGE('',*,*,#3518,.T.);
#4670=ORIENTED_EDGE('',*,*,#3519,.T.);
#4671=ORIENTED_EDGE('',*,*,#3515,.F.);
#4672=ORIENTED_EDGE('',*,*,#3520,.F.);
#4673=ORIENTED_EDGE('',*,*,#3521,.T.);
#4674=ORIENTED_EDGE('',*,*,#3522,.T.);
#4675=ORIENTED_EDGE('',*,*,#3518,.F.);
#4676=ORIENTED_EDGE('',*,*,#3523,.F.);
#4677=ORIENTED_EDGE('',*,*,#3524,.T.);
#4678=ORIENTED_EDGE('',*,*,#3525,.T.);
#4679=ORIENTED_EDGE('',*,*,#3521,.F.);
#4680=ORIENTED_EDGE('',*,*,#3526,.F.);
#4681=ORIENTED_EDGE('',*,*,#3527,.T.);
#4682=ORIENTED_EDGE('',*,*,#3528,.T.);
#4683=ORIENTED_EDGE('',*,*,#3524,.F.);
#4684=ORIENTED_EDGE('',*,*,#3529,.F.);
#4685=ORIENTED_EDGE('',*,*,#3530,.T.);
#4686=ORIENTED_EDGE('',*,*,#3531,.T.);
#4687=ORIENTED_EDGE('',*,*,#3527,.F.);
#4688=ORIENTED_EDGE('',*,*,#3532,.F.);
#4689=ORIENTED_EDGE('',*,*,#3533,.T.);
#4690=ORIENTED_EDGE('',*,*,#3534,.T.);
#4691=ORIENTED_EDGE('',*,*,#3530,.F.);
#4692=ORIENTED_EDGE('',*,*,#3535,.F.);
#4693=ORIENTED_EDGE('',*,*,#3536,.T.);
#4694=ORIENTED_EDGE('',*,*,#3537,.T.);
#4695=ORIENTED_EDGE('',*,*,#3533,.F.);
#4696=ORIENTED_EDGE('',*,*,#3538,.F.);
#4697=ORIENTED_EDGE('',*,*,#3507,.T.);
#4698=ORIENTED_EDGE('',*,*,#3539,.T.);
#4699=ORIENTED_EDGE('',*,*,#3536,.F.);
#4700=ORIENTED_EDGE('',*,*,#3539,.F.);
#4701=ORIENTED_EDGE('',*,*,#3506,.F.);
#4702=ORIENTED_EDGE('',*,*,#3510,.F.);
#4703=ORIENTED_EDGE('',*,*,#3513,.F.);
#4704=ORIENTED_EDGE('',*,*,#3516,.F.);
#4705=ORIENTED_EDGE('',*,*,#3519,.F.);
#4706=ORIENTED_EDGE('',*,*,#3522,.F.);
#4707=ORIENTED_EDGE('',*,*,#3525,.F.);
#4708=ORIENTED_EDGE('',*,*,#3528,.F.);
#4709=ORIENTED_EDGE('',*,*,#3531,.F.);
#4710=ORIENTED_EDGE('',*,*,#3534,.F.);
#4711=ORIENTED_EDGE('',*,*,#3537,.F.);
#4712=ORIENTED_EDGE('',*,*,#3540,.F.);
#4713=ORIENTED_EDGE('',*,*,#3541,.T.);
#4714=ORIENTED_EDGE('',*,*,#3542,.T.);
#4715=ORIENTED_EDGE('',*,*,#3543,.F.);
#4716=ORIENTED_EDGE('',*,*,#3544,.F.);
#4717=ORIENTED_EDGE('',*,*,#3543,.T.);
#4718=ORIENTED_EDGE('',*,*,#3545,.T.);
#4719=ORIENTED_EDGE('',*,*,#3546,.F.);
#4720=ORIENTED_EDGE('',*,*,#3547,.F.);
#4721=ORIENTED_EDGE('',*,*,#3546,.T.);
#4722=ORIENTED_EDGE('',*,*,#3548,.T.);
#4723=ORIENTED_EDGE('',*,*,#3549,.F.);
#4724=ORIENTED_EDGE('',*,*,#3550,.F.);
#4725=ORIENTED_EDGE('',*,*,#3549,.T.);
#4726=ORIENTED_EDGE('',*,*,#3551,.T.);
#4727=ORIENTED_EDGE('',*,*,#3552,.F.);
#4728=ORIENTED_EDGE('',*,*,#3553,.F.);
#4729=ORIENTED_EDGE('',*,*,#3552,.T.);
#4730=ORIENTED_EDGE('',*,*,#3554,.T.);
#4731=ORIENTED_EDGE('',*,*,#3555,.F.);
#4732=ORIENTED_EDGE('',*,*,#3556,.F.);
#4733=ORIENTED_EDGE('',*,*,#3555,.T.);
#4734=ORIENTED_EDGE('',*,*,#3557,.T.);
#4735=ORIENTED_EDGE('',*,*,#3541,.F.);
#4736=ORIENTED_EDGE('',*,*,#3558,.F.);
#4737=ORIENTED_EDGE('',*,*,#3559,.T.);
#4738=ORIENTED_EDGE('',*,*,#3560,.T.);
#4739=ORIENTED_EDGE('',*,*,#3561,.F.);
#4740=ORIENTED_EDGE('',*,*,#3562,.F.);
#4741=ORIENTED_EDGE('',*,*,#3563,.T.);
#4742=ORIENTED_EDGE('',*,*,#3564,.T.);
#4743=ORIENTED_EDGE('',*,*,#3559,.F.);
#4744=ORIENTED_EDGE('',*,*,#3565,.F.);
#4745=ORIENTED_EDGE('',*,*,#3566,.T.);
#4746=ORIENTED_EDGE('',*,*,#3567,.T.);
#4747=ORIENTED_EDGE('',*,*,#3563,.F.);
#4748=ORIENTED_EDGE('',*,*,#3568,.F.);
#4749=ORIENTED_EDGE('',*,*,#3569,.T.);
#4750=ORIENTED_EDGE('',*,*,#3570,.T.);
#4751=ORIENTED_EDGE('',*,*,#3566,.F.);
#4752=ORIENTED_EDGE('',*,*,#3571,.F.);
#4753=ORIENTED_EDGE('',*,*,#3572,.T.);
#4754=ORIENTED_EDGE('',*,*,#3573,.T.);
#4755=ORIENTED_EDGE('',*,*,#3569,.F.);
#4756=ORIENTED_EDGE('',*,*,#3574,.F.);
#4757=ORIENTED_EDGE('',*,*,#3575,.T.);
#4758=ORIENTED_EDGE('',*,*,#3576,.T.);
#4759=ORIENTED_EDGE('',*,*,#3572,.F.);
#4760=ORIENTED_EDGE('',*,*,#3577,.F.);
#4761=ORIENTED_EDGE('',*,*,#3578,.T.);
#4762=ORIENTED_EDGE('',*,*,#3579,.T.);
#4763=ORIENTED_EDGE('',*,*,#3575,.F.);
#4764=ORIENTED_EDGE('',*,*,#3580,.F.);
#4765=ORIENTED_EDGE('',*,*,#3561,.T.);
#4766=ORIENTED_EDGE('',*,*,#3581,.T.);
#4767=ORIENTED_EDGE('',*,*,#3578,.F.);
#4768=ORIENTED_EDGE('',*,*,#3581,.F.);
#4769=ORIENTED_EDGE('',*,*,#3560,.F.);
#4770=ORIENTED_EDGE('',*,*,#3564,.F.);
#4771=ORIENTED_EDGE('',*,*,#3567,.F.);
#4772=ORIENTED_EDGE('',*,*,#3570,.F.);
#4773=ORIENTED_EDGE('',*,*,#3573,.F.);
#4774=ORIENTED_EDGE('',*,*,#3576,.F.);
#4775=ORIENTED_EDGE('',*,*,#3579,.F.);
#4776=ORIENTED_EDGE('',*,*,#3542,.F.);
#4777=ORIENTED_EDGE('',*,*,#3557,.F.);
#4778=ORIENTED_EDGE('',*,*,#3554,.F.);
#4779=ORIENTED_EDGE('',*,*,#3551,.F.);
#4780=ORIENTED_EDGE('',*,*,#3548,.F.);
#4781=ORIENTED_EDGE('',*,*,#3545,.F.);
#4782=ORIENTED_EDGE('',*,*,#3582,.F.);
#4783=ORIENTED_EDGE('',*,*,#3583,.T.);
#4784=ORIENTED_EDGE('',*,*,#3584,.T.);
#4785=ORIENTED_EDGE('',*,*,#3585,.F.);
#4786=ORIENTED_EDGE('',*,*,#3586,.F.);
#4787=ORIENTED_EDGE('',*,*,#3587,.T.);
#4788=ORIENTED_EDGE('',*,*,#3588,.T.);
#4789=ORIENTED_EDGE('',*,*,#3583,.F.);
#4790=ORIENTED_EDGE('',*,*,#3589,.F.);
#4791=ORIENTED_EDGE('',*,*,#3590,.T.);
#4792=ORIENTED_EDGE('',*,*,#3591,.T.);
#4793=ORIENTED_EDGE('',*,*,#3587,.F.);
#4794=ORIENTED_EDGE('',*,*,#3592,.F.);
#4795=ORIENTED_EDGE('',*,*,#3593,.T.);
#4796=ORIENTED_EDGE('',*,*,#3594,.T.);
#4797=ORIENTED_EDGE('',*,*,#3590,.F.);
#4798=ORIENTED_EDGE('',*,*,#3595,.F.);
#4799=ORIENTED_EDGE('',*,*,#3596,.T.);
#4800=ORIENTED_EDGE('',*,*,#3597,.T.);
#4801=ORIENTED_EDGE('',*,*,#3593,.F.);
#4802=ORIENTED_EDGE('',*,*,#3598,.F.);
#4803=ORIENTED_EDGE('',*,*,#3599,.T.);
#4804=ORIENTED_EDGE('',*,*,#3600,.T.);
#4805=ORIENTED_EDGE('',*,*,#3596,.F.);
#4806=ORIENTED_EDGE('',*,*,#3601,.F.);
#4807=ORIENTED_EDGE('',*,*,#3602,.T.);
#4808=ORIENTED_EDGE('',*,*,#3603,.T.);
#4809=ORIENTED_EDGE('',*,*,#3599,.F.);
#4810=ORIENTED_EDGE('',*,*,#3604,.F.);
#4811=ORIENTED_EDGE('',*,*,#3605,.T.);
#4812=ORIENTED_EDGE('',*,*,#3606,.T.);
#4813=ORIENTED_EDGE('',*,*,#3602,.F.);
#4814=ORIENTED_EDGE('',*,*,#3607,.F.);
#4815=ORIENTED_EDGE('',*,*,#3608,.T.);
#4816=ORIENTED_EDGE('',*,*,#3609,.T.);
#4817=ORIENTED_EDGE('',*,*,#3605,.F.);
#4818=ORIENTED_EDGE('',*,*,#3610,.F.);
#4819=ORIENTED_EDGE('',*,*,#3585,.T.);
#4820=ORIENTED_EDGE('',*,*,#3611,.T.);
#4821=ORIENTED_EDGE('',*,*,#3608,.F.);
#4822=ORIENTED_EDGE('',*,*,#3611,.F.);
#4823=ORIENTED_EDGE('',*,*,#3584,.F.);
#4824=ORIENTED_EDGE('',*,*,#3588,.F.);
#4825=ORIENTED_EDGE('',*,*,#3591,.F.);
#4826=ORIENTED_EDGE('',*,*,#3594,.F.);
#4827=ORIENTED_EDGE('',*,*,#3597,.F.);
#4828=ORIENTED_EDGE('',*,*,#3600,.F.);
#4829=ORIENTED_EDGE('',*,*,#3603,.F.);
#4830=ORIENTED_EDGE('',*,*,#3606,.F.);
#4831=ORIENTED_EDGE('',*,*,#3609,.F.);
#4832=ORIENTED_EDGE('',*,*,#3612,.F.);
#4833=ORIENTED_EDGE('',*,*,#3613,.T.);
#4834=ORIENTED_EDGE('',*,*,#3614,.T.);
#4835=ORIENTED_EDGE('',*,*,#3615,.F.);
#4836=ORIENTED_EDGE('',*,*,#3616,.F.);
#4837=ORIENTED_EDGE('',*,*,#3615,.T.);
#4838=ORIENTED_EDGE('',*,*,#3617,.T.);
#4839=ORIENTED_EDGE('',*,*,#3618,.F.);
#4840=ORIENTED_EDGE('',*,*,#3619,.F.);
#4841=ORIENTED_EDGE('',*,*,#3618,.T.);
#4842=ORIENTED_EDGE('',*,*,#3620,.T.);
#4843=ORIENTED_EDGE('',*,*,#3621,.F.);
#4844=ORIENTED_EDGE('',*,*,#3622,.F.);
#4845=ORIENTED_EDGE('',*,*,#3621,.T.);
#4846=ORIENTED_EDGE('',*,*,#3623,.T.);
#4847=ORIENTED_EDGE('',*,*,#3624,.F.);
#4848=ORIENTED_EDGE('',*,*,#3625,.F.);
#4849=ORIENTED_EDGE('',*,*,#3624,.T.);
#4850=ORIENTED_EDGE('',*,*,#3626,.T.);
#4851=ORIENTED_EDGE('',*,*,#3627,.F.);
#4852=ORIENTED_EDGE('',*,*,#3628,.F.);
#4853=ORIENTED_EDGE('',*,*,#3627,.T.);
#4854=ORIENTED_EDGE('',*,*,#3629,.T.);
#4855=ORIENTED_EDGE('',*,*,#3630,.F.);
#4856=ORIENTED_EDGE('',*,*,#3631,.F.);
#4857=ORIENTED_EDGE('',*,*,#3630,.T.);
#4858=ORIENTED_EDGE('',*,*,#3632,.T.);
#4859=ORIENTED_EDGE('',*,*,#3613,.F.);
#4860=ORIENTED_EDGE('',*,*,#3633,.F.);
#4861=ORIENTED_EDGE('',*,*,#3634,.T.);
#4862=ORIENTED_EDGE('',*,*,#3635,.T.);
#4863=ORIENTED_EDGE('',*,*,#3636,.F.);
#4864=ORIENTED_EDGE('',*,*,#3637,.F.);
#4865=ORIENTED_EDGE('',*,*,#3638,.T.);
#4866=ORIENTED_EDGE('',*,*,#3639,.T.);
#4867=ORIENTED_EDGE('',*,*,#3634,.F.);
#4868=ORIENTED_EDGE('',*,*,#3640,.F.);
#4869=ORIENTED_EDGE('',*,*,#3641,.T.);
#4870=ORIENTED_EDGE('',*,*,#3642,.T.);
#4871=ORIENTED_EDGE('',*,*,#3638,.F.);
#4872=ORIENTED_EDGE('',*,*,#3643,.F.);
#4873=ORIENTED_EDGE('',*,*,#3644,.T.);
#4874=ORIENTED_EDGE('',*,*,#3645,.T.);
#4875=ORIENTED_EDGE('',*,*,#3641,.F.);
#4876=ORIENTED_EDGE('',*,*,#3646,.F.);
#4877=ORIENTED_EDGE('',*,*,#3647,.T.);
#4878=ORIENTED_EDGE('',*,*,#3648,.T.);
#4879=ORIENTED_EDGE('',*,*,#3644,.F.);
#4880=ORIENTED_EDGE('',*,*,#3649,.F.);
#4881=ORIENTED_EDGE('',*,*,#3650,.T.);
#4882=ORIENTED_EDGE('',*,*,#3651,.T.);
#4883=ORIENTED_EDGE('',*,*,#3647,.F.);
#4884=ORIENTED_EDGE('',*,*,#3652,.F.);
#4885=ORIENTED_EDGE('',*,*,#3653,.T.);
#4886=ORIENTED_EDGE('',*,*,#3654,.T.);
#4887=ORIENTED_EDGE('',*,*,#3650,.F.);
#4888=ORIENTED_EDGE('',*,*,#3655,.F.);
#4889=ORIENTED_EDGE('',*,*,#3656,.T.);
#4890=ORIENTED_EDGE('',*,*,#3657,.T.);
#4891=ORIENTED_EDGE('',*,*,#3653,.F.);
#4892=ORIENTED_EDGE('',*,*,#3658,.F.);
#4893=ORIENTED_EDGE('',*,*,#3659,.T.);
#4894=ORIENTED_EDGE('',*,*,#3660,.T.);
#4895=ORIENTED_EDGE('',*,*,#3656,.F.);
#4896=ORIENTED_EDGE('',*,*,#3661,.F.);
#4897=ORIENTED_EDGE('',*,*,#3662,.T.);
#4898=ORIENTED_EDGE('',*,*,#3663,.T.);
#4899=ORIENTED_EDGE('',*,*,#3659,.F.);
#4900=ORIENTED_EDGE('',*,*,#3664,.F.);
#4901=ORIENTED_EDGE('',*,*,#3636,.T.);
#4902=ORIENTED_EDGE('',*,*,#3665,.T.);
#4903=ORIENTED_EDGE('',*,*,#3662,.F.);
#4904=ORIENTED_EDGE('',*,*,#3665,.F.);
#4905=ORIENTED_EDGE('',*,*,#3635,.F.);
#4906=ORIENTED_EDGE('',*,*,#3639,.F.);
#4907=ORIENTED_EDGE('',*,*,#3642,.F.);
#4908=ORIENTED_EDGE('',*,*,#3645,.F.);
#4909=ORIENTED_EDGE('',*,*,#3648,.F.);
#4910=ORIENTED_EDGE('',*,*,#3651,.F.);
#4911=ORIENTED_EDGE('',*,*,#3654,.F.);
#4912=ORIENTED_EDGE('',*,*,#3657,.F.);
#4913=ORIENTED_EDGE('',*,*,#3660,.F.);
#4914=ORIENTED_EDGE('',*,*,#3663,.F.);
#4915=ORIENTED_EDGE('',*,*,#3614,.F.);
#4916=ORIENTED_EDGE('',*,*,#3632,.F.);
#4917=ORIENTED_EDGE('',*,*,#3629,.F.);
#4918=ORIENTED_EDGE('',*,*,#3626,.F.);
#4919=ORIENTED_EDGE('',*,*,#3623,.F.);
#4920=ORIENTED_EDGE('',*,*,#3620,.F.);
#4921=ORIENTED_EDGE('',*,*,#3617,.F.);
#4922=ORIENTED_EDGE('',*,*,#3666,.F.);
#4923=ORIENTED_EDGE('',*,*,#3667,.T.);
#4924=ORIENTED_EDGE('',*,*,#3668,.T.);
#4925=ORIENTED_EDGE('',*,*,#3669,.F.);
#4926=ORIENTED_EDGE('',*,*,#3670,.F.);
#4927=ORIENTED_EDGE('',*,*,#3669,.T.);
#4928=ORIENTED_EDGE('',*,*,#3671,.T.);
#4929=ORIENTED_EDGE('',*,*,#3672,.F.);
#4930=ORIENTED_EDGE('',*,*,#3673,.F.);
#4931=ORIENTED_EDGE('',*,*,#3672,.T.);
#4932=ORIENTED_EDGE('',*,*,#3674,.T.);
#4933=ORIENTED_EDGE('',*,*,#3675,.F.);
#4934=ORIENTED_EDGE('',*,*,#3676,.F.);
#4935=ORIENTED_EDGE('',*,*,#3675,.T.);
#4936=ORIENTED_EDGE('',*,*,#3677,.T.);
#4937=ORIENTED_EDGE('',*,*,#3678,.F.);
#4938=ORIENTED_EDGE('',*,*,#3679,.F.);
#4939=ORIENTED_EDGE('',*,*,#3678,.T.);
#4940=ORIENTED_EDGE('',*,*,#3680,.T.);
#4941=ORIENTED_EDGE('',*,*,#3681,.F.);
#4942=ORIENTED_EDGE('',*,*,#3682,.F.);
#4943=ORIENTED_EDGE('',*,*,#3681,.T.);
#4944=ORIENTED_EDGE('',*,*,#3683,.T.);
#4945=ORIENTED_EDGE('',*,*,#3667,.F.);
#4946=ORIENTED_EDGE('',*,*,#3684,.F.);
#4947=ORIENTED_EDGE('',*,*,#3685,.T.);
#4948=ORIENTED_EDGE('',*,*,#3686,.T.);
#4949=ORIENTED_EDGE('',*,*,#3687,.F.);
#4950=ORIENTED_EDGE('',*,*,#3688,.F.);
#4951=ORIENTED_EDGE('',*,*,#3689,.T.);
#4952=ORIENTED_EDGE('',*,*,#3690,.T.);
#4953=ORIENTED_EDGE('',*,*,#3685,.F.);
#4954=ORIENTED_EDGE('',*,*,#3691,.F.);
#4955=ORIENTED_EDGE('',*,*,#3692,.T.);
#4956=ORIENTED_EDGE('',*,*,#3693,.T.);
#4957=ORIENTED_EDGE('',*,*,#3689,.F.);
#4958=ORIENTED_EDGE('',*,*,#3694,.F.);
#4959=ORIENTED_EDGE('',*,*,#3695,.T.);
#4960=ORIENTED_EDGE('',*,*,#3696,.T.);
#4961=ORIENTED_EDGE('',*,*,#3692,.F.);
#4962=ORIENTED_EDGE('',*,*,#3697,.F.);
#4963=ORIENTED_EDGE('',*,*,#3698,.T.);
#4964=ORIENTED_EDGE('',*,*,#3699,.T.);
#4965=ORIENTED_EDGE('',*,*,#3695,.F.);
#4966=ORIENTED_EDGE('',*,*,#3700,.F.);
#4967=ORIENTED_EDGE('',*,*,#3701,.T.);
#4968=ORIENTED_EDGE('',*,*,#3702,.T.);
#4969=ORIENTED_EDGE('',*,*,#3698,.F.);
#4970=ORIENTED_EDGE('',*,*,#3703,.F.);
#4971=ORIENTED_EDGE('',*,*,#3704,.T.);
#4972=ORIENTED_EDGE('',*,*,#3705,.T.);
#4973=ORIENTED_EDGE('',*,*,#3701,.F.);
#4974=ORIENTED_EDGE('',*,*,#3706,.F.);
#4975=ORIENTED_EDGE('',*,*,#3687,.T.);
#4976=ORIENTED_EDGE('',*,*,#3707,.T.);
#4977=ORIENTED_EDGE('',*,*,#3704,.F.);
#4978=ORIENTED_EDGE('',*,*,#3707,.F.);
#4979=ORIENTED_EDGE('',*,*,#3686,.F.);
#4980=ORIENTED_EDGE('',*,*,#3690,.F.);
#4981=ORIENTED_EDGE('',*,*,#3693,.F.);
#4982=ORIENTED_EDGE('',*,*,#3696,.F.);
#4983=ORIENTED_EDGE('',*,*,#3699,.F.);
#4984=ORIENTED_EDGE('',*,*,#3702,.F.);
#4985=ORIENTED_EDGE('',*,*,#3705,.F.);
#4986=ORIENTED_EDGE('',*,*,#3668,.F.);
#4987=ORIENTED_EDGE('',*,*,#3683,.F.);
#4988=ORIENTED_EDGE('',*,*,#3680,.F.);
#4989=ORIENTED_EDGE('',*,*,#3677,.F.);
#4990=ORIENTED_EDGE('',*,*,#3674,.F.);
#4991=ORIENTED_EDGE('',*,*,#3671,.F.);
#4992=ORIENTED_EDGE('',*,*,#3708,.F.);
#4993=ORIENTED_EDGE('',*,*,#3709,.T.);
#4994=ORIENTED_EDGE('',*,*,#3710,.T.);
#4995=ORIENTED_EDGE('',*,*,#3711,.F.);
#4996=ORIENTED_EDGE('',*,*,#3712,.F.);
#4997=ORIENTED_EDGE('',*,*,#3713,.T.);
#4998=ORIENTED_EDGE('',*,*,#3714,.T.);
#4999=ORIENTED_EDGE('',*,*,#3709,.F.);
#5000=ORIENTED_EDGE('',*,*,#3715,.F.);
#5001=ORIENTED_EDGE('',*,*,#3716,.T.);
#5002=ORIENTED_EDGE('',*,*,#3717,.T.);
#5003=ORIENTED_EDGE('',*,*,#3713,.F.);
#5004=ORIENTED_EDGE('',*,*,#3718,.F.);
#5005=ORIENTED_EDGE('',*,*,#3719,.T.);
#5006=ORIENTED_EDGE('',*,*,#3720,.T.);
#5007=ORIENTED_EDGE('',*,*,#3716,.F.);
#5008=ORIENTED_EDGE('',*,*,#3721,.F.);
#5009=ORIENTED_EDGE('',*,*,#3722,.T.);
#5010=ORIENTED_EDGE('',*,*,#3723,.T.);
#5011=ORIENTED_EDGE('',*,*,#3719,.F.);
#5012=ORIENTED_EDGE('',*,*,#3724,.F.);
#5013=ORIENTED_EDGE('',*,*,#3711,.T.);
#5014=ORIENTED_EDGE('',*,*,#3725,.T.);
#5015=ORIENTED_EDGE('',*,*,#3722,.F.);
#5016=ORIENTED_EDGE('',*,*,#3725,.F.);
#5017=ORIENTED_EDGE('',*,*,#3710,.F.);
#5018=ORIENTED_EDGE('',*,*,#3714,.F.);
#5019=ORIENTED_EDGE('',*,*,#3717,.F.);
#5020=ORIENTED_EDGE('',*,*,#3720,.F.);
#5021=ORIENTED_EDGE('',*,*,#3723,.F.);
#5022=ORIENTED_EDGE('',*,*,#3726,.F.);
#5023=ORIENTED_EDGE('',*,*,#3727,.T.);
#5024=ORIENTED_EDGE('',*,*,#3728,.T.);
#5025=ORIENTED_EDGE('',*,*,#3729,.F.);
#5026=ORIENTED_EDGE('',*,*,#3730,.F.);
#5027=ORIENTED_EDGE('',*,*,#3731,.T.);
#5028=ORIENTED_EDGE('',*,*,#3732,.T.);
#5029=ORIENTED_EDGE('',*,*,#3727,.F.);
#5030=ORIENTED_EDGE('',*,*,#3733,.F.);
#5031=ORIENTED_EDGE('',*,*,#3734,.T.);
#5032=ORIENTED_EDGE('',*,*,#3735,.T.);
#5033=ORIENTED_EDGE('',*,*,#3731,.F.);
#5034=ORIENTED_EDGE('',*,*,#3736,.F.);
#5035=ORIENTED_EDGE('',*,*,#3737,.T.);
#5036=ORIENTED_EDGE('',*,*,#3738,.T.);
#5037=ORIENTED_EDGE('',*,*,#3734,.F.);
#5038=ORIENTED_EDGE('',*,*,#3739,.F.);
#5039=ORIENTED_EDGE('',*,*,#3740,.T.);
#5040=ORIENTED_EDGE('',*,*,#3741,.T.);
#5041=ORIENTED_EDGE('',*,*,#3737,.F.);
#5042=ORIENTED_EDGE('',*,*,#3742,.F.);
#5043=ORIENTED_EDGE('',*,*,#3743,.T.);
#5044=ORIENTED_EDGE('',*,*,#3744,.T.);
#5045=ORIENTED_EDGE('',*,*,#3740,.F.);
#5046=ORIENTED_EDGE('',*,*,#3745,.F.);
#5047=ORIENTED_EDGE('',*,*,#3746,.T.);
#5048=ORIENTED_EDGE('',*,*,#3747,.T.);
#5049=ORIENTED_EDGE('',*,*,#3743,.F.);
#5050=ORIENTED_EDGE('',*,*,#3748,.F.);
#5051=ORIENTED_EDGE('',*,*,#3749,.T.);
#5052=ORIENTED_EDGE('',*,*,#3750,.T.);
#5053=ORIENTED_EDGE('',*,*,#3746,.F.);
#5054=ORIENTED_EDGE('',*,*,#3751,.F.);
#5055=ORIENTED_EDGE('',*,*,#3752,.T.);
#5056=ORIENTED_EDGE('',*,*,#3753,.T.);
#5057=ORIENTED_EDGE('',*,*,#3749,.F.);
#5058=ORIENTED_EDGE('',*,*,#3754,.F.);
#5059=ORIENTED_EDGE('',*,*,#3755,.T.);
#5060=ORIENTED_EDGE('',*,*,#3756,.T.);
#5061=ORIENTED_EDGE('',*,*,#3752,.F.);
#5062=ORIENTED_EDGE('',*,*,#3757,.F.);
#5063=ORIENTED_EDGE('',*,*,#3758,.T.);
#5064=ORIENTED_EDGE('',*,*,#3759,.T.);
#5065=ORIENTED_EDGE('',*,*,#3755,.F.);
#5066=ORIENTED_EDGE('',*,*,#3760,.F.);
#5067=ORIENTED_EDGE('',*,*,#3729,.T.);
#5068=ORIENTED_EDGE('',*,*,#3761,.T.);
#5069=ORIENTED_EDGE('',*,*,#3758,.F.);
#5070=ORIENTED_EDGE('',*,*,#3761,.F.);
#5071=ORIENTED_EDGE('',*,*,#3728,.F.);
#5072=ORIENTED_EDGE('',*,*,#3732,.F.);
#5073=ORIENTED_EDGE('',*,*,#3735,.F.);
#5074=ORIENTED_EDGE('',*,*,#3738,.F.);
#5075=ORIENTED_EDGE('',*,*,#3741,.F.);
#5076=ORIENTED_EDGE('',*,*,#3744,.F.);
#5077=ORIENTED_EDGE('',*,*,#3747,.F.);
#5078=ORIENTED_EDGE('',*,*,#3750,.F.);
#5079=ORIENTED_EDGE('',*,*,#3753,.F.);
#5080=ORIENTED_EDGE('',*,*,#3756,.F.);
#5081=ORIENTED_EDGE('',*,*,#3759,.F.);
#5082=ORIENTED_EDGE('',*,*,#3762,.F.);
#5083=ORIENTED_EDGE('',*,*,#3763,.F.);
#5084=ORIENTED_EDGE('',*,*,#3764,.F.);
#5085=ORIENTED_EDGE('',*,*,#3765,.F.);
#5086=ORIENTED_EDGE('',*,*,#3063,.T.);
#5087=ORIENTED_EDGE('',*,*,#3094,.T.);
#5088=ORIENTED_EDGE('',*,*,#3091,.T.);
#5089=ORIENTED_EDGE('',*,*,#3088,.T.);
#5090=ORIENTED_EDGE('',*,*,#3085,.T.);
#5091=ORIENTED_EDGE('',*,*,#3082,.T.);
#5092=ORIENTED_EDGE('',*,*,#3079,.T.);
#5093=ORIENTED_EDGE('',*,*,#3076,.T.);
#5094=ORIENTED_EDGE('',*,*,#3073,.T.);
#5095=ORIENTED_EDGE('',*,*,#3070,.T.);
#5096=ORIENTED_EDGE('',*,*,#3067,.T.);
#5097=ORIENTED_EDGE('',*,*,#3096,.T.);
#5098=ORIENTED_EDGE('',*,*,#3112,.T.);
#5099=ORIENTED_EDGE('',*,*,#3109,.T.);
#5100=ORIENTED_EDGE('',*,*,#3106,.T.);
#5101=ORIENTED_EDGE('',*,*,#3103,.T.);
#5102=ORIENTED_EDGE('',*,*,#3100,.T.);
#5103=ORIENTED_EDGE('',*,*,#3114,.T.);
#5104=ORIENTED_EDGE('',*,*,#3136,.T.);
#5105=ORIENTED_EDGE('',*,*,#3133,.T.);
#5106=ORIENTED_EDGE('',*,*,#3130,.T.);
#5107=ORIENTED_EDGE('',*,*,#3127,.T.);
#5108=ORIENTED_EDGE('',*,*,#3124,.T.);
#5109=ORIENTED_EDGE('',*,*,#3121,.T.);
#5110=ORIENTED_EDGE('',*,*,#3118,.T.);
#5111=ORIENTED_EDGE('',*,*,#3138,.T.);
#5112=ORIENTED_EDGE('',*,*,#3196,.T.);
#5113=ORIENTED_EDGE('',*,*,#3193,.T.);
#5114=ORIENTED_EDGE('',*,*,#3190,.T.);
#5115=ORIENTED_EDGE('',*,*,#3187,.T.);
#5116=ORIENTED_EDGE('',*,*,#3184,.T.);
#5117=ORIENTED_EDGE('',*,*,#3181,.T.);
#5118=ORIENTED_EDGE('',*,*,#3178,.T.);
#5119=ORIENTED_EDGE('',*,*,#3175,.T.);
#5120=ORIENTED_EDGE('',*,*,#3172,.T.);
#5121=ORIENTED_EDGE('',*,*,#3169,.T.);
#5122=ORIENTED_EDGE('',*,*,#3166,.T.);
#5123=ORIENTED_EDGE('',*,*,#3163,.T.);
#5124=ORIENTED_EDGE('',*,*,#3160,.T.);
#5125=ORIENTED_EDGE('',*,*,#3157,.T.);
#5126=ORIENTED_EDGE('',*,*,#3154,.T.);
#5127=ORIENTED_EDGE('',*,*,#3151,.T.);
#5128=ORIENTED_EDGE('',*,*,#3148,.T.);
#5129=ORIENTED_EDGE('',*,*,#3145,.T.);
#5130=ORIENTED_EDGE('',*,*,#3142,.T.);
#5131=ORIENTED_EDGE('',*,*,#3219,.T.);
#5132=ORIENTED_EDGE('',*,*,#3250,.T.);
#5133=ORIENTED_EDGE('',*,*,#3247,.T.);
#5134=ORIENTED_EDGE('',*,*,#3244,.T.);
#5135=ORIENTED_EDGE('',*,*,#3241,.T.);
#5136=ORIENTED_EDGE('',*,*,#3238,.T.);
#5137=ORIENTED_EDGE('',*,*,#3235,.T.);
#5138=ORIENTED_EDGE('',*,*,#3232,.T.);
#5139=ORIENTED_EDGE('',*,*,#3229,.T.);
#5140=ORIENTED_EDGE('',*,*,#3226,.T.);
#5141=ORIENTED_EDGE('',*,*,#3223,.T.);
#5142=ORIENTED_EDGE('',*,*,#3252,.T.);
#5143=ORIENTED_EDGE('',*,*,#3274,.T.);
#5144=ORIENTED_EDGE('',*,*,#3271,.T.);
#5145=ORIENTED_EDGE('',*,*,#3268,.T.);
#5146=ORIENTED_EDGE('',*,*,#3265,.T.);
#5147=ORIENTED_EDGE('',*,*,#3262,.T.);
#5148=ORIENTED_EDGE('',*,*,#3259,.T.);
#5149=ORIENTED_EDGE('',*,*,#3256,.T.);
#5150=ORIENTED_EDGE('',*,*,#3285,.T.);
#5151=ORIENTED_EDGE('',*,*,#3307,.T.);
#5152=ORIENTED_EDGE('',*,*,#3304,.T.);
#5153=ORIENTED_EDGE('',*,*,#3301,.T.);
#5154=ORIENTED_EDGE('',*,*,#3298,.T.);
#5155=ORIENTED_EDGE('',*,*,#3295,.T.);
#5156=ORIENTED_EDGE('',*,*,#3292,.T.);
#5157=ORIENTED_EDGE('',*,*,#3289,.T.);
#5158=ORIENTED_EDGE('',*,*,#3309,.T.);
#5159=ORIENTED_EDGE('',*,*,#3343,.T.);
#5160=ORIENTED_EDGE('',*,*,#3340,.T.);
#5161=ORIENTED_EDGE('',*,*,#3337,.T.);
#5162=ORIENTED_EDGE('',*,*,#3334,.T.);
#5163=ORIENTED_EDGE('',*,*,#3331,.T.);
#5164=ORIENTED_EDGE('',*,*,#3328,.T.);
#5165=ORIENTED_EDGE('',*,*,#3325,.T.);
#5166=ORIENTED_EDGE('',*,*,#3322,.T.);
#5167=ORIENTED_EDGE('',*,*,#3319,.T.);
#5168=ORIENTED_EDGE('',*,*,#3316,.T.);
#5169=ORIENTED_EDGE('',*,*,#3313,.T.);
#5170=ORIENTED_EDGE('',*,*,#3366,.T.);
#5171=ORIENTED_EDGE('',*,*,#3397,.T.);
#5172=ORIENTED_EDGE('',*,*,#3394,.T.);
#5173=ORIENTED_EDGE('',*,*,#3391,.T.);
#5174=ORIENTED_EDGE('',*,*,#3388,.T.);
#5175=ORIENTED_EDGE('',*,*,#3385,.T.);
#5176=ORIENTED_EDGE('',*,*,#3382,.T.);
#5177=ORIENTED_EDGE('',*,*,#3379,.T.);
#5178=ORIENTED_EDGE('',*,*,#3376,.T.);
#5179=ORIENTED_EDGE('',*,*,#3373,.T.);
#5180=ORIENTED_EDGE('',*,*,#3370,.T.);
#5181=ORIENTED_EDGE('',*,*,#3408,.T.);
#5182=ORIENTED_EDGE('',*,*,#3430,.T.);
#5183=ORIENTED_EDGE('',*,*,#3427,.T.);
#5184=ORIENTED_EDGE('',*,*,#3424,.T.);
#5185=ORIENTED_EDGE('',*,*,#3421,.T.);
#5186=ORIENTED_EDGE('',*,*,#3418,.T.);
#5187=ORIENTED_EDGE('',*,*,#3415,.T.);
#5188=ORIENTED_EDGE('',*,*,#3412,.T.);
#5189=ORIENTED_EDGE('',*,*,#3432,.T.);
#5190=ORIENTED_EDGE('',*,*,#3466,.T.);
#5191=ORIENTED_EDGE('',*,*,#3463,.T.);
#5192=ORIENTED_EDGE('',*,*,#3460,.T.);
#5193=ORIENTED_EDGE('',*,*,#3457,.T.);
#5194=ORIENTED_EDGE('',*,*,#3454,.T.);
#5195=ORIENTED_EDGE('',*,*,#3451,.T.);
#5196=ORIENTED_EDGE('',*,*,#3448,.T.);
#5197=ORIENTED_EDGE('',*,*,#3445,.T.);
#5198=ORIENTED_EDGE('',*,*,#3442,.T.);
#5199=ORIENTED_EDGE('',*,*,#3439,.T.);
#5200=ORIENTED_EDGE('',*,*,#3436,.T.);
#5201=ORIENTED_EDGE('',*,*,#3468,.T.);
#5202=ORIENTED_EDGE('',*,*,#3502,.T.);
#5203=ORIENTED_EDGE('',*,*,#3499,.T.);
#5204=ORIENTED_EDGE('',*,*,#3496,.T.);
#5205=ORIENTED_EDGE('',*,*,#3493,.T.);
#5206=ORIENTED_EDGE('',*,*,#3490,.T.);
#5207=ORIENTED_EDGE('',*,*,#3487,.T.);
#5208=ORIENTED_EDGE('',*,*,#3484,.T.);
#5209=ORIENTED_EDGE('',*,*,#3481,.T.);
#5210=ORIENTED_EDGE('',*,*,#3478,.T.);
#5211=ORIENTED_EDGE('',*,*,#3475,.T.);
#5212=ORIENTED_EDGE('',*,*,#3472,.T.);
#5213=ORIENTED_EDGE('',*,*,#3504,.T.);
#5214=ORIENTED_EDGE('',*,*,#3538,.T.);
#5215=ORIENTED_EDGE('',*,*,#3535,.T.);
#5216=ORIENTED_EDGE('',*,*,#3532,.T.);
#5217=ORIENTED_EDGE('',*,*,#3529,.T.);
#5218=ORIENTED_EDGE('',*,*,#3526,.T.);
#5219=ORIENTED_EDGE('',*,*,#3523,.T.);
#5220=ORIENTED_EDGE('',*,*,#3520,.T.);
#5221=ORIENTED_EDGE('',*,*,#3517,.T.);
#5222=ORIENTED_EDGE('',*,*,#3514,.T.);
#5223=ORIENTED_EDGE('',*,*,#3511,.T.);
#5224=ORIENTED_EDGE('',*,*,#3508,.T.);
#5225=ORIENTED_EDGE('',*,*,#3558,.T.);
#5226=ORIENTED_EDGE('',*,*,#3580,.T.);
#5227=ORIENTED_EDGE('',*,*,#3577,.T.);
#5228=ORIENTED_EDGE('',*,*,#3574,.T.);
#5229=ORIENTED_EDGE('',*,*,#3571,.T.);
#5230=ORIENTED_EDGE('',*,*,#3568,.T.);
#5231=ORIENTED_EDGE('',*,*,#3565,.T.);
#5232=ORIENTED_EDGE('',*,*,#3562,.T.);
#5233=ORIENTED_EDGE('',*,*,#3582,.T.);
#5234=ORIENTED_EDGE('',*,*,#3610,.T.);
#5235=ORIENTED_EDGE('',*,*,#3607,.T.);
#5236=ORIENTED_EDGE('',*,*,#3604,.T.);
#5237=ORIENTED_EDGE('',*,*,#3601,.T.);
#5238=ORIENTED_EDGE('',*,*,#3598,.T.);
#5239=ORIENTED_EDGE('',*,*,#3595,.T.);
#5240=ORIENTED_EDGE('',*,*,#3592,.T.);
#5241=ORIENTED_EDGE('',*,*,#3589,.T.);
#5242=ORIENTED_EDGE('',*,*,#3586,.T.);
#5243=ORIENTED_EDGE('',*,*,#3633,.T.);
#5244=ORIENTED_EDGE('',*,*,#3664,.T.);
#5245=ORIENTED_EDGE('',*,*,#3661,.T.);
#5246=ORIENTED_EDGE('',*,*,#3658,.T.);
#5247=ORIENTED_EDGE('',*,*,#3655,.T.);
#5248=ORIENTED_EDGE('',*,*,#3652,.T.);
#5249=ORIENTED_EDGE('',*,*,#3649,.T.);
#5250=ORIENTED_EDGE('',*,*,#3646,.T.);
#5251=ORIENTED_EDGE('',*,*,#3643,.T.);
#5252=ORIENTED_EDGE('',*,*,#3640,.T.);
#5253=ORIENTED_EDGE('',*,*,#3637,.T.);
#5254=ORIENTED_EDGE('',*,*,#3684,.T.);
#5255=ORIENTED_EDGE('',*,*,#3706,.T.);
#5256=ORIENTED_EDGE('',*,*,#3703,.T.);
#5257=ORIENTED_EDGE('',*,*,#3700,.T.);
#5258=ORIENTED_EDGE('',*,*,#3697,.T.);
#5259=ORIENTED_EDGE('',*,*,#3694,.T.);
#5260=ORIENTED_EDGE('',*,*,#3691,.T.);
#5261=ORIENTED_EDGE('',*,*,#3688,.T.);
#5262=ORIENTED_EDGE('',*,*,#3708,.T.);
#5263=ORIENTED_EDGE('',*,*,#3724,.T.);
#5264=ORIENTED_EDGE('',*,*,#3721,.T.);
#5265=ORIENTED_EDGE('',*,*,#3718,.T.);
#5266=ORIENTED_EDGE('',*,*,#3715,.T.);
#5267=ORIENTED_EDGE('',*,*,#3712,.T.);
#5268=ORIENTED_EDGE('',*,*,#3726,.T.);
#5269=ORIENTED_EDGE('',*,*,#3760,.T.);
#5270=ORIENTED_EDGE('',*,*,#3757,.T.);
#5271=ORIENTED_EDGE('',*,*,#3754,.T.);
#5272=ORIENTED_EDGE('',*,*,#3751,.T.);
#5273=ORIENTED_EDGE('',*,*,#3748,.T.);
#5274=ORIENTED_EDGE('',*,*,#3745,.T.);
#5275=ORIENTED_EDGE('',*,*,#3742,.T.);
#5276=ORIENTED_EDGE('',*,*,#3739,.T.);
#5277=ORIENTED_EDGE('',*,*,#3736,.T.);
#5278=ORIENTED_EDGE('',*,*,#3733,.T.);
#5279=ORIENTED_EDGE('',*,*,#3730,.T.);
#5280=ORIENTED_EDGE('',*,*,#3766,.T.);
#5281=ORIENTED_EDGE('',*,*,#3767,.T.);
#5282=ORIENTED_EDGE('',*,*,#3768,.T.);
#5283=ORIENTED_EDGE('',*,*,#3769,.T.);
#5284=ORIENTED_EDGE('',*,*,#3770,.T.);
#5285=ORIENTED_EDGE('',*,*,#3771,.T.);
#5286=ORIENTED_EDGE('',*,*,#3772,.T.);
#5287=ORIENTED_EDGE('',*,*,#3773,.T.);
#5288=ORIENTED_EDGE('',*,*,#3774,.T.);
#5289=ORIENTED_EDGE('',*,*,#3775,.T.);
#5290=ORIENTED_EDGE('',*,*,#3776,.T.);
#5291=ORIENTED_EDGE('',*,*,#3777,.T.);
#5292=ORIENTED_EDGE('',*,*,#3666,.T.);
#5293=ORIENTED_EDGE('',*,*,#3670,.T.);
#5294=ORIENTED_EDGE('',*,*,#3673,.T.);
#5295=ORIENTED_EDGE('',*,*,#3676,.T.);
#5296=ORIENTED_EDGE('',*,*,#3679,.T.);
#5297=ORIENTED_EDGE('',*,*,#3682,.T.);
#5298=ORIENTED_EDGE('',*,*,#3612,.T.);
#5299=ORIENTED_EDGE('',*,*,#3616,.T.);
#5300=ORIENTED_EDGE('',*,*,#3619,.T.);
#5301=ORIENTED_EDGE('',*,*,#3622,.T.);
#5302=ORIENTED_EDGE('',*,*,#3625,.T.);
#5303=ORIENTED_EDGE('',*,*,#3628,.T.);
#5304=ORIENTED_EDGE('',*,*,#3631,.T.);
#5305=ORIENTED_EDGE('',*,*,#3540,.T.);
#5306=ORIENTED_EDGE('',*,*,#3544,.T.);
#5307=ORIENTED_EDGE('',*,*,#3547,.T.);
#5308=ORIENTED_EDGE('',*,*,#3550,.T.);
#5309=ORIENTED_EDGE('',*,*,#3553,.T.);
#5310=ORIENTED_EDGE('',*,*,#3556,.T.);
#5311=ORIENTED_EDGE('',*,*,#3399,.T.);
#5312=ORIENTED_EDGE('',*,*,#3403,.T.);
#5313=ORIENTED_EDGE('',*,*,#3406,.T.);
#5314=ORIENTED_EDGE('',*,*,#3345,.T.);
#5315=ORIENTED_EDGE('',*,*,#3349,.T.);
#5316=ORIENTED_EDGE('',*,*,#3352,.T.);
#5317=ORIENTED_EDGE('',*,*,#3355,.T.);
#5318=ORIENTED_EDGE('',*,*,#3358,.T.);
#5319=ORIENTED_EDGE('',*,*,#3361,.T.);
#5320=ORIENTED_EDGE('',*,*,#3364,.T.);
#5321=ORIENTED_EDGE('',*,*,#3276,.T.);
#5322=ORIENTED_EDGE('',*,*,#3280,.T.);
#5323=ORIENTED_EDGE('',*,*,#3283,.T.);
#5324=ORIENTED_EDGE('',*,*,#3198,.T.);
#5325=ORIENTED_EDGE('',*,*,#3202,.T.);
#5326=ORIENTED_EDGE('',*,*,#3205,.T.);
#5327=ORIENTED_EDGE('',*,*,#3208,.T.);
#5328=ORIENTED_EDGE('',*,*,#3211,.T.);
#5329=ORIENTED_EDGE('',*,*,#3214,.T.);
#5330=ORIENTED_EDGE('',*,*,#3217,.T.);
#5331=ORIENTED_EDGE('',*,*,#3778,.F.);
#5332=ORIENTED_EDGE('',*,*,#3779,.F.);
#5333=ORIENTED_EDGE('',*,*,#3766,.F.);
#5334=ORIENTED_EDGE('',*,*,#3780,.T.);
#5335=ORIENTED_EDGE('',*,*,#3781,.F.);
#5336=ORIENTED_EDGE('',*,*,#3780,.F.);
#5337=ORIENTED_EDGE('',*,*,#3769,.F.);
#5338=ORIENTED_EDGE('',*,*,#3782,.T.);
#5339=ORIENTED_EDGE('',*,*,#3783,.F.);
#5340=ORIENTED_EDGE('',*,*,#3782,.F.);
#5341=ORIENTED_EDGE('',*,*,#3768,.F.);
#5342=ORIENTED_EDGE('',*,*,#3784,.T.);
#5343=ORIENTED_EDGE('',*,*,#3785,.F.);
#5344=ORIENTED_EDGE('',*,*,#3784,.F.);
#5345=ORIENTED_EDGE('',*,*,#3767,.F.);
#5346=ORIENTED_EDGE('',*,*,#3779,.T.);
#5347=ORIENTED_EDGE('',*,*,#3786,.F.);
#5348=ORIENTED_EDGE('',*,*,#3787,.F.);
#5349=ORIENTED_EDGE('',*,*,#3770,.F.);
#5350=ORIENTED_EDGE('',*,*,#3788,.T.);
#5351=ORIENTED_EDGE('',*,*,#3789,.F.);
#5352=ORIENTED_EDGE('',*,*,#3788,.F.);
#5353=ORIENTED_EDGE('',*,*,#3773,.F.);
#5354=ORIENTED_EDGE('',*,*,#3790,.T.);
#5355=ORIENTED_EDGE('',*,*,#3791,.F.);
#5356=ORIENTED_EDGE('',*,*,#3790,.F.);
#5357=ORIENTED_EDGE('',*,*,#3772,.F.);
#5358=ORIENTED_EDGE('',*,*,#3792,.T.);
#5359=ORIENTED_EDGE('',*,*,#3793,.F.);
#5360=ORIENTED_EDGE('',*,*,#3792,.F.);
#5361=ORIENTED_EDGE('',*,*,#3771,.F.);
#5362=ORIENTED_EDGE('',*,*,#3787,.T.);
#5363=ORIENTED_EDGE('',*,*,#3794,.F.);
#5364=ORIENTED_EDGE('',*,*,#3795,.F.);
#5365=ORIENTED_EDGE('',*,*,#3774,.F.);
#5366=ORIENTED_EDGE('',*,*,#3796,.T.);
#5367=ORIENTED_EDGE('',*,*,#3797,.F.);
#5368=ORIENTED_EDGE('',*,*,#3798,.F.);
#5369=ORIENTED_EDGE('',*,*,#3775,.F.);
#5370=ORIENTED_EDGE('',*,*,#3795,.T.);
#5371=ORIENTED_EDGE('',*,*,#3799,.F.);
#5372=ORIENTED_EDGE('',*,*,#3800,.F.);
#5373=ORIENTED_EDGE('',*,*,#3776,.F.);
#5374=ORIENTED_EDGE('',*,*,#3798,.T.);
#5375=ORIENTED_EDGE('',*,*,#3801,.F.);
#5376=ORIENTED_EDGE('',*,*,#3796,.F.);
#5377=ORIENTED_EDGE('',*,*,#3777,.F.);
#5378=ORIENTED_EDGE('',*,*,#3800,.T.);
#5379=ORIENTED_EDGE('',*,*,#3802,.F.);
#5380=ORIENTED_EDGE('',*,*,#3803,.T.);
#5381=ORIENTED_EDGE('',*,*,#3804,.F.);
#5382=ORIENTED_EDGE('',*,*,#3805,.F.);
#5383=ORIENTED_EDGE('',*,*,#3806,.F.);
#5384=ORIENTED_EDGE('',*,*,#3805,.T.);
#5385=ORIENTED_EDGE('',*,*,#3807,.F.);
#5386=ORIENTED_EDGE('',*,*,#3808,.F.);
#5387=ORIENTED_EDGE('',*,*,#3809,.F.);
#5388=ORIENTED_EDGE('',*,*,#3808,.T.);
#5389=ORIENTED_EDGE('',*,*,#3810,.F.);
#5390=ORIENTED_EDGE('',*,*,#3811,.F.);
#5391=ORIENTED_EDGE('',*,*,#3812,.F.);
#5392=ORIENTED_EDGE('',*,*,#3811,.T.);
#5393=ORIENTED_EDGE('',*,*,#3813,.F.);
#5394=ORIENTED_EDGE('',*,*,#3803,.F.);
#5395=ORIENTED_EDGE('',*,*,#3813,.T.);
#5396=ORIENTED_EDGE('',*,*,#3810,.T.);
#5397=ORIENTED_EDGE('',*,*,#3807,.T.);
#5398=ORIENTED_EDGE('',*,*,#3804,.T.);
#5399=ORIENTED_EDGE('',*,*,#3814,.F.);
#5400=ORIENTED_EDGE('',*,*,#3815,.T.);
#5401=ORIENTED_EDGE('',*,*,#3816,.F.);
#5402=ORIENTED_EDGE('',*,*,#3817,.F.);
#5403=ORIENTED_EDGE('',*,*,#3818,.F.);
#5404=ORIENTED_EDGE('',*,*,#3817,.T.);
#5405=ORIENTED_EDGE('',*,*,#3819,.F.);
#5406=ORIENTED_EDGE('',*,*,#3820,.F.);
#5407=ORIENTED_EDGE('',*,*,#3821,.F.);
#5408=ORIENTED_EDGE('',*,*,#3820,.T.);
#5409=ORIENTED_EDGE('',*,*,#3822,.F.);
#5410=ORIENTED_EDGE('',*,*,#3823,.F.);
#5411=ORIENTED_EDGE('',*,*,#3824,.F.);
#5412=ORIENTED_EDGE('',*,*,#3823,.T.);
#5413=ORIENTED_EDGE('',*,*,#3825,.F.);
#5414=ORIENTED_EDGE('',*,*,#3815,.F.);
#5415=ORIENTED_EDGE('',*,*,#3825,.T.);
#5416=ORIENTED_EDGE('',*,*,#3822,.T.);
#5417=ORIENTED_EDGE('',*,*,#3819,.T.);
#5418=ORIENTED_EDGE('',*,*,#3816,.T.);
#5419=ORIENTED_EDGE('',*,*,#3826,.T.);
#5420=ORIENTED_EDGE('',*,*,#3827,.T.);
#5421=ORIENTED_EDGE('',*,*,#3828,.T.);
#5422=ORIENTED_EDGE('',*,*,#3829,.F.);
#5423=ORIENTED_EDGE('',*,*,#3828,.F.);
#5424=ORIENTED_EDGE('',*,*,#3830,.F.);
#5425=ORIENTED_EDGE('',*,*,#3831,.F.);
#5426=ORIENTED_EDGE('',*,*,#3832,.F.);
#5427=ORIENTED_EDGE('',*,*,#3833,.T.);
#5428=ORIENTED_EDGE('',*,*,#3834,.F.);
#5429=ORIENTED_EDGE('',*,*,#3827,.F.);
#5430=ORIENTED_EDGE('',*,*,#3835,.T.);
#5431=ORIENTED_EDGE('',*,*,#3836,.T.);
#5432=ORIENTED_EDGE('',*,*,#3830,.T.);
#5433=ORIENTED_EDGE('',*,*,#3837,.T.);
#5434=ORIENTED_EDGE('',*,*,#3838,.T.);
#5435=ORIENTED_EDGE('',*,*,#3839,.T.);
#5436=ORIENTED_EDGE('',*,*,#3840,.F.);
#5437=ORIENTED_EDGE('',*,*,#3838,.F.);
#5438=ORIENTED_EDGE('',*,*,#3841,.T.);
#5439=ORIENTED_EDGE('',*,*,#3842,.T.);
#5440=ORIENTED_EDGE('',*,*,#3843,.T.);
#5441=ORIENTED_EDGE('',*,*,#3837,.F.);
#5442=ORIENTED_EDGE('',*,*,#3844,.F.);
#5443=ORIENTED_EDGE('',*,*,#3845,.F.);
#5444=ORIENTED_EDGE('',*,*,#3846,.F.);
#5445=ORIENTED_EDGE('',*,*,#3847,.T.);
#5446=ORIENTED_EDGE('',*,*,#3841,.F.);
#5447=ORIENTED_EDGE('',*,*,#3839,.F.);
#5448=ORIENTED_EDGE('',*,*,#3843,.F.);
#5449=ORIENTED_EDGE('',*,*,#3848,.F.);
#5450=ORIENTED_EDGE('',*,*,#3849,.F.);
#5451=ORIENTED_EDGE('',*,*,#3850,.T.);
#5452=ORIENTED_EDGE('',*,*,#3851,.T.);
#5453=ORIENTED_EDGE('',*,*,#3840,.T.);
#5454=ORIENTED_EDGE('',*,*,#3851,.F.);
#5455=ORIENTED_EDGE('',*,*,#3852,.F.);
#5456=ORIENTED_EDGE('',*,*,#3844,.T.);
#5457=ORIENTED_EDGE('',*,*,#3829,.T.);
#5458=ORIENTED_EDGE('',*,*,#3834,.T.);
#5459=ORIENTED_EDGE('',*,*,#3853,.F.);
#5460=ORIENTED_EDGE('',*,*,#3854,.F.);
#5461=ORIENTED_EDGE('',*,*,#3852,.T.);
#5462=ORIENTED_EDGE('',*,*,#3850,.F.);
#5463=ORIENTED_EDGE('',*,*,#3855,.F.);
#5464=ORIENTED_EDGE('',*,*,#3856,.T.);
#5465=ORIENTED_EDGE('',*,*,#3857,.T.);
#5466=ORIENTED_EDGE('',*,*,#3858,.F.);
#5467=ORIENTED_EDGE('',*,*,#3859,.F.);
#5468=ORIENTED_EDGE('',*,*,#3845,.T.);
#5469=ORIENTED_EDGE('',*,*,#3826,.F.);
#5470=ORIENTED_EDGE('',*,*,#3854,.T.);
#5471=ORIENTED_EDGE('',*,*,#3860,.F.);
#5472=ORIENTED_EDGE('',*,*,#3861,.F.);
#5473=ORIENTED_EDGE('',*,*,#3862,.T.);
#5474=ORIENTED_EDGE('',*,*,#3835,.F.);
#5475=ORIENTED_EDGE('',*,*,#3861,.T.);
#5476=ORIENTED_EDGE('',*,*,#3863,.T.);
#5477=ORIENTED_EDGE('',*,*,#3864,.T.);
#5478=ORIENTED_EDGE('',*,*,#3855,.T.);
#5479=ORIENTED_EDGE('',*,*,#3849,.T.);
#5480=ORIENTED_EDGE('',*,*,#3865,.T.);
#5481=ORIENTED_EDGE('',*,*,#3866,.T.);
#5482=ORIENTED_EDGE('',*,*,#3867,.T.);
#5483=ORIENTED_EDGE('',*,*,#3832,.T.);
#5484=ORIENTED_EDGE('',*,*,#3868,.T.);
#5485=ORIENTED_EDGE('',*,*,#3869,.T.);
#5486=ORIENTED_EDGE('',*,*,#3870,.T.);
#5487=ORIENTED_EDGE('',*,*,#3846,.T.);
#5488=ORIENTED_EDGE('',*,*,#3859,.T.);
#5489=ORIENTED_EDGE('',*,*,#3871,.T.);
#5490=ORIENTED_EDGE('',*,*,#3872,.T.);
#5491=ORIENTED_EDGE('',*,*,#3864,.F.);
#5492=ORIENTED_EDGE('',*,*,#3873,.T.);
#5493=ORIENTED_EDGE('',*,*,#3874,.T.);
#5494=ORIENTED_EDGE('',*,*,#3856,.F.);
#5495=ORIENTED_EDGE('',*,*,#3853,.T.);
#5496=ORIENTED_EDGE('',*,*,#3833,.F.);
#5497=ORIENTED_EDGE('',*,*,#3872,.F.);
#5498=ORIENTED_EDGE('',*,*,#3875,.T.);
#5499=ORIENTED_EDGE('',*,*,#3876,.T.);
#5500=ORIENTED_EDGE('',*,*,#3873,.F.);
#5501=ORIENTED_EDGE('',*,*,#3863,.F.);
#5502=ORIENTED_EDGE('',*,*,#3860,.T.);
#5503=ORIENTED_EDGE('',*,*,#3871,.F.);
#5504=ORIENTED_EDGE('',*,*,#3858,.T.);
#5505=ORIENTED_EDGE('',*,*,#3877,.T.);
#5506=ORIENTED_EDGE('',*,*,#3875,.F.);
#5507=ORIENTED_EDGE('',*,*,#3857,.F.);
#5508=ORIENTED_EDGE('',*,*,#3874,.F.);
#5509=ORIENTED_EDGE('',*,*,#3876,.F.);
#5510=ORIENTED_EDGE('',*,*,#3877,.F.);
#5511=ORIENTED_EDGE('',*,*,#3778,.T.);
#5512=ORIENTED_EDGE('',*,*,#3781,.T.);
#5513=ORIENTED_EDGE('',*,*,#3783,.T.);
#5514=ORIENTED_EDGE('',*,*,#3785,.T.);
#5515=ORIENTED_EDGE('',*,*,#3786,.T.);
#5516=ORIENTED_EDGE('',*,*,#3789,.T.);
#5517=ORIENTED_EDGE('',*,*,#3791,.T.);
#5518=ORIENTED_EDGE('',*,*,#3793,.T.);
#5519=ORIENTED_EDGE('',*,*,#3794,.T.);
#5520=ORIENTED_EDGE('',*,*,#3801,.T.);
#5521=ORIENTED_EDGE('',*,*,#3799,.T.);
#5522=ORIENTED_EDGE('',*,*,#3797,.T.);
#5523=ORIENTED_EDGE('',*,*,#3802,.T.);
#5524=ORIENTED_EDGE('',*,*,#3806,.T.);
#5525=ORIENTED_EDGE('',*,*,#3809,.T.);
#5526=ORIENTED_EDGE('',*,*,#3812,.T.);
#5527=ORIENTED_EDGE('',*,*,#3814,.T.);
#5528=ORIENTED_EDGE('',*,*,#3818,.T.);
#5529=ORIENTED_EDGE('',*,*,#3821,.T.);
#5530=ORIENTED_EDGE('',*,*,#3824,.T.);
#5531=ORIENTED_EDGE('',*,*,#3763,.T.);
#5532=ORIENTED_EDGE('',*,*,#3878,.T.);
#5533=ORIENTED_EDGE('',*,*,#3869,.F.);
#5534=ORIENTED_EDGE('',*,*,#3879,.F.);
#5535=ORIENTED_EDGE('',*,*,#3764,.T.);
#5536=ORIENTED_EDGE('',*,*,#3879,.T.);
#5537=ORIENTED_EDGE('',*,*,#3868,.F.);
#5538=ORIENTED_EDGE('',*,*,#3831,.T.);
#5539=ORIENTED_EDGE('',*,*,#3836,.F.);
#5540=ORIENTED_EDGE('',*,*,#3862,.F.);
#5541=ORIENTED_EDGE('',*,*,#3867,.F.);
#5542=ORIENTED_EDGE('',*,*,#3880,.F.);
#5543=ORIENTED_EDGE('',*,*,#3765,.T.);
#5544=ORIENTED_EDGE('',*,*,#3880,.T.);
#5545=ORIENTED_EDGE('',*,*,#3866,.F.);
#5546=ORIENTED_EDGE('',*,*,#3881,.F.);
#5547=ORIENTED_EDGE('',*,*,#3762,.T.);
#5548=ORIENTED_EDGE('',*,*,#3881,.T.);
#5549=ORIENTED_EDGE('',*,*,#3865,.F.);
#5550=ORIENTED_EDGE('',*,*,#3848,.T.);
#5551=ORIENTED_EDGE('',*,*,#3842,.F.);
#5552=ORIENTED_EDGE('',*,*,#3847,.F.);
#5553=ORIENTED_EDGE('',*,*,#3870,.F.);
#5554=ORIENTED_EDGE('',*,*,#3878,.F.);
#5555=ORIENTED_EDGE('',*,*,#3042,.T.);
#5556=ORIENTED_EDGE('',*,*,#3046,.T.);
#5557=ORIENTED_EDGE('',*,*,#3049,.T.);
#5558=ORIENTED_EDGE('',*,*,#3052,.T.);
#5559=ORIENTED_EDGE('',*,*,#3055,.T.);
#5560=ORIENTED_EDGE('',*,*,#3058,.T.);
#5561=ORIENTED_EDGE('',*,*,#3061,.T.);
#5562=B_SPLINE_SURFACE_WITH_KNOTS('',2,1,((#7384,#7385),(#7386,#7387),(#7388,
#7389),(#7390,#7391)),.UNSPECIFIED.,.F.,.F.,.F.,(3,1,3),(2,2),(-2.,-1.,
0.),(0.,0.02),.UNSPECIFIED.);
#5563=B_SPLINE_SURFACE_WITH_KNOTS('',2,1,((#7424,#7425),(#7426,#7427),(#7428,
#7429),(#7430,#7431)),.UNSPECIFIED.,.F.,.F.,.F.,(3,1,3),(2,2),(-2.,-1.,
0.),(0.,0.02),.UNSPECIFIED.);
#5564=B_SPLINE_SURFACE_WITH_KNOTS('',2,1,((#7443,#7444),(#7445,#7446),(#7447,
#7448),(#7449,#7450)),.UNSPECIFIED.,.F.,.F.,.F.,(3,1,3),(2,2),(-2.,-1.,
0.),(0.,0.02),.UNSPECIFIED.);
#5565=B_SPLINE_SURFACE_WITH_KNOTS('',2,1,((#7462,#7463),(#7464,#7465),(#7466,
#7467),(#7468,#7469)),.UNSPECIFIED.,.F.,.F.,.F.,(3,1,3),(2,2),(-2.,-1.,
0.),(0.,0.02),.UNSPECIFIED.);
#5566=B_SPLINE_SURFACE_WITH_KNOTS('',2,1,((#7487,#7488),(#7489,#7490),(#7491,
#7492),(#7493,#7494)),.UNSPECIFIED.,.F.,.F.,.F.,(3,1,3),(2,2),(0.,1.,2.),
(0.,0.02),.UNSPECIFIED.);
#5567=B_SPLINE_SURFACE_WITH_KNOTS('',2,1,((#7506,#7507),(#7508,#7509),(#7510,
#7511),(#7512,#7513)),.UNSPECIFIED.,.F.,.F.,.F.,(3,1,3),(2,2),(0.,1.,2.),
(0.,0.02),.UNSPECIFIED.);
#5568=B_SPLINE_SURFACE_WITH_KNOTS('',2,1,((#7525,#7526),(#7527,#7528),(#7529,
#7530),(#7531,#7532)),.UNSPECIFIED.,.F.,.F.,.F.,(3,1,3),(2,2),(0.,1.,2.),
(0.,0.02),.UNSPECIFIED.);
#5569=B_SPLINE_SURFACE_WITH_KNOTS('',2,1,((#7670,#7671),(#7672,#7673),(#7674,
#7675),(#7676,#7677)),.UNSPECIFIED.,.F.,.F.,.F.,(3,1,3),(2,2),(0.,1.,2.),
(0.,0.02),.UNSPECIFIED.);
#5570=B_SPLINE_SURFACE_WITH_KNOTS('',2,1,((#7692,#7693),(#7694,#7695),(#7696,
#7697),(#7698,#7699)),.UNSPECIFIED.,.F.,.F.,.F.,(3,1,3),(2,2),(0.,1.,2.),
(0.,0.02),.UNSPECIFIED.);
#5571=B_SPLINE_SURFACE_WITH_KNOTS('',2,1,((#7723,#7724),(#7725,#7726),(#7727,
#7728),(#7729,#7730)),.UNSPECIFIED.,.F.,.F.,.F.,(3,1,3),(2,2),(0.,1.,2.),
(0.,0.02),.UNSPECIFIED.);
#5572=B_SPLINE_SURFACE_WITH_KNOTS('',2,1,((#7742,#7743),(#7744,#7745),(#7746,
#7747),(#7748,#7749)),.UNSPECIFIED.,.F.,.F.,.F.,(3,1,3),(2,2),(0.,1.,2.),
(0.,0.02),.UNSPECIFIED.);
#5573=B_SPLINE_SURFACE_WITH_KNOTS('',2,1,((#7761,#7762),(#7763,#7764),(#7765,
#7766),(#7767,#7768)),.UNSPECIFIED.,.F.,.F.,.F.,(3,1,3),(2,2),(0.,1.,2.),
(0.,0.02),.UNSPECIFIED.);
#5574=B_SPLINE_SURFACE_WITH_KNOTS('',2,1,((#7780,#7781),(#7782,#7783),(#7784,
#7785),(#7786,#7787)),.UNSPECIFIED.,.F.,.F.,.F.,(3,1,3),(2,2),(0.,1.,2.),
(0.,0.02),.UNSPECIFIED.);
#5575=B_SPLINE_SURFACE_WITH_KNOTS('',2,1,((#7799,#7800),(#7801,#7802),(#7803,
#7804),(#7805,#7806)),.UNSPECIFIED.,.F.,.F.,.F.,(3,1,3),(2,2),(0.,1.,2.),
(0.,0.02),.UNSPECIFIED.);
#5576=B_SPLINE_SURFACE_WITH_KNOTS('',2,1,((#7818,#7819),(#7820,#7821),(#7822,
#7823),(#7824,#7825)),.UNSPECIFIED.,.F.,.F.,.F.,(3,1,3),(2,2),(0.,1.,2.),
(0.,0.02),.UNSPECIFIED.);
#5577=B_SPLINE_SURFACE_WITH_KNOTS('',2,1,((#7837,#7838),(#7839,#7840),(#7841,
#7842),(#7843,#7844)),.UNSPECIFIED.,.F.,.F.,.F.,(3,1,3),(2,2),(0.,1.,2.),
(0.,0.02),.UNSPECIFIED.);
#5578=B_SPLINE_SURFACE_WITH_KNOTS('',2,1,((#7856,#7857),(#7858,#7859),(#7860,
#7861),(#7862,#7863)),.UNSPECIFIED.,.F.,.F.,.F.,(3,1,3),(2,2),(0.,1.,2.),
(0.,0.02),.UNSPECIFIED.);
#5579=B_SPLINE_SURFACE_WITH_KNOTS('',2,1,((#7887,#7888),(#7889,#7890),(#7891,
#7892),(#7893,#7894)),.UNSPECIFIED.,.F.,.F.,.F.,(3,1,3),(2,2),(0.,1.,2.),
(0.,0.02),.UNSPECIFIED.);
#5580=B_SPLINE_SURFACE_WITH_KNOTS('',2,1,((#7906,#7907),(#7908,#7909),(#7910,
#7911),(#7912,#7913)),.UNSPECIFIED.,.F.,.F.,.F.,(3,1,3),(2,2),(0.,1.,2.),
(0.,0.02),.UNSPECIFIED.);
#5581=B_SPLINE_SURFACE_WITH_KNOTS('',2,1,((#7925,#7926),(#7927,#7928),(#7929,
#7930),(#7931,#7932)),.UNSPECIFIED.,.F.,.F.,.F.,(3,1,3),(2,2),(0.,1.,2.),
(0.,0.02),.UNSPECIFIED.);
#5582=B_SPLINE_SURFACE_WITH_KNOTS('',2,1,((#7944,#7945),(#7946,#7947),(#7948,
#7949),(#7950,#7951)),.UNSPECIFIED.,.F.,.F.,.F.,(3,1,3),(2,2),(0.,1.,2.),
(0.,0.02),.UNSPECIFIED.);
#5583=B_SPLINE_SURFACE_WITH_KNOTS('',2,1,((#7963,#7964),(#7965,#7966),(#7967,
#7968),(#7969,#7970)),.UNSPECIFIED.,.F.,.F.,.F.,(3,1,3),(2,2),(0.,1.,2.),
(0.,0.02),.UNSPECIFIED.);
#5584=B_SPLINE_SURFACE_WITH_KNOTS('',2,1,((#7982,#7983),(#7984,#7985),(#7986,
#7987),(#7988,#7989)),.UNSPECIFIED.,.F.,.F.,.F.,(3,1,3),(2,2),(0.,1.,2.),
(0.,0.02),.UNSPECIFIED.);
#5585=B_SPLINE_SURFACE_WITH_KNOTS('',2,1,((#7999,#8000),(#8001,#8002),(#8003,
#8004),(#8005,#8006)),.UNSPECIFIED.,.F.,.F.,.F.,(3,1,3),(2,2),(-2.,-1.,
0.),(0.,0.02),.UNSPECIFIED.);
#5586=B_SPLINE_SURFACE_WITH_KNOTS('',2,1,((#8039,#8040),(#8041,#8042),(#8043,
#8044),(#8045,#8046)),.UNSPECIFIED.,.F.,.F.,.F.,(3,1,3),(2,2),(-2.,-1.,
0.),(0.,0.02),.UNSPECIFIED.);
#5587=B_SPLINE_SURFACE_WITH_KNOTS('',2,1,((#8058,#8059),(#8060,#8061),(#8062,
#8063),(#8064,#8065)),.UNSPECIFIED.,.F.,.F.,.F.,(3,1,3),(2,2),(-2.,-1.,
0.),(0.,0.02),.UNSPECIFIED.);
#5588=B_SPLINE_SURFACE_WITH_KNOTS('',2,1,((#8077,#8078),(#8079,#8080),(#8081,
#8082),(#8083,#8084)),.UNSPECIFIED.,.F.,.F.,.F.,(3,1,3),(2,2),(-2.,-1.,
0.),(0.,0.02),.UNSPECIFIED.);
#5589=B_SPLINE_SURFACE_WITH_KNOTS('',2,1,((#8102,#8103),(#8104,#8105),(#8106,
#8107),(#8108,#8109)),.UNSPECIFIED.,.F.,.F.,.F.,(3,1,3),(2,2),(0.,1.,2.),
(0.,0.02),.UNSPECIFIED.);
#5590=B_SPLINE_SURFACE_WITH_KNOTS('',2,1,((#8121,#8122),(#8123,#8124),(#8125,
#8126),(#8127,#8128)),.UNSPECIFIED.,.F.,.F.,.F.,(3,1,3),(2,2),(0.,1.,2.),
(0.,0.02),.UNSPECIFIED.);
#5591=B_SPLINE_SURFACE_WITH_KNOTS('',2,1,((#8140,#8141),(#8142,#8143),(#8144,
#8145),(#8146,#8147)),.UNSPECIFIED.,.F.,.F.,.F.,(3,1,3),(2,2),(0.,1.,2.),
(0.,0.02),.UNSPECIFIED.);
#5592=B_SPLINE_SURFACE_WITH_KNOTS('',2,1,((#8388,#8389),(#8390,#8391),(#8392,
#8393),(#8394,#8395)),.UNSPECIFIED.,.F.,.F.,.F.,(3,1,3),(2,2),(-2.,-1.,
0.),(0.,0.02),.UNSPECIFIED.);
#5593=B_SPLINE_SURFACE_WITH_KNOTS('',2,1,((#8428,#8429),(#8430,#8431),(#8432,
#8433),(#8434,#8435)),.UNSPECIFIED.,.F.,.F.,.F.,(3,1,3),(2,2),(-2.,-1.,
0.),(0.,0.02),.UNSPECIFIED.);
#5594=B_SPLINE_SURFACE_WITH_KNOTS('',2,1,((#8447,#8448),(#8449,#8450),(#8451,
#8452),(#8453,#8454)),.UNSPECIFIED.,.F.,.F.,.F.,(3,1,3),(2,2),(-2.,-1.,
0.),(0.,0.02),.UNSPECIFIED.);
#5595=B_SPLINE_SURFACE_WITH_KNOTS('',2,1,((#8466,#8467),(#8468,#8469),(#8470,
#8471),(#8472,#8473)),.UNSPECIFIED.,.F.,.F.,.F.,(3,1,3),(2,2),(-2.,-1.,
0.),(0.,0.02),.UNSPECIFIED.);
#5596=B_SPLINE_SURFACE_WITH_KNOTS('',2,1,((#8491,#8492),(#8493,#8494),(#8495,
#8496),(#8497,#8498)),.UNSPECIFIED.,.F.,.F.,.F.,(3,1,3),(2,2),(0.,1.,2.),
(0.,0.02),.UNSPECIFIED.);
#5597=B_SPLINE_SURFACE_WITH_KNOTS('',2,1,((#8510,#8511),(#8512,#8513),(#8514,
#8515),(#8516,#8517)),.UNSPECIFIED.,.F.,.F.,.F.,(3,1,3),(2,2),(0.,1.,2.),
(0.,0.02),.UNSPECIFIED.);
#5598=B_SPLINE_SURFACE_WITH_KNOTS('',2,1,((#8529,#8530),(#8531,#8532),(#8533,
#8534),(#8535,#8536)),.UNSPECIFIED.,.F.,.F.,.F.,(3,1,3),(2,2),(0.,1.,2.),
(0.,0.02),.UNSPECIFIED.);
#5599=B_SPLINE_SURFACE_WITH_KNOTS('',2,1,((#8874,#8875),(#8876,#8877),(#8878,
#8879),(#8880,#8881)),.UNSPECIFIED.,.F.,.F.,.F.,(3,1,3),(2,2),(-2.,-1.,
0.),(0.,0.02),.UNSPECIFIED.);
#5600=B_SPLINE_SURFACE_WITH_KNOTS('',2,1,((#8896,#8897),(#8898,#8899),(#8900,
#8901),(#8902,#8903)),.UNSPECIFIED.,.F.,.F.,.F.,(3,1,3),(2,2),(-2.,-1.,
0.),(0.,0.02),.UNSPECIFIED.);
#5601=B_SPLINE_SURFACE_WITH_KNOTS('',2,1,((#8915,#8916),(#8917,#8918),(#8919,
#8920),(#8921,#8922)),.UNSPECIFIED.,.F.,.F.,.F.,(3,1,3),(2,2),(-2.,-1.,
0.),(0.,0.02),.UNSPECIFIED.);
#5602=B_SPLINE_SURFACE_WITH_KNOTS('',2,1,((#8934,#8935),(#8936,#8937),(#8938,
#8939),(#8940,#8941)),.UNSPECIFIED.,.F.,.F.,.F.,(3,1,3),(2,2),(-2.,-1.,
0.),(0.,0.02),.UNSPECIFIED.);
#5603=B_SPLINE_SURFACE_WITH_KNOTS('',2,1,((#8953,#8954),(#8955,#8956),(#8957,
#8958),(#8959,#8960)),.UNSPECIFIED.,.F.,.F.,.F.,(3,1,3),(2,2),(-2.,-1.,
0.),(0.,0.02),.UNSPECIFIED.);
#5604=B_SPLINE_SURFACE_WITH_KNOTS('',2,1,((#8972,#8973),(#8974,#8975),(#8976,
#8977),(#8978,#8979)),.UNSPECIFIED.,.F.,.F.,.F.,(3,1,3),(2,2),(-2.,-1.,
0.),(0.,0.02),.UNSPECIFIED.);
#5605=B_SPLINE_SURFACE_WITH_KNOTS('',2,1,((#8988,#8989),(#8990,#8991),(#8992,
#8993),(#8994,#8995)),.UNSPECIFIED.,.F.,.F.,.F.,(3,1,3),(2,2),(0.,1.,2.),
(0.,0.02),.UNSPECIFIED.);
#5606=B_SPLINE_SURFACE_WITH_KNOTS('',2,1,((#9010,#9011),(#9012,#9013),(#9014,
#9015),(#9016,#9017)),.UNSPECIFIED.,.F.,.F.,.F.,(3,1,3),(2,2),(0.,1.,2.),
(0.,0.02),.UNSPECIFIED.);
#5607=B_SPLINE_SURFACE_WITH_KNOTS('',2,1,((#9029,#9030),(#9031,#9032),(#9033,
#9034),(#9035,#9036)),.UNSPECIFIED.,.F.,.F.,.F.,(3,1,3),(2,2),(0.,1.,2.),
(0.,0.02),.UNSPECIFIED.);
#5608=B_SPLINE_SURFACE_WITH_KNOTS('',2,1,((#9048,#9049),(#9050,#9051),(#9052,
#9053),(#9054,#9055)),.UNSPECIFIED.,.F.,.F.,.F.,(3,1,3),(2,2),(0.,1.,2.),
(0.,0.02),.UNSPECIFIED.);
#5609=B_SPLINE_SURFACE_WITH_KNOTS('',2,1,((#9067,#9068),(#9069,#9070),(#9071,
#9072),(#9073,#9074)),.UNSPECIFIED.,.F.,.F.,.F.,(3,1,3),(2,2),(0.,1.,2.),
(0.,0.02),.UNSPECIFIED.);
#5610=B_SPLINE_SURFACE_WITH_KNOTS('',2,1,((#9086,#9087),(#9088,#9089),(#9090,
#9091),(#9092,#9093)),.UNSPECIFIED.,.F.,.F.,.F.,(3,1,3),(2,2),(0.,1.,2.),
(0.,0.02),.UNSPECIFIED.);
#5611=B_SPLINE_SURFACE_WITH_KNOTS('',2,1,((#9105,#9106),(#9107,#9108),(#9109,
#9110),(#9111,#9112)),.UNSPECIFIED.,.F.,.F.,.F.,(3,1,3),(2,2),(0.,1.,2.),
(0.,0.02),.UNSPECIFIED.);
#5612=B_SPLINE_SURFACE_WITH_KNOTS('',2,1,((#9124,#9125),(#9126,#9127),(#9128,
#9129),(#9130,#9131)),.UNSPECIFIED.,.F.,.F.,.F.,(3,1,3),(2,2),(0.,1.,2.),
(0.,0.02),.UNSPECIFIED.);
#5613=B_SPLINE_SURFACE_WITH_KNOTS('',2,1,((#9202,#9203),(#9204,#9205),(#9206,
#9207),(#9208,#9209)),.UNSPECIFIED.,.F.,.F.,.F.,(3,1,3),(2,2),(-2.,-1.,
0.),(0.,0.02),.UNSPECIFIED.);
#5614=B_SPLINE_SURFACE_WITH_KNOTS('',2,1,((#9242,#9243),(#9244,#9245),(#9246,
#9247),(#9248,#9249)),.UNSPECIFIED.,.F.,.F.,.F.,(3,1,3),(2,2),(-2.,-1.,
0.),(0.,0.02),.UNSPECIFIED.);
#5615=B_SPLINE_SURFACE_WITH_KNOTS('',2,1,((#9261,#9262),(#9263,#9264),(#9265,
#9266),(#9267,#9268)),.UNSPECIFIED.,.F.,.F.,.F.,(3,1,3),(2,2),(-2.,-1.,
0.),(0.,0.02),.UNSPECIFIED.);
#5616=B_SPLINE_SURFACE_WITH_KNOTS('',2,1,((#9280,#9281),(#9282,#9283),(#9284,
#9285),(#9286,#9287)),.UNSPECIFIED.,.F.,.F.,.F.,(3,1,3),(2,2),(-2.,-1.,
0.),(0.,0.02),.UNSPECIFIED.);
#5617=B_SPLINE_SURFACE_WITH_KNOTS('',2,1,((#9305,#9306),(#9307,#9308),(#9309,
#9310),(#9311,#9312)),.UNSPECIFIED.,.F.,.F.,.F.,(3,1,3),(2,2),(0.,1.,2.),
(0.,0.02),.UNSPECIFIED.);
#5618=B_SPLINE_SURFACE_WITH_KNOTS('',2,1,((#9324,#9325),(#9326,#9327),(#9328,
#9329),(#9330,#9331)),.UNSPECIFIED.,.F.,.F.,.F.,(3,1,3),(2,2),(0.,1.,2.),
(0.,0.02),.UNSPECIFIED.);
#5619=B_SPLINE_SURFACE_WITH_KNOTS('',2,1,((#9343,#9344),(#9345,#9346),(#9347,
#9348),(#9349,#9350)),.UNSPECIFIED.,.F.,.F.,.F.,(3,1,3),(2,2),(0.,1.,2.),
(0.,0.02),.UNSPECIFIED.);
#5620=B_SPLINE_SURFACE_WITH_KNOTS('',2,1,((#9402,#9403),(#9404,#9405),(#9406,
#9407),(#9408,#9409)),.UNSPECIFIED.,.F.,.F.,.F.,(3,1,3),(2,2),(-2.,-1.,
0.),(0.,0.02),.UNSPECIFIED.);
#5621=B_SPLINE_SURFACE_WITH_KNOTS('',2,1,((#9424,#9425),(#9426,#9427),(#9428,
#9429),(#9430,#9431)),.UNSPECIFIED.,.F.,.F.,.F.,(3,1,3),(2,2),(-2.,-1.,
0.),(0.,0.02),.UNSPECIFIED.);
#5622=B_SPLINE_SURFACE_WITH_KNOTS('',2,1,((#9443,#9444),(#9445,#9446),(#9447,
#9448),(#9449,#9450)),.UNSPECIFIED.,.F.,.F.,.F.,(3,1,3),(2,2),(-2.,-1.,
0.),(0.,0.02),.UNSPECIFIED.);
#5623=B_SPLINE_SURFACE_WITH_KNOTS('',2,1,((#9462,#9463),(#9464,#9465),(#9466,
#9467),(#9468,#9469)),.UNSPECIFIED.,.F.,.F.,.F.,(3,1,3),(2,2),(-2.,-1.,
0.),(0.,0.02),.UNSPECIFIED.);
#5624=B_SPLINE_SURFACE_WITH_KNOTS('',2,1,((#9481,#9482),(#9483,#9484),(#9485,
#9486),(#9487,#9488)),.UNSPECIFIED.,.F.,.F.,.F.,(3,1,3),(2,2),(-2.,-1.,
0.),(0.,0.02),.UNSPECIFIED.);
#5625=B_SPLINE_SURFACE_WITH_KNOTS('',2,1,((#9500,#9501),(#9502,#9503),(#9504,
#9505),(#9506,#9507)),.UNSPECIFIED.,.F.,.F.,.F.,(3,1,3),(2,2),(-2.,-1.,
0.),(0.,0.02),.UNSPECIFIED.);
#5626=B_SPLINE_SURFACE_WITH_KNOTS('',2,1,((#9516,#9517),(#9518,#9519),(#9520,
#9521),(#9522,#9523)),.UNSPECIFIED.,.F.,.F.,.F.,(3,1,3),(2,2),(0.,1.,2.),
(0.,0.02),.UNSPECIFIED.);
#5627=B_SPLINE_SURFACE_WITH_KNOTS('',2,1,((#9538,#9539),(#9540,#9541),(#9542,
#9543),(#9544,#9545)),.UNSPECIFIED.,.F.,.F.,.F.,(3,1,3),(2,2),(0.,1.,2.),
(0.,0.02),.UNSPECIFIED.);
#5628=B_SPLINE_SURFACE_WITH_KNOTS('',2,1,((#9557,#9558),(#9559,#9560),(#9561,
#9562),(#9563,#9564)),.UNSPECIFIED.,.F.,.F.,.F.,(3,1,3),(2,2),(0.,1.,2.),
(0.,0.02),.UNSPECIFIED.);
#5629=B_SPLINE_SURFACE_WITH_KNOTS('',2,1,((#9576,#9577),(#9578,#9579),(#9580,
#9581),(#9582,#9583)),.UNSPECIFIED.,.F.,.F.,.F.,(3,1,3),(2,2),(0.,1.,2.),
(0.,0.02),.UNSPECIFIED.);
#5630=B_SPLINE_SURFACE_WITH_KNOTS('',2,1,((#9595,#9596),(#9597,#9598),(#9599,
#9600),(#9601,#9602)),.UNSPECIFIED.,.F.,.F.,.F.,(3,1,3),(2,2),(0.,1.,2.),
(0.,0.02),.UNSPECIFIED.);
#5631=B_SPLINE_SURFACE_WITH_KNOTS('',2,1,((#9614,#9615),(#9616,#9617),(#9618,
#9619),(#9620,#9621)),.UNSPECIFIED.,.F.,.F.,.F.,(3,1,3),(2,2),(0.,1.,2.),
(0.,0.02),.UNSPECIFIED.);
#5632=B_SPLINE_SURFACE_WITH_KNOTS('',2,1,((#9633,#9634),(#9635,#9636),(#9637,
#9638),(#9639,#9640)),.UNSPECIFIED.,.F.,.F.,.F.,(3,1,3),(2,2),(0.,1.,2.),
(0.,0.02),.UNSPECIFIED.);
#5633=B_SPLINE_SURFACE_WITH_KNOTS('',2,1,((#9652,#9653),(#9654,#9655),(#9656,
#9657),(#9658,#9659)),.UNSPECIFIED.,.F.,.F.,.F.,(3,1,3),(2,2),(0.,1.,2.),
(0.,0.02),.UNSPECIFIED.);
#5634=ADVANCED_FACE('',(#289),#5562,.T.);
#5635=ADVANCED_FACE('',(#290),#50,.T.);
#5636=ADVANCED_FACE('',(#291),#51,.T.);
#5637=ADVANCED_FACE('',(#292),#52,.T.);
#5638=ADVANCED_FACE('',(#293),#5563,.T.);
#5639=ADVANCED_FACE('',(#294),#5564,.T.);
#5640=ADVANCED_FACE('',(#295),#5565,.T.);
#5641=ADVANCED_FACE('',(#296),#53,.F.);
#5642=ADVANCED_FACE('',(#297),#5566,.F.);
#5643=ADVANCED_FACE('',(#298),#5567,.F.);
#5644=ADVANCED_FACE('',(#299),#5568,.F.);
#5645=ADVANCED_FACE('',(#300),#54,.F.);
#5646=ADVANCED_FACE('',(#301),#55,.F.);
#5647=ADVANCED_FACE('',(#302),#56,.F.);
#5648=ADVANCED_FACE('',(#303),#57,.F.);
#5649=ADVANCED_FACE('',(#304),#58,.F.);
#5650=ADVANCED_FACE('',(#305),#59,.F.);
#5651=ADVANCED_FACE('',(#306),#60,.F.);
#5652=ADVANCED_FACE('',(#307,#15),#61,.F.);
#5653=ADVANCED_FACE('',(#308),#62,.F.);
#5654=ADVANCED_FACE('',(#309),#63,.F.);
#5655=ADVANCED_FACE('',(#310),#64,.F.);
#5656=ADVANCED_FACE('',(#311),#65,.F.);
#5657=ADVANCED_FACE('',(#312),#66,.F.);
#5658=ADVANCED_FACE('',(#313),#67,.F.);
#5659=ADVANCED_FACE('',(#314),#68,.F.);
#5660=ADVANCED_FACE('',(#315),#69,.F.);
#5661=ADVANCED_FACE('',(#316),#70,.F.);
#5662=ADVANCED_FACE('',(#317),#71,.F.);
#5663=ADVANCED_FACE('',(#318),#72,.F.);
#5664=ADVANCED_FACE('',(#319),#73,.F.);
#5665=ADVANCED_FACE('',(#320),#74,.F.);
#5666=ADVANCED_FACE('',(#321),#75,.F.);
#5667=ADVANCED_FACE('',(#322),#76,.F.);
#5668=ADVANCED_FACE('',(#323),#77,.F.);
#5669=ADVANCED_FACE('',(#324),#5569,.F.);
#5670=ADVANCED_FACE('',(#325),#5570,.F.);
#5671=ADVANCED_FACE('',(#326),#78,.F.);
#5672=ADVANCED_FACE('',(#327),#79,.F.);
#5673=ADVANCED_FACE('',(#328),#5571,.F.);
#5674=ADVANCED_FACE('',(#329),#5572,.F.);
#5675=ADVANCED_FACE('',(#330),#5573,.F.);
#5676=ADVANCED_FACE('',(#331),#5574,.F.);
#5677=ADVANCED_FACE('',(#332),#5575,.F.);
#5678=ADVANCED_FACE('',(#333),#5576,.F.);
#5679=ADVANCED_FACE('',(#334),#5577,.F.);
#5680=ADVANCED_FACE('',(#335),#5578,.F.);
#5681=ADVANCED_FACE('',(#336),#80,.F.);
#5682=ADVANCED_FACE('',(#337),#81,.F.);
#5683=ADVANCED_FACE('',(#338),#5579,.F.);
#5684=ADVANCED_FACE('',(#339),#5580,.F.);
#5685=ADVANCED_FACE('',(#340),#5581,.F.);
#5686=ADVANCED_FACE('',(#341),#5582,.F.);
#5687=ADVANCED_FACE('',(#342),#5583,.F.);
#5688=ADVANCED_FACE('',(#343),#5584,.F.);
#5689=ADVANCED_FACE('',(#344),#82,.T.);
#5690=ADVANCED_FACE('',(#345),#5585,.T.);
#5691=ADVANCED_FACE('',(#346),#83,.T.);
#5692=ADVANCED_FACE('',(#347),#84,.T.);
#5693=ADVANCED_FACE('',(#348),#85,.T.);
#5694=ADVANCED_FACE('',(#349),#5586,.T.);
#5695=ADVANCED_FACE('',(#350),#5587,.T.);
#5696=ADVANCED_FACE('',(#351),#5588,.T.);
#5697=ADVANCED_FACE('',(#352),#86,.F.);
#5698=ADVANCED_FACE('',(#353),#5589,.F.);
#5699=ADVANCED_FACE('',(#354),#5590,.F.);
#5700=ADVANCED_FACE('',(#355),#5591,.F.);
#5701=ADVANCED_FACE('',(#356),#87,.F.);
#5702=ADVANCED_FACE('',(#357),#88,.F.);
#5703=ADVANCED_FACE('',(#358),#89,.F.);
#5704=ADVANCED_FACE('',(#359),#90,.F.);
#5705=ADVANCED_FACE('',(#360),#91,.F.);
#5706=ADVANCED_FACE('',(#361),#92,.F.);
#5707=ADVANCED_FACE('',(#362),#93,.F.);
#5708=ADVANCED_FACE('',(#363,#16),#94,.F.);
#5709=ADVANCED_FACE('',(#364),#95,.F.);
#5710=ADVANCED_FACE('',(#365),#96,.F.);
#5711=ADVANCED_FACE('',(#366),#97,.F.);
#5712=ADVANCED_FACE('',(#367),#98,.F.);
#5713=ADVANCED_FACE('',(#368),#99,.F.);
#5714=ADVANCED_FACE('',(#369),#100,.F.);
#5715=ADVANCED_FACE('',(#370),#101,.F.);
#5716=ADVANCED_FACE('',(#371),#102,.F.);
#5717=ADVANCED_FACE('',(#372),#103,.F.);
#5718=ADVANCED_FACE('',(#373),#104,.T.);
#5719=ADVANCED_FACE('',(#374),#105,.T.);
#5720=ADVANCED_FACE('',(#375),#106,.T.);
#5721=ADVANCED_FACE('',(#376),#107,.F.);
#5722=ADVANCED_FACE('',(#377),#108,.F.);
#5723=ADVANCED_FACE('',(#378),#109,.F.);
#5724=ADVANCED_FACE('',(#379),#110,.F.);
#5725=ADVANCED_FACE('',(#380),#111,.F.);
#5726=ADVANCED_FACE('',(#381),#112,.F.);
#5727=ADVANCED_FACE('',(#382),#113,.F.);
#5728=ADVANCED_FACE('',(#383),#114,.F.);
#5729=ADVANCED_FACE('',(#384,#17),#115,.F.);
#5730=ADVANCED_FACE('',(#385),#116,.F.);
#5731=ADVANCED_FACE('',(#386),#117,.F.);
#5732=ADVANCED_FACE('',(#387),#118,.F.);
#5733=ADVANCED_FACE('',(#388),#119,.F.);
#5734=ADVANCED_FACE('',(#389),#120,.F.);
#5735=ADVANCED_FACE('',(#390),#121,.F.);
#5736=ADVANCED_FACE('',(#391),#122,.F.);
#5737=ADVANCED_FACE('',(#392),#123,.F.);
#5738=ADVANCED_FACE('',(#393),#124,.F.);
#5739=ADVANCED_FACE('',(#394),#125,.F.);
#5740=ADVANCED_FACE('',(#395),#126,.F.);
#5741=ADVANCED_FACE('',(#396),#127,.F.);
#5742=ADVANCED_FACE('',(#397),#128,.F.);
#5743=ADVANCED_FACE('',(#398),#5592,.T.);
#5744=ADVANCED_FACE('',(#399),#129,.T.);
#5745=ADVANCED_FACE('',(#400),#130,.T.);
#5746=ADVANCED_FACE('',(#401),#131,.T.);
#5747=ADVANCED_FACE('',(#402),#5593,.T.);
#5748=ADVANCED_FACE('',(#403),#5594,.T.);
#5749=ADVANCED_FACE('',(#404),#5595,.T.);
#5750=ADVANCED_FACE('',(#405),#132,.F.);
#5751=ADVANCED_FACE('',(#406),#5596,.F.);
#5752=ADVANCED_FACE('',(#407),#5597,.F.);
#5753=ADVANCED_FACE('',(#408),#5598,.F.);
#5754=ADVANCED_FACE('',(#409),#133,.F.);
#5755=ADVANCED_FACE('',(#410),#134,.F.);
#5756=ADVANCED_FACE('',(#411),#135,.F.);
#5757=ADVANCED_FACE('',(#412),#136,.F.);
#5758=ADVANCED_FACE('',(#413),#137,.F.);
#5759=ADVANCED_FACE('',(#414),#138,.F.);
#5760=ADVANCED_FACE('',(#415),#139,.F.);
#5761=ADVANCED_FACE('',(#416,#18),#140,.F.);
#5762=ADVANCED_FACE('',(#417),#141,.T.);
#5763=ADVANCED_FACE('',(#418),#142,.T.);
#5764=ADVANCED_FACE('',(#419),#143,.T.);
#5765=ADVANCED_FACE('',(#420),#144,.F.);
#5766=ADVANCED_FACE('',(#421),#145,.F.);
#5767=ADVANCED_FACE('',(#422),#146,.F.);
#5768=ADVANCED_FACE('',(#423),#147,.F.);
#5769=ADVANCED_FACE('',(#424),#148,.F.);
#5770=ADVANCED_FACE('',(#425),#149,.F.);
#5771=ADVANCED_FACE('',(#426),#150,.F.);
#5772=ADVANCED_FACE('',(#427),#151,.F.);
#5773=ADVANCED_FACE('',(#428,#19),#152,.F.);
#5774=ADVANCED_FACE('',(#429),#153,.F.);
#5775=ADVANCED_FACE('',(#430),#154,.F.);
#5776=ADVANCED_FACE('',(#431),#155,.F.);
#5777=ADVANCED_FACE('',(#432),#156,.F.);
#5778=ADVANCED_FACE('',(#433),#157,.F.);
#5779=ADVANCED_FACE('',(#434),#158,.F.);
#5780=ADVANCED_FACE('',(#435),#159,.F.);
#5781=ADVANCED_FACE('',(#436),#160,.F.);
#5782=ADVANCED_FACE('',(#437),#161,.F.);
#5783=ADVANCED_FACE('',(#438),#162,.F.);
#5784=ADVANCED_FACE('',(#439),#163,.F.);
#5785=ADVANCED_FACE('',(#440),#164,.F.);
#5786=ADVANCED_FACE('',(#441),#165,.F.);
#5787=ADVANCED_FACE('',(#442),#166,.F.);
#5788=ADVANCED_FACE('',(#443),#167,.F.);
#5789=ADVANCED_FACE('',(#444),#168,.F.);
#5790=ADVANCED_FACE('',(#445),#169,.F.);
#5791=ADVANCED_FACE('',(#446),#170,.F.);
#5792=ADVANCED_FACE('',(#447),#171,.F.);
#5793=ADVANCED_FACE('',(#448),#172,.F.);
#5794=ADVANCED_FACE('',(#449),#173,.F.);
#5795=ADVANCED_FACE('',(#450),#174,.F.);
#5796=ADVANCED_FACE('',(#451),#175,.F.);
#5797=ADVANCED_FACE('',(#452),#176,.F.);
#5798=ADVANCED_FACE('',(#453),#177,.F.);
#5799=ADVANCED_FACE('',(#454),#178,.F.);
#5800=ADVANCED_FACE('',(#455),#179,.F.);
#5801=ADVANCED_FACE('',(#456),#180,.F.);
#5802=ADVANCED_FACE('',(#457),#181,.F.);
#5803=ADVANCED_FACE('',(#458),#182,.F.);
#5804=ADVANCED_FACE('',(#459),#183,.F.);
#5805=ADVANCED_FACE('',(#460),#184,.F.);
#5806=ADVANCED_FACE('',(#461),#185,.F.);
#5807=ADVANCED_FACE('',(#462),#186,.F.);
#5808=ADVANCED_FACE('',(#463),#187,.F.);
#5809=ADVANCED_FACE('',(#464),#188,.F.);
#5810=ADVANCED_FACE('',(#465),#189,.F.);
#5811=ADVANCED_FACE('',(#466),#190,.F.);
#5812=ADVANCED_FACE('',(#467),#191,.F.);
#5813=ADVANCED_FACE('',(#468),#5599,.T.);
#5814=ADVANCED_FACE('',(#469),#5600,.T.);
#5815=ADVANCED_FACE('',(#470),#5601,.T.);
#5816=ADVANCED_FACE('',(#471),#5602,.T.);
#5817=ADVANCED_FACE('',(#472),#5603,.T.);
#5818=ADVANCED_FACE('',(#473),#5604,.T.);
#5819=ADVANCED_FACE('',(#474),#5605,.F.);
#5820=ADVANCED_FACE('',(#475),#5606,.F.);
#5821=ADVANCED_FACE('',(#476),#5607,.F.);
#5822=ADVANCED_FACE('',(#477),#5608,.F.);
#5823=ADVANCED_FACE('',(#478),#5609,.F.);
#5824=ADVANCED_FACE('',(#479),#5610,.F.);
#5825=ADVANCED_FACE('',(#480),#5611,.F.);
#5826=ADVANCED_FACE('',(#481),#5612,.F.);
#5827=ADVANCED_FACE('',(#482,#20),#192,.T.);
#5828=ADVANCED_FACE('',(#483),#193,.F.);
#5829=ADVANCED_FACE('',(#484),#194,.F.);
#5830=ADVANCED_FACE('',(#485),#195,.F.);
#5831=ADVANCED_FACE('',(#486),#196,.F.);
#5832=ADVANCED_FACE('',(#487),#197,.F.);
#5833=ADVANCED_FACE('',(#488),#198,.F.);
#5834=ADVANCED_FACE('',(#489),#199,.F.);
#5835=ADVANCED_FACE('',(#490),#200,.F.);
#5836=ADVANCED_FACE('',(#491),#201,.F.);
#5837=ADVANCED_FACE('',(#492),#202,.F.);
#5838=ADVANCED_FACE('',(#493),#203,.F.);
#5839=ADVANCED_FACE('',(#494),#5613,.T.);
#5840=ADVANCED_FACE('',(#495),#204,.T.);
#5841=ADVANCED_FACE('',(#496),#205,.T.);
#5842=ADVANCED_FACE('',(#497),#206,.T.);
#5843=ADVANCED_FACE('',(#498),#5614,.T.);
#5844=ADVANCED_FACE('',(#499),#5615,.T.);
#5845=ADVANCED_FACE('',(#500),#5616,.T.);
#5846=ADVANCED_FACE('',(#501),#207,.F.);
#5847=ADVANCED_FACE('',(#502),#5617,.F.);
#5848=ADVANCED_FACE('',(#503),#5618,.F.);
#5849=ADVANCED_FACE('',(#504),#5619,.F.);
#5850=ADVANCED_FACE('',(#505),#208,.F.);
#5851=ADVANCED_FACE('',(#506),#209,.F.);
#5852=ADVANCED_FACE('',(#507),#210,.F.);
#5853=ADVANCED_FACE('',(#508),#211,.F.);
#5854=ADVANCED_FACE('',(#509),#212,.F.);
#5855=ADVANCED_FACE('',(#510),#213,.F.);
#5856=ADVANCED_FACE('',(#511),#214,.F.);
#5857=ADVANCED_FACE('',(#512,#21),#215,.F.);
#5858=ADVANCED_FACE('',(#513),#5620,.T.);
#5859=ADVANCED_FACE('',(#514),#5621,.T.);
#5860=ADVANCED_FACE('',(#515),#5622,.T.);
#5861=ADVANCED_FACE('',(#516),#5623,.T.);
#5862=ADVANCED_FACE('',(#517),#5624,.T.);
#5863=ADVANCED_FACE('',(#518),#5625,.T.);
#5864=ADVANCED_FACE('',(#519),#5626,.F.);
#5865=ADVANCED_FACE('',(#520),#5627,.F.);
#5866=ADVANCED_FACE('',(#521),#5628,.F.);
#5867=ADVANCED_FACE('',(#522),#5629,.F.);
#5868=ADVANCED_FACE('',(#523),#5630,.F.);
#5869=ADVANCED_FACE('',(#524),#5631,.F.);
#5870=ADVANCED_FACE('',(#525),#5632,.F.);
#5871=ADVANCED_FACE('',(#526),#5633,.F.);
#5872=ADVANCED_FACE('',(#527,#22),#216,.T.);
#5873=ADVANCED_FACE('',(#528),#217,.F.);
#5874=ADVANCED_FACE('',(#529),#218,.F.);
#5875=ADVANCED_FACE('',(#530),#219,.F.);
#5876=ADVANCED_FACE('',(#531),#220,.F.);
#5877=ADVANCED_FACE('',(#532),#221,.F.);
#5878=ADVANCED_FACE('',(#533),#222,.F.);
#5879=ADVANCED_FACE('',(#534),#223,.F.);
#5880=ADVANCED_FACE('',(#535),#224,.F.);
#5881=ADVANCED_FACE('',(#536),#225,.F.);
#5882=ADVANCED_FACE('',(#537),#226,.F.);
#5883=ADVANCED_FACE('',(#538),#227,.F.);
#5884=ADVANCED_FACE('',(#539),#228,.F.);
#5885=ADVANCED_FACE('',(#540),#229,.F.);
#5886=ADVANCED_FACE('',(#541),#230,.F.);
#5887=ADVANCED_FACE('',(#542),#231,.F.);
#5888=ADVANCED_FACE('',(#543),#232,.F.);
#5889=ADVANCED_FACE('',(#544),#233,.F.);
#5890=ADVANCED_FACE('',(#545),#234,.F.);
#5891=ADVANCED_FACE('',(#546),#235,.F.);
#5892=ADVANCED_FACE('',(#547),#236,.F.);
#5893=ADVANCED_FACE('',(#548,#23,#24,#25,#26,#27,#28,#29,#30,#31,#32,#33,
#34,#35,#36,#37,#38,#39,#40,#41,#42,#43,#44),#237,.F.);
#5894=ADVANCED_FACE('',(#549),#238,.F.);
#5895=ADVANCED_FACE('',(#550),#239,.F.);
#5896=ADVANCED_FACE('',(#551),#240,.F.);
#5897=ADVANCED_FACE('',(#552),#241,.F.);
#5898=ADVANCED_FACE('',(#553),#242,.F.);
#5899=ADVANCED_FACE('',(#554),#243,.F.);
#5900=ADVANCED_FACE('',(#555),#244,.F.);
#5901=ADVANCED_FACE('',(#556),#245,.F.);
#5902=ADVANCED_FACE('',(#557),#246,.F.);
#5903=ADVANCED_FACE('',(#558),#247,.F.);
#5904=ADVANCED_FACE('',(#559),#248,.F.);
#5905=ADVANCED_FACE('',(#560),#249,.F.);
#5906=ADVANCED_FACE('',(#561),#250,.F.);
#5907=ADVANCED_FACE('',(#562),#251,.F.);
#5908=ADVANCED_FACE('',(#563),#252,.F.);
#5909=ADVANCED_FACE('',(#564),#253,.F.);
#5910=ADVANCED_FACE('',(#565),#254,.F.);
#5911=ADVANCED_FACE('',(#566),#255,.F.);
#5912=ADVANCED_FACE('',(#567),#256,.F.);
#5913=ADVANCED_FACE('',(#568),#257,.T.);
#5914=ADVANCED_FACE('',(#569),#258,.T.);
#5915=ADVANCED_FACE('',(#570),#259,.T.);
#5916=ADVANCED_FACE('',(#571),#260,.T.);
#5917=ADVANCED_FACE('',(#572),#261,.T.);
#5918=ADVANCED_FACE('',(#573),#262,.T.);
#5919=ADVANCED_FACE('',(#574),#263,.T.);
#5920=ADVANCED_FACE('',(#575),#264,.T.);
#5921=ADVANCED_FACE('',(#576),#265,.T.);
#5922=ADVANCED_FACE('',(#577),#266,.T.);
#5923=ADVANCED_FACE('',(#578),#267,.T.);
#5924=ADVANCED_FACE('',(#579),#268,.T.);
#5925=ADVANCED_FACE('',(#580),#269,.T.);
#5926=ADVANCED_FACE('',(#581),#270,.T.);
#5927=ADVANCED_FACE('',(#582),#271,.T.);
#5928=ADVANCED_FACE('',(#583),#272,.T.);
#5929=ADVANCED_FACE('',(#584),#273,.T.);
#5930=ADVANCED_FACE('',(#585),#274,.T.);
#5931=ADVANCED_FACE('',(#586),#275,.T.);
#5932=ADVANCED_FACE('',(#587),#276,.F.);
#5933=ADVANCED_FACE('',(#588),#277,.T.);
#5934=ADVANCED_FACE('',(#589),#278,.T.);
#5935=ADVANCED_FACE('',(#590),#279,.T.);
#5936=ADVANCED_FACE('',(#591),#280,.F.);
#5937=ADVANCED_FACE('',(#592),#281,.F.);
#5938=ADVANCED_FACE('',(#593),#282,.F.);
#5939=ADVANCED_FACE('',(#594,#45,#46,#47,#48,#49),#283,.F.);
#5940=ADVANCED_FACE('',(#595),#284,.T.);
#5941=ADVANCED_FACE('',(#596),#285,.T.);
#5942=ADVANCED_FACE('',(#597),#286,.T.);
#5943=ADVANCED_FACE('',(#598),#287,.T.);
#5944=ADVANCED_FACE('',(#599),#288,.F.);
#5945=CLOSED_SHELL('',(#5634,#5635,#5636,#5637,#5638,#5639,#5640,#5641,
#5642,#5643,#5644,#5645,#5646,#5647,#5648,#5649,#5650,#5651,#5652,#5653,
#5654,#5655,#5656,#5657,#5658,#5659,#5660,#5661,#5662,#5663,#5664,#5665,
#5666,#5667,#5668,#5669,#5670,#5671,#5672,#5673,#5674,#5675,#5676,#5677,
#5678,#5679,#5680,#5681,#5682,#5683,#5684,#5685,#5686,#5687,#5688,#5689,
#5690,#5691,#5692,#5693,#5694,#5695,#5696,#5697,#5698,#5699,#5700,#5701,
#5702,#5703,#5704,#5705,#5706,#5707,#5708,#5709,#5710,#5711,#5712,#5713,
#5714,#5715,#5716,#5717,#5718,#5719,#5720,#5721,#5722,#5723,#5724,#5725,
#5726,#5727,#5728,#5729,#5730,#5731,#5732,#5733,#5734,#5735,#5736,#5737,
#5738,#5739,#5740,#5741,#5742,#5743,#5744,#5745,#5746,#5747,#5748,#5749,
#5750,#5751,#5752,#5753,#5754,#5755,#5756,#5757,#5758,#5759,#5760,#5761,
#5762,#5763,#5764,#5765,#5766,#5767,#5768,#5769,#5770,#5771,#5772,#5773,
#5774,#5775,#5776,#5777,#5778,#5779,#5780,#5781,#5782,#5783,#5784,#5785,
#5786,#5787,#5788,#5789,#5790,#5791,#5792,#5793,#5794,#5795,#5796,#5797,
#5798,#5799,#5800,#5801,#5802,#5803,#5804,#5805,#5806,#5807,#5808,#5809,
#5810,#5811,#5812,#5813,#5814,#5815,#5816,#5817,#5818,#5819,#5820,#5821,
#5822,#5823,#5824,#5825,#5826,#5827,#5828,#5829,#5830,#5831,#5832,#5833,
#5834,#5835,#5836,#5837,#5838,#5839,#5840,#5841,#5842,#5843,#5844,#5845,
#5846,#5847,#5848,#5849,#5850,#5851,#5852,#5853,#5854,#5855,#5856,#5857,
#5858,#5859,#5860,#5861,#5862,#5863,#5864,#5865,#5866,#5867,#5868,#5869,
#5870,#5871,#5872,#5873,#5874,#5875,#5876,#5877,#5878,#5879,#5880,#5881,
#5882,#5883,#5884,#5885,#5886,#5887,#5888,#5889,#5890,#5891,#5892,#5893,
#5894,#5895,#5896,#5897,#5898,#5899,#5900,#5901,#5902,#5903,#5904,#5905,
#5906,#5907,#5908,#5909,#5910,#5911,#5912,#5913,#5914,#5915,#5916,#5917,
#5918,#5919,#5920,#5921,#5922,#5923,#5924,#5925,#5926,#5927,#5928,#5929,
#5930,#5931,#5932,#5933,#5934,#5935,#5936,#5937,#5938,#5939,#5940,#5941,
#5942,#5943,#5944));
#5946=DERIVED_UNIT_ELEMENT(#5949,1.);
#5947=DERIVED_UNIT_ELEMENT(#10036,-3.);
#5948=DIMENSIONAL_EXPONENTS(0.,1.,0.,0.,0.,0.,0.);
#5949=(
CONVERSION_BASED_UNIT('gram',#5951)
MASS_UNIT()
NAMED_UNIT(#5948)
);
#5950=(
MASS_UNIT()
NAMED_UNIT(*)
SI_UNIT(.KILO.,.GRAM.)
);
#5951=MASS_MEASURE_WITH_UNIT(MASS_MEASURE(0.001),#5950);
#5952=DERIVED_UNIT((#5946,#5947));
#5953=MEASURE_REPRESENTATION_ITEM('density measure',
POSITIVE_RATIO_MEASURE(1.),#5952);
#5954=PROPERTY_DEFINITION_REPRESENTATION(#5959,#5956);
#5955=PROPERTY_DEFINITION_REPRESENTATION(#5960,#5957);
#5956=REPRESENTATION('material name',(#5958),#10033);
#5957=REPRESENTATION('density',(#5953),#10033);
#5958=DESCRIPTIVE_REPRESENTATION_ITEM('Generic','Generic');
#5959=PROPERTY_DEFINITION('material property','material name',#10043);
#5960=PROPERTY_DEFINITION('material property','density of part',#10043);
#5961=DATE_TIME_ROLE('creation_date');
#5962=APPLIED_DATE_AND_TIME_ASSIGNMENT(#5963,#5961,(#10043));
#5963=DATE_AND_TIME(#5964,#5965);
#5964=CALENDAR_DATE(2025,19,9);
#5965=LOCAL_TIME(0,0,0.,#5966);
#5966=COORDINATED_UNIVERSAL_TIME_OFFSET(0,0,.BEHIND.);
#5967=AXIS2_PLACEMENT_3D('',#7383,#6207,#6208);
#5968=AXIS2_PLACEMENT_3D('',#7406,#6211,#6212);
#5969=AXIS2_PLACEMENT_3D('',#7412,#6216,#6217);
#5970=AXIS2_PLACEMENT_3D('',#7418,#6221,#6222);
#5971=AXIS2_PLACEMENT_3D('',#7478,#6228,#6229);
#5972=AXIS2_PLACEMENT_3D('',#7544,#6237,#6238);
#5973=AXIS2_PLACEMENT_3D('',#7550,#6242,#6243);
#5974=AXIS2_PLACEMENT_3D('',#7556,#6247,#6248);
#5975=AXIS2_PLACEMENT_3D('',#7562,#6252,#6253);
#5976=AXIS2_PLACEMENT_3D('',#7568,#6257,#6258);
#5977=AXIS2_PLACEMENT_3D('',#7574,#6262,#6263);
#5978=AXIS2_PLACEMENT_3D('',#7580,#6267,#6268);
#5979=AXIS2_PLACEMENT_3D('',#7583,#6271,#6272);
#5980=AXIS2_PLACEMENT_3D('',#7584,#6273,#6274);
#5981=AXIS2_PLACEMENT_3D('',#7593,#6279,#6280);
#5982=AXIS2_PLACEMENT_3D('',#7599,#6284,#6285);
#5983=AXIS2_PLACEMENT_3D('',#7605,#6289,#6290);
#5984=AXIS2_PLACEMENT_3D('',#7611,#6294,#6295);
#5985=AXIS2_PLACEMENT_3D('',#7617,#6299,#6300);
#5986=AXIS2_PLACEMENT_3D('',#7620,#6303,#6304);
#5987=AXIS2_PLACEMENT_3D('',#7621,#6305,#6306);
#5988=AXIS2_PLACEMENT_3D('',#7630,#6311,#6312);
#5989=AXIS2_PLACEMENT_3D('',#7636,#6316,#6317);
#5990=AXIS2_PLACEMENT_3D('',#7642,#6321,#6322);
#5991=AXIS2_PLACEMENT_3D('',#7648,#6326,#6327);
#5992=AXIS2_PLACEMENT_3D('',#7654,#6331,#6332);
#5993=AXIS2_PLACEMENT_3D('',#7660,#6336,#6337);
#5994=AXIS2_PLACEMENT_3D('',#7666,#6341,#6342);
#5995=AXIS2_PLACEMENT_3D('',#7669,#6345,#6346);
#5996=AXIS2_PLACEMENT_3D('',#7711,#6350,#6351);
#5997=AXIS2_PLACEMENT_3D('',#7717,#6355,#6356);
#5998=AXIS2_PLACEMENT_3D('',#7875,#6368,#6369);
#5999=AXIS2_PLACEMENT_3D('',#7881,#6373,#6374);
#6000=AXIS2_PLACEMENT_3D('',#7998,#6383,#6384);
#6001=AXIS2_PLACEMENT_3D('',#8021,#6387,#6388);
#6002=AXIS2_PLACEMENT_3D('',#8027,#6392,#6393);
#6003=AXIS2_PLACEMENT_3D('',#8033,#6397,#6398);
#6004=AXIS2_PLACEMENT_3D('',#8093,#6404,#6405);
#6005=AXIS2_PLACEMENT_3D('',#8159,#6413,#6414);
#6006=AXIS2_PLACEMENT_3D('',#8165,#6418,#6419);
#6007=AXIS2_PLACEMENT_3D('',#8171,#6423,#6424);
#6008=AXIS2_PLACEMENT_3D('',#8177,#6428,#6429);
#6009=AXIS2_PLACEMENT_3D('',#8183,#6433,#6434);
#6010=AXIS2_PLACEMENT_3D('',#8189,#6438,#6439);
#6011=AXIS2_PLACEMENT_3D('',#8195,#6443,#6444);
#6012=AXIS2_PLACEMENT_3D('',#8198,#6447,#6448);
#6013=AXIS2_PLACEMENT_3D('',#8199,#6449,#6450);
#6014=AXIS2_PLACEMENT_3D('',#8208,#6455,#6456);
#6015=AXIS2_PLACEMENT_3D('',#8214,#6460,#6461);
#6016=AXIS2_PLACEMENT_3D('',#8220,#6465,#6466);
#6017=AXIS2_PLACEMENT_3D('',#8226,#6470,#6471);
#6018=AXIS2_PLACEMENT_3D('',#8232,#6475,#6476);
#6019=AXIS2_PLACEMENT_3D('',#8238,#6480,#6481);
#6020=AXIS2_PLACEMENT_3D('',#8244,#6485,#6486);
#6021=AXIS2_PLACEMENT_3D('',#8247,#6489,#6490);
#6022=AXIS2_PLACEMENT_3D('',#8248,#6491,#6492);
#6023=AXIS2_PLACEMENT_3D('',#8257,#6497,#6498);
#6024=AXIS2_PLACEMENT_3D('',#8263,#6502,#6503);
#6025=AXIS2_PLACEMENT_3D('',#8266,#6506,#6507);
#6026=AXIS2_PLACEMENT_3D('',#8275,#6512,#6513);
#6027=AXIS2_PLACEMENT_3D('',#8281,#6517,#6518);
#6028=AXIS2_PLACEMENT_3D('',#8287,#6522,#6523);
#6029=AXIS2_PLACEMENT_3D('',#8293,#6527,#6528);
#6030=AXIS2_PLACEMENT_3D('',#8299,#6532,#6533);
#6031=AXIS2_PLACEMENT_3D('',#8305,#6537,#6538);
#6032=AXIS2_PLACEMENT_3D('',#8311,#6542,#6543);
#6033=AXIS2_PLACEMENT_3D('',#8314,#6546,#6547);
#6034=AXIS2_PLACEMENT_3D('',#8315,#6548,#6549);
#6035=AXIS2_PLACEMENT_3D('',#8324,#6554,#6555);
#6036=AXIS2_PLACEMENT_3D('',#8330,#6559,#6560);
#6037=AXIS2_PLACEMENT_3D('',#8336,#6564,#6565);
#6038=AXIS2_PLACEMENT_3D('',#8342,#6569,#6570);
#6039=AXIS2_PLACEMENT_3D('',#8348,#6574,#6575);
#6040=AXIS2_PLACEMENT_3D('',#8354,#6579,#6580);
#6041=AXIS2_PLACEMENT_3D('',#8360,#6584,#6585);
#6042=AXIS2_PLACEMENT_3D('',#8366,#6589,#6590);
#6043=AXIS2_PLACEMENT_3D('',#8372,#6594,#6595);
#6044=AXIS2_PLACEMENT_3D('',#8378,#6599,#6600);
#6045=AXIS2_PLACEMENT_3D('',#8384,#6604,#6605);
#6046=AXIS2_PLACEMENT_3D('',#8387,#6608,#6609);
#6047=AXIS2_PLACEMENT_3D('',#8410,#6612,#6613);
#6048=AXIS2_PLACEMENT_3D('',#8416,#6617,#6618);
#6049=AXIS2_PLACEMENT_3D('',#8422,#6622,#6623);
#6050=AXIS2_PLACEMENT_3D('',#8482,#6629,#6630);
#6051=AXIS2_PLACEMENT_3D('',#8548,#6638,#6639);
#6052=AXIS2_PLACEMENT_3D('',#8554,#6643,#6644);
#6053=AXIS2_PLACEMENT_3D('',#8560,#6648,#6649);
#6054=AXIS2_PLACEMENT_3D('',#8566,#6653,#6654);
#6055=AXIS2_PLACEMENT_3D('',#8572,#6658,#6659);
#6056=AXIS2_PLACEMENT_3D('',#8578,#6663,#6664);
#6057=AXIS2_PLACEMENT_3D('',#8584,#6668,#6669);
#6058=AXIS2_PLACEMENT_3D('',#8587,#6672,#6673);
#6059=AXIS2_PLACEMENT_3D('',#8588,#6674,#6675);
#6060=AXIS2_PLACEMENT_3D('',#8597,#6680,#6681);
#6061=AXIS2_PLACEMENT_3D('',#8603,#6685,#6686);
#6062=AXIS2_PLACEMENT_3D('',#8606,#6689,#6690);
#6063=AXIS2_PLACEMENT_3D('',#8615,#6695,#6696);
#6064=AXIS2_PLACEMENT_3D('',#8621,#6700,#6701);
#6065=AXIS2_PLACEMENT_3D('',#8627,#6705,#6706);
#6066=AXIS2_PLACEMENT_3D('',#8633,#6710,#6711);
#6067=AXIS2_PLACEMENT_3D('',#8639,#6715,#6716);
#6068=AXIS2_PLACEMENT_3D('',#8645,#6720,#6721);
#6069=AXIS2_PLACEMENT_3D('',#8651,#6725,#6726);
#6070=AXIS2_PLACEMENT_3D('',#8654,#6729,#6730);
#6071=AXIS2_PLACEMENT_3D('',#8655,#6731,#6732);
#6072=AXIS2_PLACEMENT_3D('',#8664,#6737,#6738);
#6073=AXIS2_PLACEMENT_3D('',#8670,#6742,#6743);
#6074=AXIS2_PLACEMENT_3D('',#8676,#6747,#6748);
#6075=AXIS2_PLACEMENT_3D('',#8682,#6752,#6753);
#6076=AXIS2_PLACEMENT_3D('',#8688,#6757,#6758);
#6077=AXIS2_PLACEMENT_3D('',#8694,#6762,#6763);
#6078=AXIS2_PLACEMENT_3D('',#8700,#6767,#6768);
#6079=AXIS2_PLACEMENT_3D('',#8706,#6772,#6773);
#6080=AXIS2_PLACEMENT_3D('',#8712,#6777,#6778);
#6081=AXIS2_PLACEMENT_3D('',#8718,#6782,#6783);
#6082=AXIS2_PLACEMENT_3D('',#8724,#6787,#6788);
#6083=AXIS2_PLACEMENT_3D('',#8727,#6791,#6792);
#6084=AXIS2_PLACEMENT_3D('',#8728,#6793,#6794);
#6085=AXIS2_PLACEMENT_3D('',#8737,#6799,#6800);
#6086=AXIS2_PLACEMENT_3D('',#8743,#6804,#6805);
#6087=AXIS2_PLACEMENT_3D('',#8749,#6809,#6810);
#6088=AXIS2_PLACEMENT_3D('',#8755,#6814,#6815);
#6089=AXIS2_PLACEMENT_3D('',#8761,#6819,#6820);
#6090=AXIS2_PLACEMENT_3D('',#8767,#6824,#6825);
#6091=AXIS2_PLACEMENT_3D('',#8773,#6829,#6830);
#6092=AXIS2_PLACEMENT_3D('',#8779,#6834,#6835);
#6093=AXIS2_PLACEMENT_3D('',#8785,#6839,#6840);
#6094=AXIS2_PLACEMENT_3D('',#8791,#6844,#6845);
#6095=AXIS2_PLACEMENT_3D('',#8797,#6849,#6850);
#6096=AXIS2_PLACEMENT_3D('',#8800,#6853,#6854);
#6097=AXIS2_PLACEMENT_3D('',#8801,#6855,#6856);
#6098=AXIS2_PLACEMENT_3D('',#8810,#6861,#6862);
#6099=AXIS2_PLACEMENT_3D('',#8816,#6866,#6867);
#6100=AXIS2_PLACEMENT_3D('',#8822,#6871,#6872);
#6101=AXIS2_PLACEMENT_3D('',#8828,#6876,#6877);
#6102=AXIS2_PLACEMENT_3D('',#8834,#6881,#6882);
#6103=AXIS2_PLACEMENT_3D('',#8840,#6886,#6887);
#6104=AXIS2_PLACEMENT_3D('',#8846,#6891,#6892);
#6105=AXIS2_PLACEMENT_3D('',#8852,#6896,#6897);
#6106=AXIS2_PLACEMENT_3D('',#8858,#6901,#6902);
#6107=AXIS2_PLACEMENT_3D('',#8864,#6906,#6907);
#6108=AXIS2_PLACEMENT_3D('',#8870,#6911,#6912);
#6109=AXIS2_PLACEMENT_3D('',#8873,#6915,#6916);
#6110=AXIS2_PLACEMENT_3D('',#9140,#6931,#6932);
#6111=AXIS2_PLACEMENT_3D('',#9141,#6933,#6934);
#6112=AXIS2_PLACEMENT_3D('',#9150,#6939,#6940);
#6113=AXIS2_PLACEMENT_3D('',#9156,#6944,#6945);
#6114=AXIS2_PLACEMENT_3D('',#9162,#6949,#6950);
#6115=AXIS2_PLACEMENT_3D('',#9168,#6954,#6955);
#6116=AXIS2_PLACEMENT_3D('',#9174,#6959,#6960);
#6117=AXIS2_PLACEMENT_3D('',#9180,#6964,#6965);
#6118=AXIS2_PLACEMENT_3D('',#9186,#6969,#6970);
#6119=AXIS2_PLACEMENT_3D('',#9192,#6974,#6975);
#6120=AXIS2_PLACEMENT_3D('',#9198,#6979,#6980);
#6121=AXIS2_PLACEMENT_3D('',#9201,#6983,#6984);
#6122=AXIS2_PLACEMENT_3D('',#9224,#6987,#6988);
#6123=AXIS2_PLACEMENT_3D('',#9230,#6992,#6993);
#6124=AXIS2_PLACEMENT_3D('',#9236,#6997,#6998);
#6125=AXIS2_PLACEMENT_3D('',#9296,#7004,#7005);
#6126=AXIS2_PLACEMENT_3D('',#9362,#7013,#7014);
#6127=AXIS2_PLACEMENT_3D('',#9368,#7018,#7019);
#6128=AXIS2_PLACEMENT_3D('',#9374,#7023,#7024);
#6129=AXIS2_PLACEMENT_3D('',#9380,#7028,#7029);
#6130=AXIS2_PLACEMENT_3D('',#9386,#7033,#7034);
#6131=AXIS2_PLACEMENT_3D('',#9392,#7038,#7039);
#6132=AXIS2_PLACEMENT_3D('',#9398,#7043,#7044);
#6133=AXIS2_PLACEMENT_3D('',#9401,#7047,#7048);
#6134=AXIS2_PLACEMENT_3D('',#9668,#7063,#7064);
#6135=AXIS2_PLACEMENT_3D('',#9669,#7065,#7066);
#6136=AXIS2_PLACEMENT_3D('',#9678,#7071,#7072);
#6137=AXIS2_PLACEMENT_3D('',#9684,#7076,#7077);
#6138=AXIS2_PLACEMENT_3D('',#9690,#7081,#7082);
#6139=AXIS2_PLACEMENT_3D('',#9696,#7086,#7087);
#6140=AXIS2_PLACEMENT_3D('',#9702,#7091,#7092);
#6141=AXIS2_PLACEMENT_3D('',#9705,#7095,#7096);
#6142=AXIS2_PLACEMENT_3D('',#9706,#7097,#7098);
#6143=AXIS2_PLACEMENT_3D('',#9715,#7103,#7104);
#6144=AXIS2_PLACEMENT_3D('',#9721,#7108,#7109);
#6145=AXIS2_PLACEMENT_3D('',#9727,#7113,#7114);
#6146=AXIS2_PLACEMENT_3D('',#9733,#7118,#7119);
#6147=AXIS2_PLACEMENT_3D('',#9739,#7123,#7124);
#6148=AXIS2_PLACEMENT_3D('',#9745,#7128,#7129);
#6149=AXIS2_PLACEMENT_3D('',#9751,#7133,#7134);
#6150=AXIS2_PLACEMENT_3D('',#9757,#7138,#7139);
#6151=AXIS2_PLACEMENT_3D('',#9763,#7143,#7144);
#6152=AXIS2_PLACEMENT_3D('',#9769,#7148,#7149);
#6153=AXIS2_PLACEMENT_3D('',#9775,#7153,#7154);
#6154=AXIS2_PLACEMENT_3D('',#9778,#7157,#7158);
#6155=AXIS2_PLACEMENT_3D('',#9779,#7159,#7160);
#6156=AXIS2_PLACEMENT_3D('',#9812,#7177,#7178);
#6157=AXIS2_PLACEMENT_3D('',#9813,#7179,#7180);
#6158=AXIS2_PLACEMENT_3D('',#9814,#7181,#7182);
#6159=AXIS2_PLACEMENT_3D('',#9815,#7183,#7184);
#6160=AXIS2_PLACEMENT_3D('',#9816,#7185,#7186);
#6161=AXIS2_PLACEMENT_3D('',#9817,#7187,#7188);
#6162=AXIS2_PLACEMENT_3D('',#9818,#7189,#7190);
#6163=AXIS2_PLACEMENT_3D('',#9819,#7191,#7192);
#6164=AXIS2_PLACEMENT_3D('',#9825,#7196,#7197);
#6165=AXIS2_PLACEMENT_3D('',#9829,#7200,#7201);
#6166=AXIS2_PLACEMENT_3D('',#9833,#7204,#7205);
#6167=AXIS2_PLACEMENT_3D('',#9835,#7207,#7208);
#6168=AXIS2_PLACEMENT_3D('',#9841,#7212,#7213);
#6169=AXIS2_PLACEMENT_3D('',#9845,#7216,#7217);
#6170=AXIS2_PLACEMENT_3D('',#9849,#7220,#7221);
#6171=AXIS2_PLACEMENT_3D('',#9851,#7223,#7224);
#6172=AXIS2_PLACEMENT_3D('',#9857,#7228,#7229);
#6173=AXIS2_PLACEMENT_3D('',#9861,#7232,#7233);
#6174=AXIS2_PLACEMENT_3D('',#9865,#7236,#7237);
#6175=AXIS2_PLACEMENT_3D('',#9867,#7239,#7240);
#6176=AXIS2_PLACEMENT_3D('',#9876,#7245,#7246);
#6177=AXIS2_PLACEMENT_3D('',#9882,#7250,#7251);
#6178=AXIS2_PLACEMENT_3D('',#9888,#7255,#7256);
#6179=AXIS2_PLACEMENT_3D('',#9891,#7259,#7260);
#6180=AXIS2_PLACEMENT_3D('',#9892,#7261,#7262);
#6181=AXIS2_PLACEMENT_3D('',#9901,#7267,#7268);
#6182=AXIS2_PLACEMENT_3D('',#9907,#7272,#7273);
#6183=AXIS2_PLACEMENT_3D('',#9913,#7277,#7278);
#6184=AXIS2_PLACEMENT_3D('',#9916,#7281,#7282);
#6185=AXIS2_PLACEMENT_3D('',#9917,#7283,#7284);
#6186=AXIS2_PLACEMENT_3D('',#9926,#7289,#7290);
#6187=AXIS2_PLACEMENT_3D('',#9936,#7296,#7297);
#6188=AXIS2_PLACEMENT_3D('',#9940,#7300,#7301);
#6189=AXIS2_PLACEMENT_3D('',#9949,#7306,#7307);
#6190=AXIS2_PLACEMENT_3D('',#9955,#7311,#7312);
#6191=AXIS2_PLACEMENT_3D('',#9963,#7317,#7318);
#6192=AXIS2_PLACEMENT_3D('',#9971,#7323,#7324);
#6193=AXIS2_PLACEMENT_3D('',#9973,#7326,#7327);
#6194=AXIS2_PLACEMENT_3D('',#9977,#7330,#7331);
#6195=AXIS2_PLACEMENT_3D('',#9987,#7337,#7338);
#6196=AXIS2_PLACEMENT_3D('',#9993,#7342,#7343);
#6197=AXIS2_PLACEMENT_3D('',#10002,#7349,#7350);
#6198=AXIS2_PLACEMENT_3D('',#10011,#7356,#7357);
#6199=AXIS2_PLACEMENT_3D('',#10015,#7360,#7361);
#6200=AXIS2_PLACEMENT_3D('',#10019,#7364,#7365);
#6201=AXIS2_PLACEMENT_3D('',#10021,#7367,#7368);
#6202=AXIS2_PLACEMENT_3D('',#10022,#7369,#7370);
#6203=AXIS2_PLACEMENT_3D('',#10025,#7373,#7374);
#6204=AXIS2_PLACEMENT_3D('',#10027,#7376,#7377);
#6205=AXIS2_PLACEMENT_3D('',#10029,#7379,#7380);
#6206=AXIS2_PLACEMENT_3D('',#10030,#7381,#7382);
#6207=DIRECTION('axis',(0.,0.,1.));
#6208=DIRECTION('refdir',(1.,0.,0.));
#6209=DIRECTION('',(0.,1.,0.));
#6210=DIRECTION('',(0.,1.,0.));
#6211=DIRECTION('center_axis',(0.,0.,-1.));
#6212=DIRECTION('ref_axis',(-1.,0.,0.));
#6213=DIRECTION('',(1.,0.,0.));
#6214=DIRECTION('',(1.,0.,0.));
#6215=DIRECTION('',(0.,1.,0.));
#6216=DIRECTION('center_axis',(1.,0.,0.));
#6217=DIRECTION('ref_axis',(0.,0.,-1.));
#6218=DIRECTION('',(0.,0.,1.));
#6219=DIRECTION('',(0.,0.,1.));
#6220=DIRECTION('',(0.,1.,0.));
#6221=DIRECTION('center_axis',(0.,0.,1.));
#6222=DIRECTION('ref_axis',(1.,0.,0.));
#6223=DIRECTION('',(-1.,0.,0.));
#6224=DIRECTION('',(-1.,0.,0.));
#6225=DIRECTION('',(0.,1.,0.));
#6226=DIRECTION('',(0.,1.,0.));
#6227=DIRECTION('',(0.,1.,0.));
#6228=DIRECTION('center_axis',(-0.77421417918587,0.,-0.632923695833511));
#6229=DIRECTION('ref_axis',(-0.632923695833511,0.,0.774214179185869));
#6230=DIRECTION('',(-0.632923695833511,0.,0.774214179185869));
#6231=DIRECTION('',(0.,1.,0.));
#6232=DIRECTION('',(-0.632923695833511,0.,0.774214179185869));
#6233=DIRECTION('',(0.,1.,0.));
#6234=DIRECTION('',(0.,1.,0.));
#6235=DIRECTION('',(0.,1.,0.));
#6236=DIRECTION('',(0.,1.,0.));
#6237=DIRECTION('center_axis',(0.,0.,-1.));
#6238=DIRECTION('ref_axis',(-1.,0.,0.));
#6239=DIRECTION('',(-1.,0.,0.));
#6240=DIRECTION('',(0.,1.,0.));
#6241=DIRECTION('',(-1.,0.,0.));
#6242=DIRECTION('center_axis',(1.,0.,0.));
#6243=DIRECTION('ref_axis',(0.,0.,-1.));
#6244=DIRECTION('',(0.,0.,-1.));
#6245=DIRECTION('',(0.,1.,0.));
#6246=DIRECTION('',(0.,0.,-1.));
#6247=DIRECTION('center_axis',(0.,0.,1.));
#6248=DIRECTION('ref_axis',(1.,0.,0.));
#6249=DIRECTION('',(1.,0.,0.));
#6250=DIRECTION('',(0.,1.,0.));
#6251=DIRECTION('',(1.,0.,0.));
#6252=DIRECTION('center_axis',(-1.,0.,0.));
#6253=DIRECTION('ref_axis',(0.,0.,1.));
#6254=DIRECTION('',(0.,0.,1.));
#6255=DIRECTION('',(0.,1.,0.));
#6256=DIRECTION('',(0.,0.,1.));
#6257=DIRECTION('center_axis',(0.,0.,1.));
#6258=DIRECTION('ref_axis',(1.,0.,0.));
#6259=DIRECTION('',(1.,0.,0.));
#6260=DIRECTION('',(0.,1.,0.));
#6261=DIRECTION('',(1.,0.,0.));
#6262=DIRECTION('center_axis',(0.783042313268788,0.,0.62196843620128));
#6263=DIRECTION('ref_axis',(0.62196843620128,0.,-0.783042313268788));
#6264=DIRECTION('',(0.62196843620128,0.,-0.783042313268788));
#6265=DIRECTION('',(0.,1.,0.));
#6266=DIRECTION('',(0.62196843620128,0.,-0.783042313268788));
#6267=DIRECTION('center_axis',(0.,0.,1.));
#6268=DIRECTION('ref_axis',(1.,0.,0.));
#6269=DIRECTION('',(1.,0.,0.));
#6270=DIRECTION('',(1.,0.,0.));
#6271=DIRECTION('center_axis',(0.,1.,0.));
#6272=DIRECTION('ref_axis',(0.,0.,1.));
#6273=DIRECTION('center_axis',(-1.,0.,0.));
#6274=DIRECTION('ref_axis',(0.,0.,1.));
#6275=DIRECTION('',(0.,0.,1.));
#6276=DIRECTION('',(0.,1.,0.));
#6277=DIRECTION('',(0.,0.,1.));
#6278=DIRECTION('',(0.,1.,0.));
#6279=DIRECTION('center_axis',(0.,0.,-1.));
#6280=DIRECTION('ref_axis',(-1.,0.,0.));
#6281=DIRECTION('',(-1.,0.,0.));
#6282=DIRECTION('',(0.,1.,0.));
#6283=DIRECTION('',(-1.,0.,0.));
#6284=DIRECTION('center_axis',(-1.,0.,0.));
#6285=DIRECTION('ref_axis',(0.,0.,1.));
#6286=DIRECTION('',(0.,0.,1.));
#6287=DIRECTION('',(0.,1.,0.));
#6288=DIRECTION('',(0.,0.,1.));
#6289=DIRECTION('center_axis',(0.,0.,-1.));
#6290=DIRECTION('ref_axis',(-1.,0.,0.));
#6291=DIRECTION('',(-1.,0.,0.));
#6292=DIRECTION('',(0.,1.,0.));
#6293=DIRECTION('',(-1.,0.,0.));
#6294=DIRECTION('center_axis',(1.,0.,0.));
#6295=DIRECTION('ref_axis',(0.,0.,-1.));
#6296=DIRECTION('',(0.,0.,-1.));
#6297=DIRECTION('',(0.,1.,0.));
#6298=DIRECTION('',(0.,0.,-1.));
#6299=DIRECTION('center_axis',(0.,0.,1.));
#6300=DIRECTION('ref_axis',(1.,0.,0.));
#6301=DIRECTION('',(1.,0.,0.));
#6302=DIRECTION('',(1.,0.,0.));
#6303=DIRECTION('center_axis',(0.,1.,0.));
#6304=DIRECTION('ref_axis',(0.,0.,1.));
#6305=DIRECTION('center_axis',(0.,0.,1.));
#6306=DIRECTION('ref_axis',(1.,0.,0.));
#6307=DIRECTION('',(1.,0.,0.));
#6308=DIRECTION('',(0.,1.,0.));
#6309=DIRECTION('',(1.,0.,0.));
#6310=DIRECTION('',(0.,1.,0.));
#6311=DIRECTION('center_axis',(-1.,0.,0.));
#6312=DIRECTION('ref_axis',(0.,0.,1.));
#6313=DIRECTION('',(0.,0.,1.));
#6314=DIRECTION('',(0.,1.,0.));
#6315=DIRECTION('',(0.,0.,1.));
#6316=DIRECTION('center_axis',(0.,0.,1.));
#6317=DIRECTION('ref_axis',(1.,0.,0.));
#6318=DIRECTION('',(1.,0.,0.));
#6319=DIRECTION('',(0.,1.,0.));
#6320=DIRECTION('',(1.,0.,0.));
#6321=DIRECTION('center_axis',(-1.,0.,0.));
#6322=DIRECTION('ref_axis',(0.,0.,1.));
#6323=DIRECTION('',(0.,0.,1.));
#6324=DIRECTION('',(0.,1.,0.));
#6325=DIRECTION('',(0.,0.,1.));
#6326=DIRECTION('center_axis',(0.,0.,-1.));
#6327=DIRECTION('ref_axis',(-1.,0.,0.));
#6328=DIRECTION('',(-1.,0.,0.));
#6329=DIRECTION('',(0.,1.,0.));
#6330=DIRECTION('',(-1.,0.,0.));
#6331=DIRECTION('center_axis',(1.,0.,0.));
#6332=DIRECTION('ref_axis',(0.,0.,-1.));
#6333=DIRECTION('',(0.,0.,-1.));
#6334=DIRECTION('',(0.,1.,0.));
#6335=DIRECTION('',(0.,0.,-1.));
#6336=DIRECTION('center_axis',(0.,0.,1.));
#6337=DIRECTION('ref_axis',(1.,0.,0.));
#6338=DIRECTION('',(1.,0.,0.));
#6339=DIRECTION('',(0.,1.,0.));
#6340=DIRECTION('',(1.,0.,0.));
#6341=DIRECTION('center_axis',(1.,0.,0.));
#6342=DIRECTION('ref_axis',(0.,0.,-1.));
#6343=DIRECTION('',(0.,0.,-1.));
#6344=DIRECTION('',(0.,0.,-1.));
#6345=DIRECTION('center_axis',(0.,1.,0.));
#6346=DIRECTION('ref_axis',(0.,0.,1.));
#6347=DIRECTION('',(0.,1.,0.));
#6348=DIRECTION('',(0.,1.,0.));
#6349=DIRECTION('',(0.,1.,0.));
#6350=DIRECTION('center_axis',(-1.,0.,0.));
#6351=DIRECTION('ref_axis',(0.,0.,1.));
#6352=DIRECTION('',(0.,0.,1.));
#6353=DIRECTION('',(0.,1.,0.));
#6354=DIRECTION('',(0.,0.,1.));
#6355=DIRECTION('center_axis',(0.,0.,-1.));
#6356=DIRECTION('ref_axis',(-1.,0.,0.));
#6357=DIRECTION('',(-1.,0.,0.));
#6358=DIRECTION('',(0.,1.,0.));
#6359=DIRECTION('',(-1.,0.,0.));
#6360=DIRECTION('',(0.,1.,0.));
#6361=DIRECTION('',(0.,1.,0.));
#6362=DIRECTION('',(0.,1.,0.));
#6363=DIRECTION('',(0.,1.,0.));
#6364=DIRECTION('',(0.,1.,0.));
#6365=DIRECTION('',(0.,1.,0.));
#6366=DIRECTION('',(0.,1.,0.));
#6367=DIRECTION('',(0.,1.,0.));
#6368=DIRECTION('center_axis',(0.,0.,1.));
#6369=DIRECTION('ref_axis',(1.,0.,0.));
#6370=DIRECTION('',(1.,0.,0.));
#6371=DIRECTION('',(0.,1.,0.));
#6372=DIRECTION('',(1.,0.,0.));
#6373=DIRECTION('center_axis',(-1.,0.,0.));
#6374=DIRECTION('ref_axis',(0.,0.,1.));
#6375=DIRECTION('',(0.,0.,1.));
#6376=DIRECTION('',(0.,1.,0.));
#6377=DIRECTION('',(0.,0.,1.));
#6378=DIRECTION('',(0.,1.,0.));
#6379=DIRECTION('',(0.,1.,0.));
#6380=DIRECTION('',(0.,1.,0.));
#6381=DIRECTION('',(0.,1.,0.));
#6382=DIRECTION('',(0.,1.,0.));
#6383=DIRECTION('center_axis',(0.,-1.,0.));
#6384=DIRECTION('ref_axis',(0.,0.,-1.));
#6385=DIRECTION('',(0.,1.,0.));
#6386=DIRECTION('',(0.,1.,0.));
#6387=DIRECTION('center_axis',(0.,0.,-1.));
#6388=DIRECTION('ref_axis',(-1.,0.,0.));
#6389=DIRECTION('',(1.,0.,0.));
#6390=DIRECTION('',(1.,0.,0.));
#6391=DIRECTION('',(0.,1.,0.));
#6392=DIRECTION('center_axis',(1.,0.,0.));
#6393=DIRECTION('ref_axis',(0.,0.,-1.));
#6394=DIRECTION('',(0.,0.,1.));
#6395=DIRECTION('',(0.,0.,1.));
#6396=DIRECTION('',(0.,1.,0.));
#6397=DIRECTION('center_axis',(0.,0.,1.));
#6398=DIRECTION('ref_axis',(1.,0.,0.));
#6399=DIRECTION('',(-1.,0.,0.));
#6400=DIRECTION('',(-1.,0.,0.));
#6401=DIRECTION('',(0.,1.,0.));
#6402=DIRECTION('',(0.,1.,0.));
#6403=DIRECTION('',(0.,1.,0.));
#6404=DIRECTION('center_axis',(-0.774214179185867,0.,-0.632923695833514));
#6405=DIRECTION('ref_axis',(-0.632923695833514,0.,0.774214179185867));
#6406=DIRECTION('',(-0.632923695833514,0.,0.774214179185867));
#6407=DIRECTION('',(0.,1.,0.));
#6408=DIRECTION('',(-0.632923695833514,0.,0.774214179185867));
#6409=DIRECTION('',(0.,1.,0.));
#6410=DIRECTION('',(0.,1.,0.));
#6411=DIRECTION('',(0.,1.,0.));
#6412=DIRECTION('',(0.,1.,0.));
#6413=DIRECTION('center_axis',(0.,0.,-1.));
#6414=DIRECTION('ref_axis',(-1.,0.,0.));
#6415=DIRECTION('',(-1.,0.,0.));
#6416=DIRECTION('',(0.,1.,0.));
#6417=DIRECTION('',(-1.,0.,0.));
#6418=DIRECTION('center_axis',(1.,0.,0.));
#6419=DIRECTION('ref_axis',(0.,0.,-1.));
#6420=DIRECTION('',(0.,0.,-1.));
#6421=DIRECTION('',(0.,1.,0.));
#6422=DIRECTION('',(0.,0.,-1.));
#6423=DIRECTION('center_axis',(0.,0.,1.));
#6424=DIRECTION('ref_axis',(1.,0.,0.));
#6425=DIRECTION('',(1.,0.,0.));
#6426=DIRECTION('',(0.,1.,0.));
#6427=DIRECTION('',(1.,0.,0.));
#6428=DIRECTION('center_axis',(-1.,0.,0.));
#6429=DIRECTION('ref_axis',(0.,0.,1.));
#6430=DIRECTION('',(0.,0.,1.));
#6431=DIRECTION('',(0.,1.,0.));
#6432=DIRECTION('',(0.,0.,1.));
#6433=DIRECTION('center_axis',(0.,0.,1.));
#6434=DIRECTION('ref_axis',(1.,0.,0.));
#6435=DIRECTION('',(1.,0.,0.));
#6436=DIRECTION('',(0.,1.,0.));
#6437=DIRECTION('',(1.,0.,0.));
#6438=DIRECTION('center_axis',(0.783042313268788,0.,0.62196843620128));
#6439=DIRECTION('ref_axis',(0.62196843620128,0.,-0.783042313268788));
#6440=DIRECTION('',(0.62196843620128,0.,-0.783042313268788));
#6441=DIRECTION('',(0.,1.,0.));
#6442=DIRECTION('',(0.62196843620128,0.,-0.783042313268788));
#6443=DIRECTION('center_axis',(0.,0.,1.));
#6444=DIRECTION('ref_axis',(1.,0.,0.));
#6445=DIRECTION('',(1.,0.,0.));
#6446=DIRECTION('',(1.,0.,0.));
#6447=DIRECTION('center_axis',(0.,1.,0.));
#6448=DIRECTION('ref_axis',(0.,0.,1.));
#6449=DIRECTION('center_axis',(0.,0.,1.));
#6450=DIRECTION('ref_axis',(1.,0.,0.));
#6451=DIRECTION('',(1.,0.,0.));
#6452=DIRECTION('',(0.,1.,0.));
#6453=DIRECTION('',(1.,0.,0.));
#6454=DIRECTION('',(0.,1.,0.));
#6455=DIRECTION('center_axis',(-1.,0.,0.));
#6456=DIRECTION('ref_axis',(0.,0.,1.));
#6457=DIRECTION('',(0.,0.,1.));
#6458=DIRECTION('',(0.,1.,0.));
#6459=DIRECTION('',(0.,0.,1.));
#6460=DIRECTION('center_axis',(0.,0.,1.));
#6461=DIRECTION('ref_axis',(1.,0.,0.));
#6462=DIRECTION('',(1.,0.,0.));
#6463=DIRECTION('',(0.,1.,0.));
#6464=DIRECTION('',(1.,0.,0.));
#6465=DIRECTION('center_axis',(-1.,0.,0.));
#6466=DIRECTION('ref_axis',(0.,0.,1.));
#6467=DIRECTION('',(0.,0.,1.));
#6468=DIRECTION('',(0.,1.,0.));
#6469=DIRECTION('',(0.,0.,1.));
#6470=DIRECTION('center_axis',(0.,0.,-1.));
#6471=DIRECTION('ref_axis',(-1.,0.,0.));
#6472=DIRECTION('',(-1.,0.,0.));
#6473=DIRECTION('',(0.,1.,0.));
#6474=DIRECTION('',(-1.,0.,0.));
#6475=DIRECTION('center_axis',(1.,0.,0.));
#6476=DIRECTION('ref_axis',(0.,0.,-1.));
#6477=DIRECTION('',(0.,0.,-1.));
#6478=DIRECTION('',(0.,1.,0.));
#6479=DIRECTION('',(0.,0.,-1.));
#6480=DIRECTION('center_axis',(0.,0.,1.));
#6481=DIRECTION('ref_axis',(1.,0.,0.));
#6482=DIRECTION('',(1.,0.,0.));
#6483=DIRECTION('',(0.,1.,0.));
#6484=DIRECTION('',(1.,0.,0.));
#6485=DIRECTION('center_axis',(1.,0.,-1.73683475127937E-15));
#6486=DIRECTION('ref_axis',(-1.73683475127937E-15,0.,-1.));
#6487=DIRECTION('',(-1.73683475127937E-15,0.,-1.));
#6488=DIRECTION('',(-1.73683475127937E-15,0.,-1.));
#6489=DIRECTION('center_axis',(0.,1.,0.));
#6490=DIRECTION('ref_axis',(0.,0.,1.));
#6491=DIRECTION('center_axis',(0.95046744572869,0.,-0.310824121666869));
#6492=DIRECTION('ref_axis',(-0.310824121666869,0.,-0.95046744572869));
#6493=DIRECTION('',(0.310824121666869,0.,0.95046744572869));
#6494=DIRECTION('',(0.,1.,0.));
#6495=DIRECTION('',(0.310824121666869,0.,0.95046744572869));
#6496=DIRECTION('',(0.,1.,0.));
#6497=DIRECTION('center_axis',(0.,0.,1.));
#6498=DIRECTION('ref_axis',(1.,0.,0.));
#6499=DIRECTION('',(-1.,0.,0.));
#6500=DIRECTION('',(-1.,0.,0.));
#6501=DIRECTION('',(0.,1.,0.));
#6502=DIRECTION('center_axis',(-0.949983248285708,0.,-0.312300861312509));
#6503=DIRECTION('ref_axis',(-0.312300861312509,0.,0.949983248285708));
#6504=DIRECTION('',(0.312300861312509,0.,-0.949983248285708));
#6505=DIRECTION('',(0.312300861312509,0.,-0.949983248285708));
#6506=DIRECTION('center_axis',(0.,0.,1.));
#6507=DIRECTION('ref_axis',(1.,0.,0.));
#6508=DIRECTION('',(1.,0.,0.));
#6509=DIRECTION('',(0.,1.,0.));
#6510=DIRECTION('',(1.,0.,0.));
#6511=DIRECTION('',(0.,1.,0.));
#6512=DIRECTION('center_axis',(-0.951135317488763,0.,0.308774363938379));
#6513=DIRECTION('ref_axis',(0.308774363938379,0.,0.951135317488763));
#6514=DIRECTION('',(0.308774363938379,0.,0.951135317488763));
#6515=DIRECTION('',(0.,1.,0.));
#6516=DIRECTION('',(0.308774363938379,0.,0.951135317488763));
#6517=DIRECTION('center_axis',(0.,0.,1.));
#6518=DIRECTION('ref_axis',(1.,0.,0.));
#6519=DIRECTION('',(1.,0.,0.));
#6520=DIRECTION('',(0.,1.,0.));
#6521=DIRECTION('',(1.,0.,0.));
#6522=DIRECTION('center_axis',(0.951135317488761,0.,0.308774363938383));
#6523=DIRECTION('ref_axis',(0.308774363938383,0.,-0.951135317488761));
#6524=DIRECTION('',(0.308774363938383,0.,-0.951135317488761));
#6525=DIRECTION('',(0.,1.,0.));
#6526=DIRECTION('',(0.308774363938383,0.,-0.951135317488761));
#6527=DIRECTION('center_axis',(0.,0.,1.));
#6528=DIRECTION('ref_axis',(1.,0.,0.));
#6529=DIRECTION('',(1.,0.,0.));
#6530=DIRECTION('',(0.,1.,0.));
#6531=DIRECTION('',(1.,0.,0.));
#6532=DIRECTION('center_axis',(-0.947602739606771,0.,-0.319451166674567));
#6533=DIRECTION('ref_axis',(-0.319451166674567,0.,0.947602739606771));
#6534=DIRECTION('',(-0.319451166674567,0.,0.947602739606771));
#6535=DIRECTION('',(0.,1.,0.));
#6536=DIRECTION('',(-0.319451166674567,0.,0.947602739606771));
#6537=DIRECTION('center_axis',(0.,0.,-1.));
#6538=DIRECTION('ref_axis',(-1.,0.,0.));
#6539=DIRECTION('',(-1.,0.,0.));
#6540=DIRECTION('',(0.,1.,0.));
#6541=DIRECTION('',(-1.,0.,0.));
#6542=DIRECTION('center_axis',(0.947602739606771,0.,-0.319451166674567));
#6543=DIRECTION('ref_axis',(-0.319451166674567,0.,-0.947602739606771));
#6544=DIRECTION('',(-0.319451166674567,0.,-0.947602739606771));
#6545=DIRECTION('',(-0.319451166674567,0.,-0.947602739606771));
#6546=DIRECTION('center_axis',(0.,1.,0.));
#6547=DIRECTION('ref_axis',(0.,0.,1.));
#6548=DIRECTION('center_axis',(-1.,0.,0.));
#6549=DIRECTION('ref_axis',(0.,0.,1.));
#6550=DIRECTION('',(0.,0.,1.));
#6551=DIRECTION('',(0.,1.,0.));
#6552=DIRECTION('',(0.,0.,1.));
#6553=DIRECTION('',(0.,1.,0.));
#6554=DIRECTION('center_axis',(0.,0.,-1.));
#6555=DIRECTION('ref_axis',(-1.,0.,0.));
#6556=DIRECTION('',(-1.,0.,0.));
#6557=DIRECTION('',(0.,1.,0.));
#6558=DIRECTION('',(-1.,0.,0.));
#6559=DIRECTION('center_axis',(1.,0.,0.));
#6560=DIRECTION('ref_axis',(0.,0.,-1.));
#6561=DIRECTION('',(0.,0.,-1.));
#6562=DIRECTION('',(0.,1.,0.));
#6563=DIRECTION('',(0.,0.,-1.));
#6564=DIRECTION('center_axis',(0.,0.,-1.));
#6565=DIRECTION('ref_axis',(-1.,0.,0.));
#6566=DIRECTION('',(-1.,0.,0.));
#6567=DIRECTION('',(0.,1.,0.));
#6568=DIRECTION('',(-1.,0.,0.));
#6569=DIRECTION('center_axis',(-1.,0.,0.));
#6570=DIRECTION('ref_axis',(0.,0.,1.));
#6571=DIRECTION('',(0.,0.,1.));
#6572=DIRECTION('',(0.,1.,0.));
#6573=DIRECTION('',(0.,0.,1.));
#6574=DIRECTION('center_axis',(0.,0.,-1.));
#6575=DIRECTION('ref_axis',(-1.,0.,0.));
#6576=DIRECTION('',(-1.,0.,0.));
#6577=DIRECTION('',(0.,1.,0.));
#6578=DIRECTION('',(-1.,0.,0.));
#6579=DIRECTION('center_axis',(1.,0.,0.));
#6580=DIRECTION('ref_axis',(0.,0.,-1.));
#6581=DIRECTION('',(0.,0.,-1.));
#6582=DIRECTION('',(0.,1.,0.));
#6583=DIRECTION('',(0.,0.,-1.));
#6584=DIRECTION('center_axis',(0.,0.,1.));
#6585=DIRECTION('ref_axis',(1.,0.,0.));
#6586=DIRECTION('',(1.,0.,0.));
#6587=DIRECTION('',(0.,1.,0.));
#6588=DIRECTION('',(1.,0.,0.));
#6589=DIRECTION('center_axis',(-1.,0.,0.));
#6590=DIRECTION('ref_axis',(0.,0.,1.));
#6591=DIRECTION('',(0.,0.,1.));
#6592=DIRECTION('',(0.,1.,0.));
#6593=DIRECTION('',(0.,0.,1.));
#6594=DIRECTION('center_axis',(0.,0.,1.));
#6595=DIRECTION('ref_axis',(1.,0.,0.));
#6596=DIRECTION('',(1.,0.,0.));
#6597=DIRECTION('',(0.,1.,0.));
#6598=DIRECTION('',(1.,0.,0.));
#6599=DIRECTION('center_axis',(1.,0.,0.));
#6600=DIRECTION('ref_axis',(0.,0.,-1.));
#6601=DIRECTION('',(0.,0.,-1.));
#6602=DIRECTION('',(0.,1.,0.));
#6603=DIRECTION('',(0.,0.,-1.));
#6604=DIRECTION('center_axis',(0.,0.,1.));
#6605=DIRECTION('ref_axis',(1.,0.,0.));
#6606=DIRECTION('',(1.,0.,0.));
#6607=DIRECTION('',(1.,0.,0.));
#6608=DIRECTION('center_axis',(0.,1.,0.));
#6609=DIRECTION('ref_axis',(0.,0.,1.));
#6610=DIRECTION('',(0.,1.,0.));
#6611=DIRECTION('',(0.,1.,0.));
#6612=DIRECTION('center_axis',(0.,0.,-1.));
#6613=DIRECTION('ref_axis',(-1.,0.,0.));
#6614=DIRECTION('',(1.,0.,0.));
#6615=DIRECTION('',(1.,0.,0.));
#6616=DIRECTION('',(0.,1.,0.));
#6617=DIRECTION('center_axis',(1.,0.,0.));
#6618=DIRECTION('ref_axis',(0.,0.,-1.));
#6619=DIRECTION('',(0.,0.,1.));
#6620=DIRECTION('',(0.,0.,1.));
#6621=DIRECTION('',(0.,1.,0.));
#6622=DIRECTION('center_axis',(0.,0.,1.));
#6623=DIRECTION('ref_axis',(1.,0.,0.));
#6624=DIRECTION('',(-1.,0.,0.));
#6625=DIRECTION('',(-1.,0.,0.));
#6626=DIRECTION('',(0.,1.,0.));
#6627=DIRECTION('',(0.,1.,0.));
#6628=DIRECTION('',(0.,1.,0.));
#6629=DIRECTION('center_axis',(-0.774214179185868,0.,-0.632923695833512));
#6630=DIRECTION('ref_axis',(-0.632923695833512,0.,0.774214179185868));
#6631=DIRECTION('',(-0.632923695833512,0.,0.774214179185868));
#6632=DIRECTION('',(0.,1.,0.));
#6633=DIRECTION('',(-0.632923695833512,0.,0.774214179185868));
#6634=DIRECTION('',(0.,1.,0.));
#6635=DIRECTION('',(0.,1.,0.));
#6636=DIRECTION('',(0.,1.,0.));
#6637=DIRECTION('',(0.,1.,0.));
#6638=DIRECTION('center_axis',(0.,0.,-1.));
#6639=DIRECTION('ref_axis',(-1.,0.,0.));
#6640=DIRECTION('',(-1.,0.,0.));
#6641=DIRECTION('',(0.,1.,0.));
#6642=DIRECTION('',(-1.,0.,0.));
#6643=DIRECTION('center_axis',(1.,0.,0.));
#6644=DIRECTION('ref_axis',(0.,0.,-1.));
#6645=DIRECTION('',(0.,0.,-1.));
#6646=DIRECTION('',(0.,1.,0.));
#6647=DIRECTION('',(0.,0.,-1.));
#6648=DIRECTION('center_axis',(0.,0.,1.));
#6649=DIRECTION('ref_axis',(1.,0.,0.));
#6650=DIRECTION('',(1.,0.,0.));
#6651=DIRECTION('',(0.,1.,0.));
#6652=DIRECTION('',(1.,0.,0.));
#6653=DIRECTION('center_axis',(-1.,0.,0.));
#6654=DIRECTION('ref_axis',(0.,0.,1.));
#6655=DIRECTION('',(0.,0.,1.));
#6656=DIRECTION('',(0.,1.,0.));
#6657=DIRECTION('',(0.,0.,1.));
#6658=DIRECTION('center_axis',(0.,0.,1.));
#6659=DIRECTION('ref_axis',(1.,0.,0.));
#6660=DIRECTION('',(1.,0.,0.));
#6661=DIRECTION('',(0.,1.,0.));
#6662=DIRECTION('',(1.,0.,0.));
#6663=DIRECTION('center_axis',(0.783042313268789,0.,0.621968436201278));
#6664=DIRECTION('ref_axis',(0.621968436201278,0.,-0.783042313268789));
#6665=DIRECTION('',(0.621968436201278,0.,-0.783042313268789));
#6666=DIRECTION('',(0.,1.,0.));
#6667=DIRECTION('',(0.621968436201278,0.,-0.783042313268789));
#6668=DIRECTION('center_axis',(0.,0.,1.));
#6669=DIRECTION('ref_axis',(1.,0.,0.));
#6670=DIRECTION('',(1.,0.,0.));
#6671=DIRECTION('',(1.,0.,0.));
#6672=DIRECTION('center_axis',(0.,1.,0.));
#6673=DIRECTION('ref_axis',(0.,0.,1.));
#6674=DIRECTION('center_axis',(0.95046744572869,0.,-0.310824121666869));
#6675=DIRECTION('ref_axis',(-0.310824121666869,0.,-0.95046744572869));
#6676=DIRECTION('',(0.310824121666869,0.,0.95046744572869));
#6677=DIRECTION('',(0.,1.,0.));
#6678=DIRECTION('',(0.310824121666869,0.,0.95046744572869));
#6679=DIRECTION('',(0.,1.,0.));
#6680=DIRECTION('center_axis',(0.,0.,1.));
#6681=DIRECTION('ref_axis',(1.,0.,0.));
#6682=DIRECTION('',(-1.,0.,0.));
#6683=DIRECTION('',(-1.,0.,0.));
#6684=DIRECTION('',(0.,1.,0.));
#6685=DIRECTION('center_axis',(-0.949983248285708,0.,-0.312300861312509));
#6686=DIRECTION('ref_axis',(-0.312300861312509,0.,0.949983248285708));
#6687=DIRECTION('',(0.312300861312509,0.,-0.949983248285708));
#6688=DIRECTION('',(0.312300861312509,0.,-0.949983248285708));
#6689=DIRECTION('center_axis',(0.,0.,1.));
#6690=DIRECTION('ref_axis',(1.,0.,0.));
#6691=DIRECTION('',(1.,0.,0.));
#6692=DIRECTION('',(0.,1.,0.));
#6693=DIRECTION('',(1.,0.,0.));
#6694=DIRECTION('',(0.,1.,0.));
#6695=DIRECTION('center_axis',(-0.951135317488763,0.,0.308774363938379));
#6696=DIRECTION('ref_axis',(0.308774363938379,0.,0.951135317488763));
#6697=DIRECTION('',(0.308774363938379,0.,0.951135317488763));
#6698=DIRECTION('',(0.,1.,0.));
#6699=DIRECTION('',(0.308774363938379,0.,0.951135317488763));
#6700=DIRECTION('center_axis',(0.,0.,1.));
#6701=DIRECTION('ref_axis',(1.,0.,0.));
#6702=DIRECTION('',(1.,0.,0.));
#6703=DIRECTION('',(0.,1.,0.));
#6704=DIRECTION('',(1.,0.,0.));
#6705=DIRECTION('center_axis',(0.951135317488763,0.,0.308774363938379));
#6706=DIRECTION('ref_axis',(0.308774363938379,0.,-0.951135317488763));
#6707=DIRECTION('',(0.308774363938379,0.,-0.951135317488763));
#6708=DIRECTION('',(0.,1.,0.));
#6709=DIRECTION('',(0.308774363938379,0.,-0.951135317488763));
#6710=DIRECTION('center_axis',(0.,0.,1.));
#6711=DIRECTION('ref_axis',(1.,0.,0.));
#6712=DIRECTION('',(1.,0.,0.));
#6713=DIRECTION('',(0.,1.,0.));
#6714=DIRECTION('',(1.,0.,0.));
#6715=DIRECTION('center_axis',(-0.947602739606771,0.,-0.319451166674567));
#6716=DIRECTION('ref_axis',(-0.319451166674567,0.,0.947602739606771));
#6717=DIRECTION('',(-0.319451166674567,0.,0.947602739606771));
#6718=DIRECTION('',(0.,1.,0.));
#6719=DIRECTION('',(-0.319451166674567,0.,0.947602739606771));
#6720=DIRECTION('center_axis',(0.,0.,-1.));
#6721=DIRECTION('ref_axis',(-1.,0.,0.));
#6722=DIRECTION('',(-1.,0.,0.));
#6723=DIRECTION('',(0.,1.,0.));
#6724=DIRECTION('',(-1.,0.,0.));
#6725=DIRECTION('center_axis',(0.947602739606771,0.,-0.319451166674567));
#6726=DIRECTION('ref_axis',(-0.319451166674567,0.,-0.947602739606771));
#6727=DIRECTION('',(-0.319451166674567,0.,-0.947602739606771));
#6728=DIRECTION('',(-0.319451166674567,0.,-0.947602739606771));
#6729=DIRECTION('center_axis',(0.,1.,0.));
#6730=DIRECTION('ref_axis',(0.,0.,1.));
#6731=DIRECTION('center_axis',(-1.,0.,0.));
#6732=DIRECTION('ref_axis',(0.,0.,1.));
#6733=DIRECTION('',(0.,0.,1.));
#6734=DIRECTION('',(0.,1.,0.));
#6735=DIRECTION('',(0.,0.,1.));
#6736=DIRECTION('',(0.,1.,0.));
#6737=DIRECTION('center_axis',(0.,0.,-1.));
#6738=DIRECTION('ref_axis',(-1.,0.,0.));
#6739=DIRECTION('',(-1.,0.,0.));
#6740=DIRECTION('',(0.,1.,0.));
#6741=DIRECTION('',(-1.,0.,0.));
#6742=DIRECTION('center_axis',(-1.,0.,0.));
#6743=DIRECTION('ref_axis',(0.,0.,1.));
#6744=DIRECTION('',(0.,0.,1.));
#6745=DIRECTION('',(0.,1.,0.));
#6746=DIRECTION('',(0.,0.,1.));
#6747=DIRECTION('center_axis',(0.,0.,1.));
#6748=DIRECTION('ref_axis',(1.,0.,0.));
#6749=DIRECTION('',(1.,0.,0.));
#6750=DIRECTION('',(0.,1.,0.));
#6751=DIRECTION('',(1.,0.,0.));
#6752=DIRECTION('center_axis',(-1.,0.,0.));
#6753=DIRECTION('ref_axis',(0.,0.,1.));
#6754=DIRECTION('',(0.,0.,1.));
#6755=DIRECTION('',(0.,1.,0.));
#6756=DIRECTION('',(0.,0.,1.));
#6757=DIRECTION('center_axis',(0.,0.,-1.));
#6758=DIRECTION('ref_axis',(-1.,0.,0.));
#6759=DIRECTION('',(-1.,0.,0.));
#6760=DIRECTION('',(0.,1.,0.));
#6761=DIRECTION('',(-1.,0.,0.));
#6762=DIRECTION('center_axis',(1.,0.,0.));
#6763=DIRECTION('ref_axis',(0.,0.,-1.));
#6764=DIRECTION('',(0.,0.,-1.));
#6765=DIRECTION('',(0.,1.,0.));
#6766=DIRECTION('',(0.,0.,-1.));
#6767=DIRECTION('center_axis',(0.,0.,1.));
#6768=DIRECTION('ref_axis',(1.,0.,0.));
#6769=DIRECTION('',(1.,0.,0.));
#6770=DIRECTION('',(0.,1.,0.));
#6771=DIRECTION('',(1.,0.,0.));
#6772=DIRECTION('center_axis',(1.,0.,0.));
#6773=DIRECTION('ref_axis',(0.,0.,-1.));
#6774=DIRECTION('',(0.,0.,-1.));
#6775=DIRECTION('',(0.,1.,0.));
#6776=DIRECTION('',(0.,0.,-1.));
#6777=DIRECTION('center_axis',(0.,0.,-1.));
#6778=DIRECTION('ref_axis',(-1.,0.,0.));
#6779=DIRECTION('',(-1.,0.,0.));
#6780=DIRECTION('',(0.,1.,0.));
#6781=DIRECTION('',(-1.,0.,0.));
#6782=DIRECTION('center_axis',(1.,0.,0.));
#6783=DIRECTION('ref_axis',(0.,0.,-1.));
#6784=DIRECTION('',(0.,0.,-1.));
#6785=DIRECTION('',(0.,1.,0.));
#6786=DIRECTION('',(0.,0.,-1.));
#6787=DIRECTION('center_axis',(0.,0.,1.));
#6788=DIRECTION('ref_axis',(1.,0.,0.));
#6789=DIRECTION('',(1.,0.,0.));
#6790=DIRECTION('',(1.,0.,0.));
#6791=DIRECTION('center_axis',(0.,1.,0.));
#6792=DIRECTION('ref_axis',(0.,0.,1.));
#6793=DIRECTION('center_axis',(0.,0.,1.));
#6794=DIRECTION('ref_axis',(1.,0.,0.));
#6795=DIRECTION('',(1.,0.,0.));
#6796=DIRECTION('',(0.,1.,0.));
#6797=DIRECTION('',(1.,0.,0.));
#6798=DIRECTION('',(0.,1.,0.));
#6799=DIRECTION('center_axis',(-1.,0.,0.));
#6800=DIRECTION('ref_axis',(0.,0.,1.));
#6801=DIRECTION('',(0.,0.,1.));
#6802=DIRECTION('',(0.,1.,0.));
#6803=DIRECTION('',(0.,0.,1.));
#6804=DIRECTION('center_axis',(0.,0.,-1.));
#6805=DIRECTION('ref_axis',(-1.,0.,0.));
#6806=DIRECTION('',(-1.,0.,0.));
#6807=DIRECTION('',(0.,1.,0.));
#6808=DIRECTION('',(-1.,0.,0.));
#6809=DIRECTION('center_axis',(-1.,0.,0.));
#6810=DIRECTION('ref_axis',(0.,0.,1.));
#6811=DIRECTION('',(0.,0.,1.));
#6812=DIRECTION('',(0.,1.,0.));
#6813=DIRECTION('',(0.,0.,1.));
#6814=DIRECTION('center_axis',(0.,0.,1.));
#6815=DIRECTION('ref_axis',(1.,0.,0.));
#6816=DIRECTION('',(1.,0.,0.));
#6817=DIRECTION('',(0.,1.,0.));
#6818=DIRECTION('',(1.,0.,0.));
#6819=DIRECTION('center_axis',(-1.,0.,0.));
#6820=DIRECTION('ref_axis',(0.,0.,1.));
#6821=DIRECTION('',(0.,0.,1.));
#6822=DIRECTION('',(0.,1.,0.));
#6823=DIRECTION('',(0.,0.,1.));
#6824=DIRECTION('center_axis',(0.,0.,-1.));
#6825=DIRECTION('ref_axis',(-1.,0.,0.));
#6826=DIRECTION('',(-1.,0.,0.));
#6827=DIRECTION('',(0.,1.,0.));
#6828=DIRECTION('',(-1.,0.,0.));
#6829=DIRECTION('center_axis',(-1.,0.,0.));
#6830=DIRECTION('ref_axis',(0.,0.,1.));
#6831=DIRECTION('',(0.,0.,1.));
#6832=DIRECTION('',(0.,1.,0.));
#6833=DIRECTION('',(0.,0.,1.));
#6834=DIRECTION('center_axis',(0.,0.,1.));
#6835=DIRECTION('ref_axis',(1.,0.,0.));
#6836=DIRECTION('',(1.,0.,0.));
#6837=DIRECTION('',(0.,1.,0.));
#6838=DIRECTION('',(1.,0.,0.));
#6839=DIRECTION('center_axis',(-1.,0.,0.));
#6840=DIRECTION('ref_axis',(0.,0.,1.));
#6841=DIRECTION('',(0.,0.,1.));
#6842=DIRECTION('',(0.,1.,0.));
#6843=DIRECTION('',(0.,0.,1.));
#6844=DIRECTION('center_axis',(0.,0.,-1.));
#6845=DIRECTION('ref_axis',(-1.,0.,0.));
#6846=DIRECTION('',(-1.,0.,0.));
#6847=DIRECTION('',(0.,1.,0.));
#6848=DIRECTION('',(-1.,0.,0.));
#6849=DIRECTION('center_axis',(1.,0.,0.));
#6850=DIRECTION('ref_axis',(0.,0.,-1.));
#6851=DIRECTION('',(0.,0.,-1.));
#6852=DIRECTION('',(0.,0.,-1.));
#6853=DIRECTION('center_axis',(0.,1.,0.));
#6854=DIRECTION('ref_axis',(0.,0.,1.));
#6855=DIRECTION('center_axis',(0.,0.,1.));
#6856=DIRECTION('ref_axis',(1.,0.,0.));
#6857=DIRECTION('',(1.,0.,0.));
#6858=DIRECTION('',(0.,1.,0.));
#6859=DIRECTION('',(1.,0.,0.));
#6860=DIRECTION('',(0.,1.,0.));
#6861=DIRECTION('center_axis',(-1.,0.,0.));
#6862=DIRECTION('ref_axis',(0.,0.,1.));
#6863=DIRECTION('',(0.,0.,1.));
#6864=DIRECTION('',(0.,1.,0.));
#6865=DIRECTION('',(0.,0.,1.));
#6866=DIRECTION('center_axis',(0.,0.,-1.));
#6867=DIRECTION('ref_axis',(-1.,0.,0.));
#6868=DIRECTION('',(-1.,0.,0.));
#6869=DIRECTION('',(0.,1.,0.));
#6870=DIRECTION('',(-1.,0.,0.));
#6871=DIRECTION('center_axis',(-1.,0.,0.));
#6872=DIRECTION('ref_axis',(0.,0.,1.));
#6873=DIRECTION('',(0.,0.,1.));
#6874=DIRECTION('',(0.,1.,0.));
#6875=DIRECTION('',(0.,0.,1.));
#6876=DIRECTION('center_axis',(0.,0.,1.));
#6877=DIRECTION('ref_axis',(1.,0.,0.));
#6878=DIRECTION('',(1.,0.,0.));
#6879=DIRECTION('',(0.,1.,0.));
#6880=DIRECTION('',(1.,0.,0.));
#6881=DIRECTION('center_axis',(-1.,0.,0.));
#6882=DIRECTION('ref_axis',(0.,0.,1.));
#6883=DIRECTION('',(0.,0.,1.));
#6884=DIRECTION('',(0.,1.,0.));
#6885=DIRECTION('',(0.,0.,1.));
#6886=DIRECTION('center_axis',(0.,0.,-1.));
#6887=DIRECTION('ref_axis',(-1.,0.,0.));
#6888=DIRECTION('',(-1.,0.,0.));
#6889=DIRECTION('',(0.,1.,0.));
#6890=DIRECTION('',(-1.,0.,0.));
#6891=DIRECTION('center_axis',(-1.,0.,0.));
#6892=DIRECTION('ref_axis',(0.,0.,1.));
#6893=DIRECTION('',(0.,0.,1.));
#6894=DIRECTION('',(0.,1.,0.));
#6895=DIRECTION('',(0.,0.,1.));
#6896=DIRECTION('center_axis',(0.,0.,1.));
#6897=DIRECTION('ref_axis',(1.,0.,0.));
#6898=DIRECTION('',(1.,0.,0.));
#6899=DIRECTION('',(0.,1.,0.));
#6900=DIRECTION('',(1.,0.,0.));
#6901=DIRECTION('center_axis',(-1.,0.,0.));
#6902=DIRECTION('ref_axis',(0.,0.,1.));
#6903=DIRECTION('',(0.,0.,1.));
#6904=DIRECTION('',(0.,1.,0.));
#6905=DIRECTION('',(0.,0.,1.));
#6906=DIRECTION('center_axis',(0.,0.,-1.));
#6907=DIRECTION('ref_axis',(-1.,0.,0.));
#6908=DIRECTION('',(-1.,0.,0.));
#6909=DIRECTION('',(0.,1.,0.));
#6910=DIRECTION('',(-1.,0.,0.));
#6911=DIRECTION('center_axis',(1.,0.,0.));
#6912=DIRECTION('ref_axis',(0.,0.,-1.));
#6913=DIRECTION('',(0.,0.,-1.));
#6914=DIRECTION('',(0.,0.,-1.));
#6915=DIRECTION('center_axis',(0.,1.,0.));
#6916=DIRECTION('ref_axis',(0.,0.,1.));
#6917=DIRECTION('',(0.,1.,0.));
#6918=DIRECTION('',(0.,1.,0.));
#6919=DIRECTION('',(0.,1.,0.));
#6920=DIRECTION('',(0.,1.,0.));
#6921=DIRECTION('',(0.,1.,0.));
#6922=DIRECTION('',(0.,1.,0.));
#6923=DIRECTION('',(0.,1.,0.));
#6924=DIRECTION('',(0.,1.,0.));
#6925=DIRECTION('',(0.,1.,0.));
#6926=DIRECTION('',(0.,1.,0.));
#6927=DIRECTION('',(0.,1.,0.));
#6928=DIRECTION('',(0.,1.,0.));
#6929=DIRECTION('',(0.,1.,0.));
#6930=DIRECTION('',(0.,1.,0.));
#6931=DIRECTION('center_axis',(0.,-1.,0.));
#6932=DIRECTION('ref_axis',(0.,0.,-1.));
#6933=DIRECTION('center_axis',(-1.,0.,3.06268429399019E-15));
#6934=DIRECTION('ref_axis',(3.06268429399019E-15,0.,1.));
#6935=DIRECTION('',(3.06268429399019E-15,0.,1.));
#6936=DIRECTION('',(0.,1.,0.));
#6937=DIRECTION('',(3.06268429399019E-15,0.,1.));
#6938=DIRECTION('',(0.,1.,0.));
#6939=DIRECTION('center_axis',(0.,0.,-1.));
#6940=DIRECTION('ref_axis',(-1.,0.,0.));
#6941=DIRECTION('',(-1.,0.,0.));
#6942=DIRECTION('',(0.,1.,0.));
#6943=DIRECTION('',(-1.,0.,0.));
#6944=DIRECTION('center_axis',(1.,0.,0.));
#6945=DIRECTION('ref_axis',(0.,0.,-1.));
#6946=DIRECTION('',(0.,0.,-1.));
#6947=DIRECTION('',(0.,1.,0.));
#6948=DIRECTION('',(0.,0.,-1.));
#6949=DIRECTION('center_axis',(-0.891303903450307,0.,-0.453406386913821));
#6950=DIRECTION('ref_axis',(-0.453406386913821,0.,0.891303903450307));
#6951=DIRECTION('',(-0.453406386913821,0.,0.891303903450307));
#6952=DIRECTION('',(0.,1.,0.));
#6953=DIRECTION('',(-0.453406386913821,0.,0.891303903450307));
#6954=DIRECTION('center_axis',(0.,0.,-1.));
#6955=DIRECTION('ref_axis',(-1.,0.,0.));
#6956=DIRECTION('',(-1.,0.,0.));
#6957=DIRECTION('',(0.,1.,0.));
#6958=DIRECTION('',(-1.,0.,0.));
#6959=DIRECTION('center_axis',(1.,0.,0.));
#6960=DIRECTION('ref_axis',(0.,0.,-1.));
#6961=DIRECTION('',(0.,0.,-1.));
#6962=DIRECTION('',(0.,1.,0.));
#6963=DIRECTION('',(0.,0.,-1.));
#6964=DIRECTION('center_axis',(0.,0.,1.));
#6965=DIRECTION('ref_axis',(1.,0.,0.));
#6966=DIRECTION('',(1.,0.,0.));
#6967=DIRECTION('',(0.,1.,0.));
#6968=DIRECTION('',(1.,0.,0.));
#6969=DIRECTION('center_axis',(-1.,0.,0.));
#6970=DIRECTION('ref_axis',(0.,0.,1.));
#6971=DIRECTION('',(0.,0.,1.));
#6972=DIRECTION('',(0.,1.,0.));
#6973=DIRECTION('',(0.,0.,1.));
#6974=DIRECTION('center_axis',(0.889695551631174,0.,0.456554296231786));
#6975=DIRECTION('ref_axis',(0.456554296231786,0.,-0.889695551631174));
#6976=DIRECTION('',(0.456554296231786,0.,-0.889695551631174));
#6977=DIRECTION('',(0.,1.,0.));
#6978=DIRECTION('',(0.456554296231786,0.,-0.889695551631174));
#6979=DIRECTION('center_axis',(0.,0.,1.));
#6980=DIRECTION('ref_axis',(1.,0.,0.));
#6981=DIRECTION('',(1.,0.,0.));
#6982=DIRECTION('',(1.,0.,0.));
#6983=DIRECTION('center_axis',(0.,1.,0.));
#6984=DIRECTION('ref_axis',(0.,0.,1.));
#6985=DIRECTION('',(0.,1.,0.));
#6986=DIRECTION('',(0.,1.,0.));
#6987=DIRECTION('center_axis',(0.,0.,-1.));
#6988=DIRECTION('ref_axis',(-1.,0.,0.));
#6989=DIRECTION('',(1.,0.,0.));
#6990=DIRECTION('',(1.,0.,0.));
#6991=DIRECTION('',(0.,1.,0.));
#6992=DIRECTION('center_axis',(1.,0.,0.));
#6993=DIRECTION('ref_axis',(0.,0.,-1.));
#6994=DIRECTION('',(0.,0.,1.));
#6995=DIRECTION('',(0.,0.,1.));
#6996=DIRECTION('',(0.,1.,0.));
#6997=DIRECTION('center_axis',(0.,0.,1.));
#6998=DIRECTION('ref_axis',(1.,0.,0.));
#6999=DIRECTION('',(-1.,0.,0.));
#7000=DIRECTION('',(-1.,0.,0.));
#7001=DIRECTION('',(0.,1.,0.));
#7002=DIRECTION('',(0.,1.,0.));
#7003=DIRECTION('',(0.,1.,0.));
#7004=DIRECTION('center_axis',(-0.774214179185867,0.,-0.632923695833514));
#7005=DIRECTION('ref_axis',(-0.632923695833514,0.,0.774214179185867));
#7006=DIRECTION('',(-0.632923695833514,0.,0.774214179185867));
#7007=DIRECTION('',(0.,1.,0.));
#7008=DIRECTION('',(-0.632923695833514,0.,0.774214179185867));
#7009=DIRECTION('',(0.,1.,0.));
#7010=DIRECTION('',(0.,1.,0.));
#7011=DIRECTION('',(0.,1.,0.));
#7012=DIRECTION('',(0.,1.,0.));
#7013=DIRECTION('center_axis',(0.,0.,-1.));
#7014=DIRECTION('ref_axis',(-1.,0.,0.));
#7015=DIRECTION('',(-1.,0.,0.));
#7016=DIRECTION('',(0.,1.,0.));
#7017=DIRECTION('',(-1.,0.,0.));
#7018=DIRECTION('center_axis',(1.,0.,0.));
#7019=DIRECTION('ref_axis',(0.,0.,-1.));
#7020=DIRECTION('',(0.,0.,-1.));
#7021=DIRECTION('',(0.,1.,0.));
#7022=DIRECTION('',(0.,0.,-1.));
#7023=DIRECTION('center_axis',(0.,0.,1.));
#7024=DIRECTION('ref_axis',(1.,0.,0.));
#7025=DIRECTION('',(1.,0.,0.));
#7026=DIRECTION('',(0.,1.,0.));
#7027=DIRECTION('',(1.,0.,0.));
#7028=DIRECTION('center_axis',(-1.,0.,0.));
#7029=DIRECTION('ref_axis',(0.,0.,1.));
#7030=DIRECTION('',(0.,0.,1.));
#7031=DIRECTION('',(0.,1.,0.));
#7032=DIRECTION('',(0.,0.,1.));
#7033=DIRECTION('center_axis',(0.,0.,1.));
#7034=DIRECTION('ref_axis',(1.,0.,0.));
#7035=DIRECTION('',(1.,0.,0.));
#7036=DIRECTION('',(0.,1.,0.));
#7037=DIRECTION('',(1.,0.,0.));
#7038=DIRECTION('center_axis',(0.783042313268788,0.,0.62196843620128));
#7039=DIRECTION('ref_axis',(0.62196843620128,0.,-0.783042313268788));
#7040=DIRECTION('',(0.62196843620128,0.,-0.783042313268788));
#7041=DIRECTION('',(0.,1.,0.));
#7042=DIRECTION('',(0.62196843620128,0.,-0.783042313268788));
#7043=DIRECTION('center_axis',(0.,0.,1.));
#7044=DIRECTION('ref_axis',(1.,0.,0.));
#7045=DIRECTION('',(1.,0.,0.));
#7046=DIRECTION('',(1.,0.,0.));
#7047=DIRECTION('center_axis',(0.,1.,0.));
#7048=DIRECTION('ref_axis',(0.,0.,1.));
#7049=DIRECTION('',(0.,1.,0.));
#7050=DIRECTION('',(0.,1.,0.));
#7051=DIRECTION('',(0.,1.,0.));
#7052=DIRECTION('',(0.,1.,0.));
#7053=DIRECTION('',(0.,1.,0.));
#7054=DIRECTION('',(0.,1.,0.));
#7055=DIRECTION('',(0.,1.,0.));
#7056=DIRECTION('',(0.,1.,0.));
#7057=DIRECTION('',(0.,1.,0.));
#7058=DIRECTION('',(0.,1.,0.));
#7059=DIRECTION('',(0.,1.,0.));
#7060=DIRECTION('',(0.,1.,0.));
#7061=DIRECTION('',(0.,1.,0.));
#7062=DIRECTION('',(0.,1.,0.));
#7063=DIRECTION('center_axis',(0.,-1.,0.));
#7064=DIRECTION('ref_axis',(0.,0.,-1.));
#7065=DIRECTION('center_axis',(-1.,0.,0.));
#7066=DIRECTION('ref_axis',(0.,0.,1.));
#7067=DIRECTION('',(0.,0.,1.));
#7068=DIRECTION('',(0.,1.,0.));
#7069=DIRECTION('',(0.,0.,1.));
#7070=DIRECTION('',(0.,1.,0.));
#7071=DIRECTION('center_axis',(0.,0.,-1.));
#7072=DIRECTION('ref_axis',(-1.,0.,0.));
#7073=DIRECTION('',(-1.,0.,0.));
#7074=DIRECTION('',(0.,1.,0.));
#7075=DIRECTION('',(-1.,0.,0.));
#7076=DIRECTION('center_axis',(-1.,0.,0.));
#7077=DIRECTION('ref_axis',(0.,0.,1.));
#7078=DIRECTION('',(0.,0.,1.));
#7079=DIRECTION('',(0.,1.,0.));
#7080=DIRECTION('',(0.,0.,1.));
#7081=DIRECTION('center_axis',(0.,0.,-1.));
#7082=DIRECTION('ref_axis',(-1.,0.,0.));
#7083=DIRECTION('',(-1.,0.,0.));
#7084=DIRECTION('',(0.,1.,0.));
#7085=DIRECTION('',(-1.,0.,0.));
#7086=DIRECTION('center_axis',(1.,0.,0.));
#7087=DIRECTION('ref_axis',(0.,0.,-1.));
#7088=DIRECTION('',(0.,0.,-1.));
#7089=DIRECTION('',(0.,1.,0.));
#7090=DIRECTION('',(0.,0.,-1.));
#7091=DIRECTION('center_axis',(0.,0.,1.));
#7092=DIRECTION('ref_axis',(1.,0.,0.));
#7093=DIRECTION('',(1.,0.,0.));
#7094=DIRECTION('',(1.,0.,0.));
#7095=DIRECTION('center_axis',(0.,1.,0.));
#7096=DIRECTION('ref_axis',(0.,0.,1.));
#7097=DIRECTION('center_axis',(0.,0.,1.));
#7098=DIRECTION('ref_axis',(1.,0.,0.));
#7099=DIRECTION('',(1.,0.,0.));
#7100=DIRECTION('',(0.,1.,0.));
#7101=DIRECTION('',(1.,0.,0.));
#7102=DIRECTION('',(0.,1.,0.));
#7103=DIRECTION('center_axis',(-1.,0.,0.));
#7104=DIRECTION('ref_axis',(0.,0.,1.));
#7105=DIRECTION('',(0.,0.,1.));
#7106=DIRECTION('',(0.,1.,0.));
#7107=DIRECTION('',(0.,0.,1.));
#7108=DIRECTION('center_axis',(0.,0.,-1.));
#7109=DIRECTION('ref_axis',(-1.,0.,0.));
#7110=DIRECTION('',(-1.,0.,0.));
#7111=DIRECTION('',(0.,1.,0.));
#7112=DIRECTION('',(-1.,0.,0.));
#7113=DIRECTION('center_axis',(-1.,0.,0.));
#7114=DIRECTION('ref_axis',(0.,0.,1.));
#7115=DIRECTION('',(0.,0.,1.));
#7116=DIRECTION('',(0.,1.,0.));
#7117=DIRECTION('',(0.,0.,1.));
#7118=DIRECTION('center_axis',(0.,0.,1.));
#7119=DIRECTION('ref_axis',(1.,0.,0.));
#7120=DIRECTION('',(1.,0.,0.));
#7121=DIRECTION('',(0.,1.,0.));
#7122=DIRECTION('',(1.,0.,0.));
#7123=DIRECTION('center_axis',(-1.,0.,0.));
#7124=DIRECTION('ref_axis',(0.,0.,1.));
#7125=DIRECTION('',(0.,0.,1.));
#7126=DIRECTION('',(0.,1.,0.));
#7127=DIRECTION('',(0.,0.,1.));
#7128=DIRECTION('center_axis',(0.,0.,-1.));
#7129=DIRECTION('ref_axis',(-1.,0.,0.));
#7130=DIRECTION('',(-1.,0.,0.));
#7131=DIRECTION('',(0.,1.,0.));
#7132=DIRECTION('',(-1.,0.,0.));
#7133=DIRECTION('center_axis',(-1.,0.,0.));
#7134=DIRECTION('ref_axis',(0.,0.,1.));
#7135=DIRECTION('',(0.,0.,1.));
#7136=DIRECTION('',(0.,1.,0.));
#7137=DIRECTION('',(0.,0.,1.));
#7138=DIRECTION('center_axis',(0.,0.,1.));
#7139=DIRECTION('ref_axis',(1.,0.,0.));
#7140=DIRECTION('',(1.,0.,0.));
#7141=DIRECTION('',(0.,1.,0.));
#7142=DIRECTION('',(1.,0.,0.));
#7143=DIRECTION('center_axis',(-1.,0.,0.));
#7144=DIRECTION('ref_axis',(0.,0.,1.));
#7145=DIRECTION('',(0.,0.,1.));
#7146=DIRECTION('',(0.,1.,0.));
#7147=DIRECTION('',(0.,0.,1.));
#7148=DIRECTION('center_axis',(0.,0.,-1.));
#7149=DIRECTION('ref_axis',(-1.,0.,0.));
#7150=DIRECTION('',(-1.,0.,0.));
#7151=DIRECTION('',(0.,1.,0.));
#7152=DIRECTION('',(-1.,0.,0.));
#7153=DIRECTION('center_axis',(1.,0.,0.));
#7154=DIRECTION('ref_axis',(0.,0.,-1.));
#7155=DIRECTION('',(0.,0.,-1.));
#7156=DIRECTION('',(0.,0.,-1.));
#7157=DIRECTION('center_axis',(0.,1.,0.));
#7158=DIRECTION('ref_axis',(0.,0.,1.));
#7159=DIRECTION('center_axis',(0.,1.,0.));
#7160=DIRECTION('ref_axis',(0.,0.,1.));
#7161=DIRECTION('',(-1.,0.,0.));
#7162=DIRECTION('',(-3.58859967555606E-16,0.,-1.));
#7163=DIRECTION('',(1.,0.,0.));
#7164=DIRECTION('',(1.79429983777803E-16,0.,1.));
#7165=DIRECTION('',(-1.,0.,0.));
#7166=DIRECTION('',(0.,0.,1.));
#7167=DIRECTION('',(1.,0.,0.));
#7168=DIRECTION('',(0.,0.,-1.));
#7169=DIRECTION('',(0.,0.,-1.));
#7170=DIRECTION('',(-1.,0.,0.));
#7171=DIRECTION('',(0.,0.,1.));
#7172=DIRECTION('',(1.,0.,0.));
#7173=DIRECTION('',(1.,0.,0.));
#7174=DIRECTION('',(0.,0.,-1.));
#7175=DIRECTION('',(-1.,0.,0.));
#7176=DIRECTION('',(0.,0.,1.));
#7177=DIRECTION('center_axis',(0.,1.,0.));
#7178=DIRECTION('ref_axis',(0.,0.,1.));
#7179=DIRECTION('center_axis',(0.,1.,0.));
#7180=DIRECTION('ref_axis',(0.,0.,1.));
#7181=DIRECTION('center_axis',(0.,1.,0.));
#7182=DIRECTION('ref_axis',(0.,0.,1.));
#7183=DIRECTION('center_axis',(0.,1.,0.));
#7184=DIRECTION('ref_axis',(0.,0.,1.));
#7185=DIRECTION('center_axis',(0.,1.,0.));
#7186=DIRECTION('ref_axis',(0.,0.,1.));
#7187=DIRECTION('center_axis',(0.,1.,0.));
#7188=DIRECTION('ref_axis',(0.,0.,1.));
#7189=DIRECTION('center_axis',(0.,1.,0.));
#7190=DIRECTION('ref_axis',(0.,0.,1.));
#7191=DIRECTION('center_axis',(0.,0.,-1.));
#7192=DIRECTION('ref_axis',(-1.,0.,0.));
#7193=DIRECTION('',(1.,0.,0.));
#7194=DIRECTION('',(0.,1.,0.));
#7195=DIRECTION('',(0.,1.,0.));
#7196=DIRECTION('center_axis',(1.,0.,0.));
#7197=DIRECTION('ref_axis',(0.,0.,-1.));
#7198=DIRECTION('',(0.,0.,1.));
#7199=DIRECTION('',(0.,1.,0.));
#7200=DIRECTION('center_axis',(0.,0.,1.));
#7201=DIRECTION('ref_axis',(1.,0.,0.));
#7202=DIRECTION('',(-1.,0.,0.));
#7203=DIRECTION('',(0.,1.,0.));
#7204=DIRECTION('center_axis',(-1.,0.,0.));
#7205=DIRECTION('ref_axis',(0.,0.,1.));
#7206=DIRECTION('',(0.,0.,-1.));
#7207=DIRECTION('center_axis',(1.,0.,0.));
#7208=DIRECTION('ref_axis',(0.,0.,-1.));
#7209=DIRECTION('',(0.,0.,1.));
#7210=DIRECTION('',(0.,1.,0.));
#7211=DIRECTION('',(0.,1.,0.));
#7212=DIRECTION('center_axis',(0.,0.,1.));
#7213=DIRECTION('ref_axis',(1.,0.,0.));
#7214=DIRECTION('',(-1.,0.,0.));
#7215=DIRECTION('',(0.,1.,0.));
#7216=DIRECTION('center_axis',(-1.,0.,0.));
#7217=DIRECTION('ref_axis',(0.,0.,1.));
#7218=DIRECTION('',(0.,0.,-1.));
#7219=DIRECTION('',(0.,1.,0.));
#7220=DIRECTION('center_axis',(0.,0.,-1.));
#7221=DIRECTION('ref_axis',(-1.,0.,0.));
#7222=DIRECTION('',(1.,0.,0.));
#7223=DIRECTION('center_axis',(0.,0.,1.));
#7224=DIRECTION('ref_axis',(1.,0.,0.));
#7225=DIRECTION('',(-1.,0.,0.));
#7226=DIRECTION('',(0.,1.,0.));
#7227=DIRECTION('',(0.,1.,0.));
#7228=DIRECTION('center_axis',(1.,0.,0.));
#7229=DIRECTION('ref_axis',(0.,0.,-1.));
#7230=DIRECTION('',(0.,0.,1.));
#7231=DIRECTION('',(0.,1.,0.));
#7232=DIRECTION('center_axis',(0.,0.,-1.));
#7233=DIRECTION('ref_axis',(-1.,0.,0.));
#7234=DIRECTION('',(1.,0.,0.));
#7235=DIRECTION('',(0.,1.,0.));
#7236=DIRECTION('center_axis',(-1.,0.,0.));
#7237=DIRECTION('ref_axis',(0.,0.,1.));
#7238=DIRECTION('',(0.,0.,-1.));
#7239=DIRECTION('center_axis',(1.48029736616687E-15,0.,1.));
#7240=DIRECTION('ref_axis',(1.,0.,-1.48029736616687E-15));
#7241=DIRECTION('',(-1.,0.,1.48029736616687E-15));
#7242=DIRECTION('',(0.,1.,0.));
#7243=DIRECTION('',(1.,0.,-1.48029736616687E-15));
#7244=DIRECTION('',(0.,1.,0.));
#7245=DIRECTION('center_axis',(-1.,0.,8.88178419700125E-16));
#7246=DIRECTION('ref_axis',(8.88178419700125E-16,0.,1.));
#7247=DIRECTION('',(-8.88178419700125E-16,0.,-1.));
#7248=DIRECTION('',(8.88178419700125E-16,0.,1.));
#7249=DIRECTION('',(0.,1.,0.));
#7250=DIRECTION('center_axis',(0.,0.,-1.));
#7251=DIRECTION('ref_axis',(-1.,0.,0.));
#7252=DIRECTION('',(1.,0.,0.));
#7253=DIRECTION('',(-1.,0.,0.));
#7254=DIRECTION('',(0.,1.,0.));
#7255=DIRECTION('center_axis',(1.,0.,-8.88178419700125E-16));
#7256=DIRECTION('ref_axis',(-8.88178419700125E-16,0.,-1.));
#7257=DIRECTION('',(8.88178419700125E-16,0.,1.));
#7258=DIRECTION('',(-8.88178419700125E-16,0.,-1.));
#7259=DIRECTION('center_axis',(0.,1.,0.));
#7260=DIRECTION('ref_axis',(0.,0.,1.));
#7261=DIRECTION('center_axis',(0.,0.,1.));
#7262=DIRECTION('ref_axis',(1.,0.,0.));
#7263=DIRECTION('',(-1.,0.,0.));
#7264=DIRECTION('',(0.,1.,0.));
#7265=DIRECTION('',(1.,0.,0.));
#7266=DIRECTION('',(0.,1.,0.));
#7267=DIRECTION('center_axis',(-1.,0.,0.));
#7268=DIRECTION('ref_axis',(0.,0.,1.));
#7269=DIRECTION('',(0.,0.,-1.));
#7270=DIRECTION('',(0.,0.,1.));
#7271=DIRECTION('',(0.,1.,0.));
#7272=DIRECTION('center_axis',(0.,0.,-1.));
#7273=DIRECTION('ref_axis',(-1.,0.,0.));
#7274=DIRECTION('',(1.,0.,0.));
#7275=DIRECTION('',(-1.,0.,0.));
#7276=DIRECTION('',(0.,1.,0.));
#7277=DIRECTION('center_axis',(1.,0.,0.));
#7278=DIRECTION('ref_axis',(0.,0.,-1.));
#7279=DIRECTION('',(0.,0.,1.));
#7280=DIRECTION('',(0.,0.,-1.));
#7281=DIRECTION('center_axis',(0.,1.,0.));
#7282=DIRECTION('ref_axis',(0.,0.,1.));
#7283=DIRECTION('center_axis',(0.,0.52999894000318,-0.847998304005088));
#7284=DIRECTION('ref_axis',(-1.,0.,0.));
#7285=DIRECTION('',(0.,0.847998304005088,0.52999894000318));
#7286=DIRECTION('',(1.,0.,0.));
#7287=DIRECTION('',(0.,-0.847998304005088,-0.52999894000318));
#7288=DIRECTION('',(1.,0.,0.));
#7289=DIRECTION('center_axis',(1.,0.,0.));
#7290=DIRECTION('ref_axis',(0.,0.,-1.));
#7291=DIRECTION('',(0.,0.,-1.));
#7292=DIRECTION('',(0.,1.,0.));
#7293=DIRECTION('',(0.,0.,1.));
#7294=DIRECTION('',(0.,1.,0.));
#7295=DIRECTION('',(4.05134016003566E-16,0.,1.));
#7296=DIRECTION('center_axis',(0.,1.,0.));
#7297=DIRECTION('ref_axis',(0.,0.,1.));
#7298=DIRECTION('',(0.,0.,1.));
#7299=DIRECTION('',(1.,0.,0.));
#7300=DIRECTION('center_axis',(0.,0.52999894000318,0.847998304005088));
#7301=DIRECTION('ref_axis',(1.,0.,0.));
#7302=DIRECTION('',(0.,0.847998304005088,-0.52999894000318));
#7303=DIRECTION('',(-1.,0.,0.));
#7304=DIRECTION('',(0.,-0.847998304005088,0.52999894000318));
#7305=DIRECTION('',(-1.,0.,0.));
#7306=DIRECTION('center_axis',(0.,1.,0.));
#7307=DIRECTION('ref_axis',(0.,0.,1.));
#7308=DIRECTION('',(0.,0.,-1.));
#7309=DIRECTION('',(-1.,0.,0.));
#7310=DIRECTION('',(0.,0.,1.));
#7311=DIRECTION('center_axis',(1.,0.,0.));
#7312=DIRECTION('ref_axis',(0.,0.,-1.));
#7313=DIRECTION('',(4.05134016003566E-16,0.,1.));
#7314=DIRECTION('',(0.,1.,0.));
#7315=DIRECTION('',(0.,0.,1.));
#7316=DIRECTION('',(0.,1.,0.));
#7317=DIRECTION('center_axis',(-1.,0.,0.));
#7318=DIRECTION('ref_axis',(0.,0.,1.));
#7319=DIRECTION('',(0.,1.,0.));
#7320=DIRECTION('',(0.,0.,-1.));
#7321=DIRECTION('',(0.,1.,0.));
#7322=DIRECTION('',(4.05134016003566E-16,0.,1.));
#7323=DIRECTION('center_axis',(0.,-1.,0.));
#7324=DIRECTION('ref_axis',(1.,0.,-3.94745964311167E-16));
#7325=DIRECTION('',(-1.,0.,3.94745964311167E-16));
#7326=DIRECTION('center_axis',(0.,-1.,0.));
#7327=DIRECTION('ref_axis',(1.,0.,-3.94745964311167E-16));
#7328=DIRECTION('',(1.,0.,-1.97372982155583E-16));
#7329=DIRECTION('',(4.05134016003566E-16,0.,1.));
#7330=DIRECTION('center_axis',(-3.94745964311167E-16,0.,-1.));
#7331=DIRECTION('ref_axis',(1.,0.,-3.94745964311167E-16));
#7332=DIRECTION('',(1.,0.,-3.94745964311167E-16));
#7333=DIRECTION('',(0.,-1.,0.));
#7334=DIRECTION('',(1.,0.,-3.94745964311167E-16));
#7335=DIRECTION('',(0.,-1.,0.));
#7336=DIRECTION('',(1.,0.,-3.94745964311167E-16));
#7337=DIRECTION('center_axis',(-1.,0.,0.));
#7338=DIRECTION('ref_axis',(0.,0.,1.));
#7339=DIRECTION('',(0.,1.,0.));
#7340=DIRECTION('',(0.,0.,-1.));
#7341=DIRECTION('',(0.,1.,0.));
#7342=DIRECTION('center_axis',(0.,1.,0.));
#7343=DIRECTION('ref_axis',(0.,0.,1.));
#7344=DIRECTION('',(-1.,0.,1.97372982155583E-16));
#7345=DIRECTION('',(-1.86984930463184E-16,0.,-1.));
#7346=DIRECTION('',(-1.,0.,0.));
#7347=DIRECTION('',(1.79429983777803E-16,0.,1.));
#7348=DIRECTION('',(1.,0.,0.));
#7349=DIRECTION('center_axis',(0.,1.,0.));
#7350=DIRECTION('ref_axis',(0.,0.,1.));
#7351=DIRECTION('',(1.,0.,0.));
#7352=DIRECTION('',(-3.58859967555606E-16,0.,-1.));
#7353=DIRECTION('',(-1.,0.,0.));
#7354=DIRECTION('',(3.24301988772085E-16,0.,1.));
#7355=DIRECTION('',(-1.,0.,1.97372982155583E-16));
#7356=DIRECTION('center_axis',(-1.,0.,1.86984930463184E-16));
#7357=DIRECTION('ref_axis',(-1.86984930463184E-16,0.,-1.));
#7358=DIRECTION('',(0.,-1.,0.));
#7359=DIRECTION('',(-1.86984930463184E-16,0.,-1.));
#7360=DIRECTION('center_axis',(1.97372982155583E-16,0.,1.));
#7361=DIRECTION('ref_axis',(-1.,0.,1.97372982155583E-16));
#7362=DIRECTION('',(0.,-1.,0.));
#7363=DIRECTION('',(-1.,0.,1.97372982155583E-16));
#7364=DIRECTION('center_axis',(1.,0.,-3.24301988772085E-16));
#7365=DIRECTION('ref_axis',(3.24301988772085E-16,0.,1.));
#7366=DIRECTION('',(3.24301988772085E-16,0.,1.));
#7367=DIRECTION('center_axis',(0.,-1.,0.));
#7368=DIRECTION('ref_axis',(0.,0.,-1.));
#7369=DIRECTION('center_axis',(1.,0.,-3.58859967555606E-16));
#7370=DIRECTION('ref_axis',(-3.58859967555606E-16,0.,-1.));
#7371=DIRECTION('',(0.,1.,0.));
#7372=DIRECTION('',(0.,1.,0.));
#7373=DIRECTION('center_axis',(0.,0.,1.));
#7374=DIRECTION('ref_axis',(1.,0.,0.));
#7375=DIRECTION('',(0.,1.,0.));
#7376=DIRECTION('center_axis',(-1.,0.,1.79429983777803E-16));
#7377=DIRECTION('ref_axis',(1.79429983777803E-16,0.,1.));
#7378=DIRECTION('',(0.,1.,0.));
#7379=DIRECTION('center_axis',(0.,0.,-1.));
#7380=DIRECTION('ref_axis',(-1.,0.,0.));
#7381=DIRECTION('center_axis',(0.,1.,0.));
#7382=DIRECTION('ref_axis',(0.,0.,1.));
#7383=CARTESIAN_POINT('',(0.,0.,0.));
#7384=CARTESIAN_POINT('Ctrl Pts',(-69.2904760695246,0.,-81.4923355099948));
#7385=CARTESIAN_POINT('Ctrl Pts',(-69.2904760695246,0.2,-81.4923355099948));
#7386=CARTESIAN_POINT('Ctrl Pts',(-69.4502815754611,0.,-81.4923355099948));
#7387=CARTESIAN_POINT('Ctrl Pts',(-69.4502815754611,0.2,-81.4923355099948));
#7388=CARTESIAN_POINT('Ctrl Pts',(-69.6688391056389,0.,-81.4476839715714));
#7389=CARTESIAN_POINT('Ctrl Pts',(-69.6688391056389,0.2,-81.4476839715714));
#7390=CARTESIAN_POINT('Ctrl Pts',(-69.7510919395768,0.,-81.3936321092693));
#7391=CARTESIAN_POINT('Ctrl Pts',(-69.7510919395768,0.2,-81.3936321092693));
#7392=CARTESIAN_POINT('',(-69.7510919395768,0.,-81.3936321092693));
#7393=CARTESIAN_POINT('',(-69.2904760695246,0.,-81.4923355099948));
#7394=CARTESIAN_POINT('Ctrl Pts',(-69.7510919395768,0.,-81.3936321092693));
#7395=CARTESIAN_POINT('Ctrl Pts',(-69.6688391056389,0.,-81.4476839715714));
#7396=CARTESIAN_POINT('Ctrl Pts',(-69.4502815754611,0.,-81.4923355099948));
#7397=CARTESIAN_POINT('Ctrl Pts',(-69.2904760695246,0.,-81.4923355099948));
#7398=CARTESIAN_POINT('',(-69.7510919395768,0.2,-81.3936321092693));
#7399=CARTESIAN_POINT('',(-69.7510919395768,0.,-81.3936321092693));
#7400=CARTESIAN_POINT('',(-69.2904760695246,0.2,-81.4923355099948));
#7401=CARTESIAN_POINT('Ctrl Pts',(-69.7510919395768,0.2,-81.3936321092693));
#7402=CARTESIAN_POINT('Ctrl Pts',(-69.6688391056389,0.2,-81.4476839715714));
#7403=CARTESIAN_POINT('Ctrl Pts',(-69.4502815754611,0.2,-81.4923355099948));
#7404=CARTESIAN_POINT('Ctrl Pts',(-69.2904760695246,0.2,-81.4923355099948));
#7405=CARTESIAN_POINT('',(-69.2904760695246,0.,-81.4923355099948));
#7406=CARTESIAN_POINT('Origin',(-68.9074128714709,0.,-81.4923355099948));
#7407=CARTESIAN_POINT('',(-68.9074128714709,0.,-81.4923355099948));
#7408=CARTESIAN_POINT('',(-57.9537064357355,0.,-81.4923355099948));
#7409=CARTESIAN_POINT('',(-68.9074128714709,0.2,-81.4923355099948));
#7410=CARTESIAN_POINT('',(-69.1487099329,0.2,-81.4923355099948));
#7411=CARTESIAN_POINT('',(-68.9074128714709,0.,-81.4923355099948));
#7412=CARTESIAN_POINT('Origin',(-68.9074128714709,0.,-80.4018979400752));
#7413=CARTESIAN_POINT('',(-68.9074128714709,0.,-80.4018979400752));
#7414=CARTESIAN_POINT('',(-68.9074128714709,0.,-64.9509489700376));
#7415=CARTESIAN_POINT('',(-68.9074128714709,0.2,-80.4018979400752));
#7416=CARTESIAN_POINT('',(-68.9074128714709,0.2,-80.2800899988452));
#7417=CARTESIAN_POINT('',(-68.9074128714709,0.,-80.4018979400752));
#7418=CARTESIAN_POINT('Origin',(-69.2458245311011,0.,-80.4018979400752));
#7419=CARTESIAN_POINT('',(-69.2458245311011,0.,-80.4018979400752));
#7420=CARTESIAN_POINT('',(-58.1229122655506,0.,-80.4018979400752));
#7421=CARTESIAN_POINT('',(-69.2458245311011,0.2,-80.4018979400752));
#7422=CARTESIAN_POINT('',(-69.3179157627152,0.2,-80.4018979400752));
#7423=CARTESIAN_POINT('',(-69.2458245311011,0.,-80.4018979400752));
#7424=CARTESIAN_POINT('Ctrl Pts',(-69.7698925873341,0.,-80.5523031221331));
#7425=CARTESIAN_POINT('Ctrl Pts',(-69.7698925873341,0.2,-80.5523031221331));
#7426=CARTESIAN_POINT('Ctrl Pts',(-69.6782394295175,0.,-80.4606499643166));
#7427=CARTESIAN_POINT('Ctrl Pts',(-69.6782394295175,0.2,-80.4606499643166));
#7428=CARTESIAN_POINT('Ctrl Pts',(-69.4126802799466,0.,-80.4018979400752));
#7429=CARTESIAN_POINT('Ctrl Pts',(-69.4126802799466,0.2,-80.4018979400752));
#7430=CARTESIAN_POINT('Ctrl Pts',(-69.2458245311011,0.,-80.4018979400752));
#7431=CARTESIAN_POINT('Ctrl Pts',(-69.2458245311011,0.2,-80.4018979400752));
#7432=CARTESIAN_POINT('',(-69.7698925873341,0.,-80.5523031221331));
#7433=CARTESIAN_POINT('Ctrl Pts',(-69.2458245311011,0.,-80.4018979400752));
#7434=CARTESIAN_POINT('Ctrl Pts',(-69.4126802799466,0.,-80.4018979400752));
#7435=CARTESIAN_POINT('Ctrl Pts',(-69.6782394295175,0.,-80.4606499643166));
#7436=CARTESIAN_POINT('Ctrl Pts',(-69.7698925873341,0.,-80.5523031221331));
#7437=CARTESIAN_POINT('',(-69.7698925873341,0.2,-80.5523031221331));
#7438=CARTESIAN_POINT('Ctrl Pts',(-69.2458245311011,0.2,-80.4018979400752));
#7439=CARTESIAN_POINT('Ctrl Pts',(-69.4126802799466,0.2,-80.4018979400752));
#7440=CARTESIAN_POINT('Ctrl Pts',(-69.6782394295175,0.2,-80.4606499643166));
#7441=CARTESIAN_POINT('Ctrl Pts',(-69.7698925873341,0.2,-80.5523031221331));
#7442=CARTESIAN_POINT('',(-69.7698925873341,0.,-80.5523031221331));
#7443=CARTESIAN_POINT('Ctrl Pts',(-69.9343982552099,0.,-81.008218830246));
#7444=CARTESIAN_POINT('Ctrl Pts',(-69.9343982552099,0.2,-81.008218830246));
#7445=CARTESIAN_POINT('Ctrl Pts',(-69.9343982552099,0.,-80.8578136481881));
#7446=CARTESIAN_POINT('Ctrl Pts',(-69.9343982552099,0.2,-80.8578136481881));
#7447=CARTESIAN_POINT('Ctrl Pts',(-69.8544955022416,0.,-80.6322058751013));
#7448=CARTESIAN_POINT('Ctrl Pts',(-69.8544955022416,0.2,-80.6322058751013));
#7449=CARTESIAN_POINT('Ctrl Pts',(-69.7698925873341,0.,-80.5523031221331));
#7450=CARTESIAN_POINT('Ctrl Pts',(-69.7698925873341,0.2,-80.5523031221331));
#7451=CARTESIAN_POINT('',(-69.9343982552099,0.,-81.008218830246));
#7452=CARTESIAN_POINT('Ctrl Pts',(-69.7698925873341,0.,-80.5523031221331));
#7453=CARTESIAN_POINT('Ctrl Pts',(-69.8544955022416,0.,-80.6322058751013));
#7454=CARTESIAN_POINT('Ctrl Pts',(-69.9343982552099,0.,-80.8578136481881));
#7455=CARTESIAN_POINT('Ctrl Pts',(-69.9343982552099,0.,-81.008218830246));
#7456=CARTESIAN_POINT('',(-69.9343982552099,0.2,-81.008218830246));
#7457=CARTESIAN_POINT('Ctrl Pts',(-69.7698925873341,0.2,-80.5523031221331));
#7458=CARTESIAN_POINT('Ctrl Pts',(-69.8544955022416,0.2,-80.6322058751013));
#7459=CARTESIAN_POINT('Ctrl Pts',(-69.9343982552099,0.2,-80.8578136481881));
#7460=CARTESIAN_POINT('Ctrl Pts',(-69.9343982552099,0.2,-81.008218830246));
#7461=CARTESIAN_POINT('',(-69.9343982552099,0.,-81.008218830246));
#7462=CARTESIAN_POINT('Ctrl Pts',(-69.7510919395768,0.,-81.3936321092693));
#7463=CARTESIAN_POINT('Ctrl Pts',(-69.7510919395768,0.2,-81.3936321092693));
#7464=CARTESIAN_POINT('Ctrl Pts',(-69.845095178363,0.,-81.3301799230887));
#7465=CARTESIAN_POINT('Ctrl Pts',(-69.845095178363,0.2,-81.3301799230887));
#7466=CARTESIAN_POINT('Ctrl Pts',(-69.9343982552099,0.,-81.1351232026074));
#7467=CARTESIAN_POINT('Ctrl Pts',(-69.9343982552099,0.2,-81.1351232026074));
#7468=CARTESIAN_POINT('Ctrl Pts',(-69.9343982552099,0.,-81.008218830246));
#7469=CARTESIAN_POINT('Ctrl Pts',(-69.9343982552099,0.2,-81.008218830246));
#7470=CARTESIAN_POINT('Ctrl Pts',(-69.9343982552099,0.,-81.008218830246));
#7471=CARTESIAN_POINT('Ctrl Pts',(-69.9343982552099,0.,-81.1351232026074));
#7472=CARTESIAN_POINT('Ctrl Pts',(-69.845095178363,0.,-81.3301799230887));
#7473=CARTESIAN_POINT('Ctrl Pts',(-69.7510919395768,0.,-81.3936321092693));
#7474=CARTESIAN_POINT('Ctrl Pts',(-69.9343982552099,0.2,-81.008218830246));
#7475=CARTESIAN_POINT('Ctrl Pts',(-69.9343982552099,0.2,-81.1351232026074));
#7476=CARTESIAN_POINT('Ctrl Pts',(-69.845095178363,0.2,-81.3301799230887));
#7477=CARTESIAN_POINT('Ctrl Pts',(-69.7510919395768,0.2,-81.3936321092693));
#7478=CARTESIAN_POINT('Origin',(-69.7346413727893,0.,-80.1880405718367));
#7479=CARTESIAN_POINT('',(-69.7346413727893,0.,-80.1880405718367));
#7480=CARTESIAN_POINT('',(-70.7663269184675,0.,-78.9260470911323));
#7481=CARTESIAN_POINT('',(-72.6998328427026,0.,-76.5609156986169));
#7482=CARTESIAN_POINT('',(-69.7346413727893,0.2,-80.1880405718367));
#7483=CARTESIAN_POINT('',(-69.7346413727893,0.,-80.1880405718367));
#7484=CARTESIAN_POINT('',(-70.7663269184675,0.2,-78.9260470911323));
#7485=CARTESIAN_POINT('',(-69.7346413727893,0.2,-80.1880405718367));
#7486=CARTESIAN_POINT('',(-70.7663269184675,0.,-78.9260470911323));
#7487=CARTESIAN_POINT('Ctrl Pts',(-70.3362621010208,0.,-81.0387698828515));
#7488=CARTESIAN_POINT('Ctrl Pts',(-70.3362621010208,0.2,-81.0387698828515));
#7489=CARTESIAN_POINT('Ctrl Pts',(-70.3362621010208,0.,-80.7215089519482));
#7490=CARTESIAN_POINT('Ctrl Pts',(-70.3362621010208,0.2,-80.7215089519482));
#7491=CARTESIAN_POINT('Ctrl Pts',(-70.0119509272085,0.,-80.2914441345014));
#7492=CARTESIAN_POINT('Ctrl Pts',(-70.0119509272085,0.2,-80.2914441345014));
#7493=CARTESIAN_POINT('Ctrl Pts',(-69.7346413727893,0.,-80.1880405718367));
#7494=CARTESIAN_POINT('Ctrl Pts',(-69.7346413727893,0.2,-80.1880405718367));
#7495=CARTESIAN_POINT('',(-70.3362621010208,0.,-81.0387698828515));
#7496=CARTESIAN_POINT('Ctrl Pts',(-70.3362621010208,0.,-81.0387698828515));
#7497=CARTESIAN_POINT('Ctrl Pts',(-70.3362621010208,0.,-80.7215089519482));
#7498=CARTESIAN_POINT('Ctrl Pts',(-70.0119509272085,0.,-80.2914441345014));
#7499=CARTESIAN_POINT('Ctrl Pts',(-69.7346413727893,0.,-80.1880405718367));
#7500=CARTESIAN_POINT('',(-70.3362621010208,0.2,-81.0387698828515));
#7501=CARTESIAN_POINT('',(-70.3362621010208,0.,-81.0387698828515));
#7502=CARTESIAN_POINT('Ctrl Pts',(-70.3362621010208,0.2,-81.0387698828515));
#7503=CARTESIAN_POINT('Ctrl Pts',(-70.3362621010208,0.2,-80.7215089519482));
#7504=CARTESIAN_POINT('Ctrl Pts',(-70.0119509272085,0.2,-80.2914441345014));
#7505=CARTESIAN_POINT('Ctrl Pts',(-69.7346413727893,0.2,-80.1880405718367));
#7506=CARTESIAN_POINT('Ctrl Pts',(-70.0072507652692,0.,-81.6732917446582));
#7507=CARTESIAN_POINT('Ctrl Pts',(-70.0072507652692,0.2,-81.6732917446582));
#7508=CARTESIAN_POINT('Ctrl Pts',(-70.1600060282967,0.,-81.5745883439327));
#7509=CARTESIAN_POINT('Ctrl Pts',(-70.1600060282967,0.2,-81.5745883439327));
#7510=CARTESIAN_POINT('Ctrl Pts',(-70.3362621010208,0.,-81.266727736908));
#7511=CARTESIAN_POINT('Ctrl Pts',(-70.3362621010208,0.2,-81.266727736908));
#7512=CARTESIAN_POINT('Ctrl Pts',(-70.3362621010208,0.,-81.0387698828515));
#7513=CARTESIAN_POINT('Ctrl Pts',(-70.3362621010208,0.2,-81.0387698828515));
#7514=CARTESIAN_POINT('',(-70.0072507652692,0.,-81.6732917446582));
#7515=CARTESIAN_POINT('Ctrl Pts',(-70.0072507652692,0.,-81.6732917446582));
#7516=CARTESIAN_POINT('Ctrl Pts',(-70.1600060282967,0.,-81.5745883439327));
#7517=CARTESIAN_POINT('Ctrl Pts',(-70.3362621010208,0.,-81.266727736908));
#7518=CARTESIAN_POINT('Ctrl Pts',(-70.3362621010208,0.,-81.0387698828515));
#7519=CARTESIAN_POINT('',(-70.0072507652692,0.2,-81.6732917446582));
#7520=CARTESIAN_POINT('',(-70.0072507652692,0.,-81.6732917446582));
#7521=CARTESIAN_POINT('Ctrl Pts',(-70.0072507652692,0.2,-81.6732917446582));
#7522=CARTESIAN_POINT('Ctrl Pts',(-70.1600060282967,0.2,-81.5745883439327));
#7523=CARTESIAN_POINT('Ctrl Pts',(-70.3362621010208,0.2,-81.266727736908));
#7524=CARTESIAN_POINT('Ctrl Pts',(-70.3362621010208,0.2,-81.0387698828515));
#7525=CARTESIAN_POINT('Ctrl Pts',(-69.2693253407977,0.,-81.8260470076858));
#7526=CARTESIAN_POINT('Ctrl Pts',(-69.2693253407977,0.2,-81.8260470076858));
#7527=CARTESIAN_POINT('Ctrl Pts',(-69.5184339235811,0.,-81.8260470076858));
#7528=CARTESIAN_POINT('Ctrl Pts',(-69.5184339235811,0.2,-81.8260470076858));
#7529=CARTESIAN_POINT('Ctrl Pts',(-69.8544955022416,0.,-81.7719951453837));
#7530=CARTESIAN_POINT('Ctrl Pts',(-69.8544955022416,0.2,-81.7719951453837));
#7531=CARTESIAN_POINT('Ctrl Pts',(-70.0072507652692,0.,-81.6732917446582));
#7532=CARTESIAN_POINT('Ctrl Pts',(-70.0072507652692,0.2,-81.6732917446582));
#7533=CARTESIAN_POINT('',(-69.2693253407977,0.,-81.8260470076858));
#7534=CARTESIAN_POINT('Ctrl Pts',(-69.2693253407977,0.,-81.8260470076858));
#7535=CARTESIAN_POINT('Ctrl Pts',(-69.5184339235811,0.,-81.8260470076858));
#7536=CARTESIAN_POINT('Ctrl Pts',(-69.8544955022416,0.,-81.7719951453837));
#7537=CARTESIAN_POINT('Ctrl Pts',(-70.0072507652692,0.,-81.6732917446582));
#7538=CARTESIAN_POINT('',(-69.2693253407977,0.2,-81.8260470076858));
#7539=CARTESIAN_POINT('',(-69.2693253407977,0.,-81.8260470076858));
#7540=CARTESIAN_POINT('Ctrl Pts',(-69.2693253407977,0.2,-81.8260470076858));
#7541=CARTESIAN_POINT('Ctrl Pts',(-69.5184339235811,0.2,-81.8260470076858));
#7542=CARTESIAN_POINT('Ctrl Pts',(-69.8544955022416,0.2,-81.7719951453837));
#7543=CARTESIAN_POINT('Ctrl Pts',(-70.0072507652692,0.2,-81.6732917446582));
#7544=CARTESIAN_POINT('Origin',(-68.5219995924476,0.,-81.8260470076858));
#7545=CARTESIAN_POINT('',(-68.5219995924476,0.,-81.8260470076858));
#7546=CARTESIAN_POINT('',(-57.7609997962238,0.,-81.8260470076858));
#7547=CARTESIAN_POINT('',(-68.5219995924476,0.2,-81.8260470076858));
#7548=CARTESIAN_POINT('',(-68.5219995924476,0.,-81.8260470076858));
#7549=CARTESIAN_POINT('',(-68.5219995924476,0.2,-81.8260470076858));
#7550=CARTESIAN_POINT('Origin',(-68.5219995924476,0.,-78.9260470911323));
#7551=CARTESIAN_POINT('',(-68.5219995924476,0.,-78.9260470911323));
#7552=CARTESIAN_POINT('',(-68.5219995924476,0.,-64.2130235455661));
#7553=CARTESIAN_POINT('',(-68.5219995924476,0.2,-78.9260470911323));
#7554=CARTESIAN_POINT('',(-68.5219995924476,0.,-78.9260470911323));
#7555=CARTESIAN_POINT('',(-68.5219995924476,0.2,-78.9260470911323));
#7556=CARTESIAN_POINT('Origin',(-68.9074128714709,0.,-78.9260470911323));
#7557=CARTESIAN_POINT('',(-68.9074128714709,0.,-78.9260470911323));
#7558=CARTESIAN_POINT('',(-57.9537064357355,0.,-78.9260470911323));
#7559=CARTESIAN_POINT('',(-68.9074128714709,0.2,-78.9260470911323));
#7560=CARTESIAN_POINT('',(-68.9074128714709,0.,-78.9260470911323));
#7561=CARTESIAN_POINT('',(-68.9074128714709,0.2,-78.9260470911323));
#7562=CARTESIAN_POINT('Origin',(-68.9074128714709,0.,-80.0799368472325));
#7563=CARTESIAN_POINT('',(-68.9074128714709,0.,-80.0799368472325));
#7564=CARTESIAN_POINT('',(-68.9074128714709,0.,-64.7899684236163));
#7565=CARTESIAN_POINT('',(-68.9074128714709,0.2,-80.0799368472325));
#7566=CARTESIAN_POINT('',(-68.9074128714709,0.,-80.0799368472325));
#7567=CARTESIAN_POINT('',(-68.9074128714709,0.2,-80.0799368472325));
#7568=CARTESIAN_POINT('Origin',(-69.3492280937659,0.,-80.0799368472325));
#7569=CARTESIAN_POINT('',(-69.3492280937659,0.,-80.0799368472325));
#7570=CARTESIAN_POINT('',(-58.174614046883,0.,-80.0799368472325));
#7571=CARTESIAN_POINT('',(-69.3492280937659,0.2,-80.0799368472325));
#7572=CARTESIAN_POINT('',(-69.3492280937659,0.,-80.0799368472325));
#7573=CARTESIAN_POINT('',(-69.3492280937659,0.2,-80.0799368472325));
#7574=CARTESIAN_POINT('Origin',(-70.2657596719311,0.,-78.9260470911323));
#7575=CARTESIAN_POINT('',(-70.2657596719311,0.,-78.9260470911323));
#7576=CARTESIAN_POINT('',(-72.9312899383736,0.,-75.5702128326112));
#7577=CARTESIAN_POINT('',(-70.2657596719311,0.2,-78.9260470911323));
#7578=CARTESIAN_POINT('',(-70.2657596719311,0.,-78.9260470911323));
#7579=CARTESIAN_POINT('',(-70.2657596719311,0.2,-78.9260470911323));
#7580=CARTESIAN_POINT('Origin',(-70.7663269184675,0.,-78.9260470911323));
#7581=CARTESIAN_POINT('',(-58.8831634592338,0.,-78.9260470911323));
#7582=CARTESIAN_POINT('',(-70.7663269184675,0.2,-78.9260470911323));
#7583=CARTESIAN_POINT('Origin',(-69.3900069943292,0.2,-80.1582820576153));
#7584=CARTESIAN_POINT('Origin',(-65.9815620642512,0.,-79.2691589127018));
#7585=CARTESIAN_POINT('',(-65.9815620642512,0.,-79.2691589127018));
#7586=CARTESIAN_POINT('',(-65.9815620642512,0.,-78.9260470911323));
#7587=CARTESIAN_POINT('',(-65.9815620642512,0.,-64.3845794563509));
#7588=CARTESIAN_POINT('',(-65.9815620642512,0.2,-79.2691589127018));
#7589=CARTESIAN_POINT('',(-65.9815620642512,0.,-79.2691589127018));
#7590=CARTESIAN_POINT('',(-65.9815620642512,0.2,-78.9260470911323));
#7591=CARTESIAN_POINT('',(-65.9815620642512,0.2,-79.2691589127018));
#7592=CARTESIAN_POINT('',(-65.9815620642512,0.,-78.9260470911323));
#7593=CARTESIAN_POINT('Origin',(-64.6866674499717,0.,-79.2691589127018));
#7594=CARTESIAN_POINT('',(-64.6866674499717,0.,-79.2691589127018));
#7595=CARTESIAN_POINT('',(-55.8433337249858,0.,-79.2691589127018));
#7596=CARTESIAN_POINT('',(-64.6866674499717,0.2,-79.2691589127018));
#7597=CARTESIAN_POINT('',(-64.6866674499717,0.,-79.2691589127018));
#7598=CARTESIAN_POINT('',(-64.6866674499717,0.2,-79.2691589127018));
#7599=CARTESIAN_POINT('Origin',(-64.6866674499717,0.,-81.8260470076858));
#7600=CARTESIAN_POINT('',(-64.6866674499717,0.,-81.8260470076858));
#7601=CARTESIAN_POINT('',(-64.6866674499717,0.,-65.6630235038429));
#7602=CARTESIAN_POINT('',(-64.6866674499717,0.2,-81.8260470076858));
#7603=CARTESIAN_POINT('',(-64.6866674499717,0.,-81.8260470076858));
#7604=CARTESIAN_POINT('',(-64.6866674499717,0.2,-81.8260470076858));
#7605=CARTESIAN_POINT('Origin',(-64.3012541709483,0.,-81.8260470076858));
#7606=CARTESIAN_POINT('',(-64.3012541709483,0.,-81.8260470076858));
#7607=CARTESIAN_POINT('',(-55.6506270854742,0.,-81.8260470076858));
#7608=CARTESIAN_POINT('',(-64.3012541709483,0.2,-81.8260470076858));
#7609=CARTESIAN_POINT('',(-64.3012541709483,0.,-81.8260470076858));
#7610=CARTESIAN_POINT('',(-64.3012541709483,0.2,-81.8260470076858));
#7611=CARTESIAN_POINT('Origin',(-64.3012541709483,0.,-78.9260470911323));
#7612=CARTESIAN_POINT('',(-64.3012541709483,0.,-78.9260470911323));
#7613=CARTESIAN_POINT('',(-64.3012541709483,0.,-64.2130235455661));
#7614=CARTESIAN_POINT('',(-64.3012541709483,0.2,-78.9260470911323));
#7615=CARTESIAN_POINT('',(-64.3012541709483,0.,-78.9260470911323));
#7616=CARTESIAN_POINT('',(-64.3012541709483,0.2,-78.9260470911323));
#7617=CARTESIAN_POINT('Origin',(-65.9815620642512,0.,-78.9260470911323));
#7618=CARTESIAN_POINT('',(-56.4907810321256,0.,-78.9260470911323));
#7619=CARTESIAN_POINT('',(-65.9815620642512,0.2,-78.9260470911323));
#7620=CARTESIAN_POINT('Origin',(-64.7799803750815,0.2,-80.0146193068908));
#7621=CARTESIAN_POINT('Origin',(-55.7540096843154,0.,-78.9260470911323));
#7622=CARTESIAN_POINT('',(-55.7540096843154,0.,-78.9260470911323));
#7623=CARTESIAN_POINT('',(-55.3685964052921,0.,-78.9260470911323));
#7624=CARTESIAN_POINT('',(-51.3770048421577,0.,-78.9260470911323));
#7625=CARTESIAN_POINT('',(-55.7540096843154,0.2,-78.9260470911323));
#7626=CARTESIAN_POINT('',(-55.7540096843154,0.,-78.9260470911323));
#7627=CARTESIAN_POINT('',(-55.3685964052921,0.2,-78.9260470911323));
#7628=CARTESIAN_POINT('',(-55.7540096843154,0.2,-78.9260470911323));
#7629=CARTESIAN_POINT('',(-55.3685964052921,0.,-78.9260470911323));
#7630=CARTESIAN_POINT('Origin',(-55.7540096843154,0.,-81.4829351861162));
#7631=CARTESIAN_POINT('',(-55.7540096843154,0.,-81.4829351861162));
#7632=CARTESIAN_POINT('',(-55.7540096843154,0.,-65.4914675930581));
#7633=CARTESIAN_POINT('',(-55.7540096843154,0.2,-81.4829351861162));
#7634=CARTESIAN_POINT('',(-55.7540096843154,0.,-81.4829351861162));
#7635=CARTESIAN_POINT('',(-55.7540096843154,0.2,-81.4829351861162));
#7636=CARTESIAN_POINT('Origin',(-56.7269432057523,0.,-81.4829351861162));
#7637=CARTESIAN_POINT('',(-56.7269432057523,0.,-81.4829351861162));
#7638=CARTESIAN_POINT('',(-51.8634716028762,0.,-81.4829351861162));
#7639=CARTESIAN_POINT('',(-56.7269432057523,0.2,-81.4829351861162));
#7640=CARTESIAN_POINT('',(-56.7269432057523,0.,-81.4829351861162));
#7641=CARTESIAN_POINT('',(-56.7269432057523,0.2,-81.4829351861162));
#7642=CARTESIAN_POINT('Origin',(-56.7269432057523,0.,-81.8260470076858));
#7643=CARTESIAN_POINT('',(-56.7269432057523,0.,-81.8260470076858));
#7644=CARTESIAN_POINT('',(-56.7269432057523,0.,-65.6630235038429));
#7645=CARTESIAN_POINT('',(-56.7269432057523,0.2,-81.8260470076858));
#7646=CARTESIAN_POINT('',(-56.7269432057523,0.,-81.8260470076858));
#7647=CARTESIAN_POINT('',(-56.7269432057523,0.2,-81.8260470076858));
#7648=CARTESIAN_POINT('Origin',(-54.3956628838552,0.,-81.8260470076858));
#7649=CARTESIAN_POINT('',(-54.3956628838552,0.,-81.8260470076858));
#7650=CARTESIAN_POINT('',(-50.6978314419276,0.,-81.8260470076858));
#7651=CARTESIAN_POINT('',(-54.3956628838552,0.2,-81.8260470076858));
#7652=CARTESIAN_POINT('',(-54.3956628838552,0.,-81.8260470076858));
#7653=CARTESIAN_POINT('',(-54.3956628838552,0.2,-81.8260470076858));
#7654=CARTESIAN_POINT('Origin',(-54.3956628838552,0.,-81.4829351861162));
#7655=CARTESIAN_POINT('',(-54.3956628838552,0.,-81.4829351861162));
#7656=CARTESIAN_POINT('',(-54.3956628838552,0.,-65.4914675930581));
#7657=CARTESIAN_POINT('',(-54.3956628838552,0.2,-81.4829351861162));
#7658=CARTESIAN_POINT('',(-54.3956628838552,0.,-81.4829351861162));
#7659=CARTESIAN_POINT('',(-54.3956628838552,0.2,-81.4829351861162));
#7660=CARTESIAN_POINT('Origin',(-55.3685964052921,0.,-81.4829351861162));
#7661=CARTESIAN_POINT('',(-55.3685964052921,0.,-81.4829351861162));
#7662=CARTESIAN_POINT('',(-51.184298202646,0.,-81.4829351861162));
#7663=CARTESIAN_POINT('',(-55.3685964052921,0.2,-81.4829351861162));
#7664=CARTESIAN_POINT('',(-55.3685964052921,0.,-81.4829351861162));
#7665=CARTESIAN_POINT('',(-55.3685964052921,0.2,-81.4829351861162));
#7666=CARTESIAN_POINT('Origin',(-55.3685964052921,0.,-78.9260470911323));
#7667=CARTESIAN_POINT('',(-55.3685964052921,0.,-64.2130235455661));
#7668=CARTESIAN_POINT('',(-55.3685964052921,0.2,-78.9260470911323));
#7669=CARTESIAN_POINT('Origin',(-55.5613030448037,0.2,-80.8515868837861));
#7670=CARTESIAN_POINT('Ctrl Pts',(-48.4617084354779,0.,-78.9589482247074));
#7671=CARTESIAN_POINT('Ctrl Pts',(-48.4617084354779,0.2,-78.9589482247074));
#7672=CARTESIAN_POINT('Ctrl Pts',(-48.3348040631165,0.,-78.9166467672536));
#7673=CARTESIAN_POINT('Ctrl Pts',(-48.3348040631165,0.2,-78.9166467672536));
#7674=CARTESIAN_POINT('Ctrl Pts',(-48.1185966139083,0.,-78.8743453097999));
#7675=CARTESIAN_POINT('Ctrl Pts',(-48.1185966139083,0.2,-78.8743453097999));
#7676=CARTESIAN_POINT('Ctrl Pts',(-47.9446906221539,0.,-78.8743453097999));
#7677=CARTESIAN_POINT('Ctrl Pts',(-47.9446906221539,0.2,-78.8743453097999));
#7678=CARTESIAN_POINT('',(-48.4617084354779,0.,-78.9589482247074));
#7679=CARTESIAN_POINT('',(-47.9446906221539,0.,-78.8743453097999));
#7680=CARTESIAN_POINT('Ctrl Pts',(-48.4617084354779,0.,-78.9589482247074));
#7681=CARTESIAN_POINT('Ctrl Pts',(-48.3348040631165,0.,-78.9166467672536));
#7682=CARTESIAN_POINT('Ctrl Pts',(-48.1185966139083,0.,-78.8743453097999));
#7683=CARTESIAN_POINT('Ctrl Pts',(-47.9446906221539,0.,-78.8743453097999));
#7684=CARTESIAN_POINT('',(-48.4617084354779,0.2,-78.9589482247074));
#7685=CARTESIAN_POINT('',(-48.4617084354779,0.,-78.9589482247074));
#7686=CARTESIAN_POINT('',(-47.9446906221539,0.2,-78.8743453097999));
#7687=CARTESIAN_POINT('Ctrl Pts',(-48.4617084354779,0.2,-78.9589482247074));
#7688=CARTESIAN_POINT('Ctrl Pts',(-48.3348040631165,0.2,-78.9166467672536));
#7689=CARTESIAN_POINT('Ctrl Pts',(-48.1185966139083,0.2,-78.8743453097999));
#7690=CARTESIAN_POINT('Ctrl Pts',(-47.9446906221539,0.2,-78.8743453097999));
#7691=CARTESIAN_POINT('',(-47.9446906221539,0.,-78.8743453097999));
#7692=CARTESIAN_POINT('Ctrl Pts',(-48.8471217145012,0.,-79.1234538925832));
#7693=CARTESIAN_POINT('Ctrl Pts',(-48.8471217145012,0.2,-79.1234538925832));
#7694=CARTESIAN_POINT('Ctrl Pts',(-48.7507683947454,0.,-79.0788023541598));
#7695=CARTESIAN_POINT('Ctrl Pts',(-48.7507683947454,0.2,-79.0788023541598));
#7696=CARTESIAN_POINT('Ctrl Pts',(-48.5815625649302,0.,-78.9965495202219));
#7697=CARTESIAN_POINT('Ctrl Pts',(-48.5815625649302,0.2,-78.9965495202219));
#7698=CARTESIAN_POINT('Ctrl Pts',(-48.4617084354779,0.,-78.9589482247074));
#7699=CARTESIAN_POINT('Ctrl Pts',(-48.4617084354779,0.2,-78.9589482247074));
#7700=CARTESIAN_POINT('',(-48.8471217145012,0.,-79.1234538925832));
#7701=CARTESIAN_POINT('Ctrl Pts',(-48.8471217145012,0.,-79.1234538925832));
#7702=CARTESIAN_POINT('Ctrl Pts',(-48.7507683947454,0.,-79.0788023541598));
#7703=CARTESIAN_POINT('Ctrl Pts',(-48.5815625649302,0.,-78.9965495202219));
#7704=CARTESIAN_POINT('Ctrl Pts',(-48.4617084354779,0.,-78.9589482247074));
#7705=CARTESIAN_POINT('',(-48.8471217145012,0.2,-79.1234538925832));
#7706=CARTESIAN_POINT('',(-48.8471217145012,0.,-79.1234538925832));
#7707=CARTESIAN_POINT('Ctrl Pts',(-48.8471217145012,0.2,-79.1234538925832));
#7708=CARTESIAN_POINT('Ctrl Pts',(-48.7507683947454,0.2,-79.0788023541598));
#7709=CARTESIAN_POINT('Ctrl Pts',(-48.5815625649302,0.2,-78.9965495202219));
#7710=CARTESIAN_POINT('Ctrl Pts',(-48.4617084354779,0.2,-78.9589482247074));
#7711=CARTESIAN_POINT('Origin',(-48.8471217145012,0.,-79.5840697626355));
#7712=CARTESIAN_POINT('',(-48.8471217145012,0.,-79.5840697626355));
#7713=CARTESIAN_POINT('',(-48.8471217145012,0.,-64.5420348813177));
#7714=CARTESIAN_POINT('',(-48.8471217145012,0.2,-79.5840697626355));
#7715=CARTESIAN_POINT('',(-48.8471217145012,0.,-79.5840697626355));
#7716=CARTESIAN_POINT('',(-48.8471217145012,0.2,-79.5840697626355));
#7717=CARTESIAN_POINT('Origin',(-48.8189207428653,0.,-79.5840697626355));
#7718=CARTESIAN_POINT('',(-48.8189207428653,0.,-79.5840697626355));
#7719=CARTESIAN_POINT('',(-47.9094603714327,0.,-79.5840697626355));
#7720=CARTESIAN_POINT('',(-48.8189207428653,0.2,-79.5840697626355));
#7721=CARTESIAN_POINT('',(-48.8189207428653,0.,-79.5840697626355));
#7722=CARTESIAN_POINT('',(-48.8189207428653,0.2,-79.5840697626355));
#7723=CARTESIAN_POINT('Ctrl Pts',(-48.5110601358406,0.,-79.3514117466397));
#7724=CARTESIAN_POINT('Ctrl Pts',(-48.5110601358406,0.2,-79.3514117466397));
#7725=CARTESIAN_POINT('Ctrl Pts',(-48.6168137794751,0.,-79.4125138518507));
#7726=CARTESIAN_POINT('Ctrl Pts',(-48.6168137794751,0.2,-79.4125138518507));
#7727=CARTESIAN_POINT('Ctrl Pts',(-48.7742692044419,0.,-79.539418224212));
#7728=CARTESIAN_POINT('Ctrl Pts',(-48.7742692044419,0.2,-79.539418224212));
#7729=CARTESIAN_POINT('Ctrl Pts',(-48.8189207428653,0.,-79.5840697626355));
#7730=CARTESIAN_POINT('Ctrl Pts',(-48.8189207428653,0.2,-79.5840697626355));
#7731=CARTESIAN_POINT('',(-48.5110601358406,0.,-79.3514117466397));
#7732=CARTESIAN_POINT('Ctrl Pts',(-48.5110601358406,0.,-79.3514117466397));
#7733=CARTESIAN_POINT('Ctrl Pts',(-48.6168137794751,0.,-79.4125138518507));
#7734=CARTESIAN_POINT('Ctrl Pts',(-48.7742692044419,0.,-79.539418224212));
#7735=CARTESIAN_POINT('Ctrl Pts',(-48.8189207428653,0.,-79.5840697626355));
#7736=CARTESIAN_POINT('',(-48.5110601358406,0.2,-79.3514117466397));
#7737=CARTESIAN_POINT('',(-48.5110601358406,0.,-79.3514117466397));
#7738=CARTESIAN_POINT('Ctrl Pts',(-48.5110601358406,0.2,-79.3514117466397));
#7739=CARTESIAN_POINT('Ctrl Pts',(-48.6168137794751,0.2,-79.4125138518507));
#7740=CARTESIAN_POINT('Ctrl Pts',(-48.7742692044419,0.2,-79.539418224212));
#7741=CARTESIAN_POINT('Ctrl Pts',(-48.8189207428653,0.2,-79.5840697626355));
#7742=CARTESIAN_POINT('Ctrl Pts',(-47.9493907840932,0.,-79.2080568074908));
#7743=CARTESIAN_POINT('Ctrl Pts',(-47.9493907840932,0.2,-79.2080568074908));
#7744=CARTESIAN_POINT('Ctrl Pts',(-48.1162465329387,0.,-79.2080568074908));
#7745=CARTESIAN_POINT('Ctrl Pts',(-48.1162465329387,0.2,-79.2080568074908));
#7746=CARTESIAN_POINT('Ctrl Pts',(-48.4006063302668,0.,-79.2903096414287));
#7747=CARTESIAN_POINT('Ctrl Pts',(-48.4006063302668,0.2,-79.2903096414287));
#7748=CARTESIAN_POINT('Ctrl Pts',(-48.5110601358406,0.,-79.3514117466397));
#7749=CARTESIAN_POINT('Ctrl Pts',(-48.5110601358406,0.2,-79.3514117466397));
#7750=CARTESIAN_POINT('',(-47.9493907840932,0.,-79.2080568074908));
#7751=CARTESIAN_POINT('Ctrl Pts',(-47.9493907840932,0.,-79.2080568074908));
#7752=CARTESIAN_POINT('Ctrl Pts',(-48.1162465329387,0.,-79.2080568074908));
#7753=CARTESIAN_POINT('Ctrl Pts',(-48.4006063302668,0.,-79.2903096414287));
#7754=CARTESIAN_POINT('Ctrl Pts',(-48.5110601358406,0.,-79.3514117466397));
#7755=CARTESIAN_POINT('',(-47.9493907840932,0.2,-79.2080568074908));
#7756=CARTESIAN_POINT('',(-47.9493907840932,0.,-79.2080568074908));
#7757=CARTESIAN_POINT('Ctrl Pts',(-47.9493907840932,0.2,-79.2080568074908));
#7758=CARTESIAN_POINT('Ctrl Pts',(-48.1162465329387,0.2,-79.2080568074908));
#7759=CARTESIAN_POINT('Ctrl Pts',(-48.4006063302668,0.2,-79.2903096414287));
#7760=CARTESIAN_POINT('Ctrl Pts',(-48.5110601358406,0.2,-79.3514117466397));
#7761=CARTESIAN_POINT('Ctrl Pts',(-47.3172190032562,0.,-79.4971167667583));
#7762=CARTESIAN_POINT('Ctrl Pts',(-47.3172190032562,0.2,-79.4971167667583));
#7763=CARTESIAN_POINT('Ctrl Pts',(-47.4394232136782,0.,-79.3537618276093));
#7764=CARTESIAN_POINT('Ctrl Pts',(-47.4394232136782,0.2,-79.3537618276093));
#7765=CARTESIAN_POINT('Ctrl Pts',(-47.7660844684602,0.,-79.2080568074908));
#7766=CARTESIAN_POINT('Ctrl Pts',(-47.7660844684602,0.2,-79.2080568074908));
#7767=CARTESIAN_POINT('Ctrl Pts',(-47.9493907840932,0.,-79.2080568074908));
#7768=CARTESIAN_POINT('Ctrl Pts',(-47.9493907840932,0.2,-79.2080568074908));
#7769=CARTESIAN_POINT('',(-47.3172190032562,0.,-79.4971167667583));
#7770=CARTESIAN_POINT('Ctrl Pts',(-47.3172190032562,0.,-79.4971167667583));
#7771=CARTESIAN_POINT('Ctrl Pts',(-47.4394232136782,0.,-79.3537618276093));
#7772=CARTESIAN_POINT('Ctrl Pts',(-47.7660844684602,0.,-79.2080568074908));
#7773=CARTESIAN_POINT('Ctrl Pts',(-47.9493907840932,0.,-79.2080568074908));
#7774=CARTESIAN_POINT('',(-47.3172190032562,0.2,-79.4971167667583));
#7775=CARTESIAN_POINT('',(-47.3172190032562,0.,-79.4971167667583));
#7776=CARTESIAN_POINT('Ctrl Pts',(-47.3172190032562,0.2,-79.4971167667583));
#7777=CARTESIAN_POINT('Ctrl Pts',(-47.4394232136782,0.2,-79.3537618276093));
#7778=CARTESIAN_POINT('Ctrl Pts',(-47.7660844684602,0.2,-79.2080568074908));
#7779=CARTESIAN_POINT('Ctrl Pts',(-47.9493907840932,0.2,-79.2080568074908));
#7780=CARTESIAN_POINT('Ctrl Pts',(-47.0493097727156,0.,-80.3736969684394));
#7781=CARTESIAN_POINT('Ctrl Pts',(-47.0493097727156,0.2,-80.3736969684394));
#7782=CARTESIAN_POINT('Ctrl Pts',(-47.0493097727156,0.,-80.0752366852932));
#7783=CARTESIAN_POINT('Ctrl Pts',(-47.0493097727156,0.2,-80.0752366852932));
#7784=CARTESIAN_POINT('Ctrl Pts',(-47.1926647118645,0.,-79.6451718678465));
#7785=CARTESIAN_POINT('Ctrl Pts',(-47.1926647118645,0.2,-79.6451718678465));
#7786=CARTESIAN_POINT('Ctrl Pts',(-47.3172190032562,0.,-79.4971167667583));
#7787=CARTESIAN_POINT('Ctrl Pts',(-47.3172190032562,0.2,-79.4971167667583));
#7788=CARTESIAN_POINT('',(-47.0493097727156,0.,-80.3736969684393));
#7789=CARTESIAN_POINT('Ctrl Pts',(-47.0493097727156,0.,-80.3736969684394));
#7790=CARTESIAN_POINT('Ctrl Pts',(-47.0493097727156,0.,-80.0752366852932));
#7791=CARTESIAN_POINT('Ctrl Pts',(-47.1926647118645,0.,-79.6451718678465));
#7792=CARTESIAN_POINT('Ctrl Pts',(-47.3172190032562,0.,-79.4971167667583));
#7793=CARTESIAN_POINT('',(-47.0493097727156,0.2,-80.3736969684393));
#7794=CARTESIAN_POINT('',(-47.0493097727156,0.,-80.3736969684393));
#7795=CARTESIAN_POINT('Ctrl Pts',(-47.0493097727156,0.2,-80.3736969684394));
#7796=CARTESIAN_POINT('Ctrl Pts',(-47.0493097727156,0.2,-80.0752366852932));
#7797=CARTESIAN_POINT('Ctrl Pts',(-47.1926647118645,0.2,-79.6451718678465));
#7798=CARTESIAN_POINT('Ctrl Pts',(-47.3172190032562,0.2,-79.4971167667583));
#7799=CARTESIAN_POINT('Ctrl Pts',(-47.3078186793776,0.,-81.2502771701204));
#7800=CARTESIAN_POINT('Ctrl Pts',(-47.3078186793776,0.2,-81.2502771701204));
#7801=CARTESIAN_POINT('Ctrl Pts',(-47.1856144689555,0.,-81.1022220690322));
#7802=CARTESIAN_POINT('Ctrl Pts',(-47.1856144689555,0.2,-81.1022220690322));
#7803=CARTESIAN_POINT('Ctrl Pts',(-47.0493097727156,0.,-80.6533566038282));
#7804=CARTESIAN_POINT('Ctrl Pts',(-47.0493097727156,0.2,-80.6533566038282));
#7805=CARTESIAN_POINT('Ctrl Pts',(-47.0493097727156,0.,-80.3736969684394));
#7806=CARTESIAN_POINT('Ctrl Pts',(-47.0493097727156,0.2,-80.3736969684394));
#7807=CARTESIAN_POINT('',(-47.3078186793776,0.,-81.2502771701204));
#7808=CARTESIAN_POINT('Ctrl Pts',(-47.3078186793776,0.,-81.2502771701204));
#7809=CARTESIAN_POINT('Ctrl Pts',(-47.1856144689555,0.,-81.1022220690322));
#7810=CARTESIAN_POINT('Ctrl Pts',(-47.0493097727156,0.,-80.6533566038282));
#7811=CARTESIAN_POINT('Ctrl Pts',(-47.0493097727156,0.,-80.3736969684394));
#7812=CARTESIAN_POINT('',(-47.3078186793776,0.2,-81.2502771701204));
#7813=CARTESIAN_POINT('',(-47.3078186793776,0.,-81.2502771701204));
#7814=CARTESIAN_POINT('Ctrl Pts',(-47.3078186793776,0.2,-81.2502771701204));
#7815=CARTESIAN_POINT('Ctrl Pts',(-47.1856144689555,0.2,-81.1022220690322));
#7816=CARTESIAN_POINT('Ctrl Pts',(-47.0493097727156,0.2,-80.6533566038282));
#7817=CARTESIAN_POINT('Ctrl Pts',(-47.0493097727156,0.2,-80.3736969684394));
#7818=CARTESIAN_POINT('Ctrl Pts',(-47.9493907840932,0.,-81.5487374532665));
#7819=CARTESIAN_POINT('Ctrl Pts',(-47.9493907840932,0.2,-81.5487374532665));
#7820=CARTESIAN_POINT('Ctrl Pts',(-47.7637343874905,0.,-81.5487374532665));
#7821=CARTESIAN_POINT('Ctrl Pts',(-47.7637343874905,0.2,-81.5487374532665));
#7822=CARTESIAN_POINT('Ctrl Pts',(-47.4323729707692,0.,-81.395982190239));
#7823=CARTESIAN_POINT('Ctrl Pts',(-47.4323729707692,0.2,-81.395982190239));
#7824=CARTESIAN_POINT('Ctrl Pts',(-47.3078186793776,0.,-81.2502771701204));
#7825=CARTESIAN_POINT('Ctrl Pts',(-47.3078186793776,0.2,-81.2502771701204));
#7826=CARTESIAN_POINT('',(-47.9493907840932,0.,-81.5487374532665));
#7827=CARTESIAN_POINT('Ctrl Pts',(-47.9493907840932,0.,-81.5487374532665));
#7828=CARTESIAN_POINT('Ctrl Pts',(-47.7637343874905,0.,-81.5487374532665));
#7829=CARTESIAN_POINT('Ctrl Pts',(-47.4323729707692,0.,-81.395982190239));
#7830=CARTESIAN_POINT('Ctrl Pts',(-47.3078186793776,0.,-81.2502771701204));
#7831=CARTESIAN_POINT('',(-47.9493907840932,0.2,-81.5487374532665));
#7832=CARTESIAN_POINT('',(-47.9493907840932,0.,-81.5487374532665));
#7833=CARTESIAN_POINT('Ctrl Pts',(-47.9493907840932,0.2,-81.5487374532665));
#7834=CARTESIAN_POINT('Ctrl Pts',(-47.7637343874905,0.2,-81.5487374532665));
#7835=CARTESIAN_POINT('Ctrl Pts',(-47.4323729707692,0.2,-81.395982190239));
#7836=CARTESIAN_POINT('Ctrl Pts',(-47.3078186793776,0.2,-81.2502771701204));
#7837=CARTESIAN_POINT('Ctrl Pts',(-48.4899094071137,0.,-81.4100826760569));
#7838=CARTESIAN_POINT('Ctrl Pts',(-48.4899094071137,0.2,-81.4100826760569));
#7839=CARTESIAN_POINT('Ctrl Pts',(-48.37945560154,0.,-81.4711847812679));
#7840=CARTESIAN_POINT('Ctrl Pts',(-48.37945560154,0.2,-81.4711847812679));
#7841=CARTESIAN_POINT('Ctrl Pts',(-48.1185966139083,0.,-81.5487374532665));
#7842=CARTESIAN_POINT('Ctrl Pts',(-48.1185966139083,0.2,-81.5487374532665));
#7843=CARTESIAN_POINT('Ctrl Pts',(-47.9493907840932,0.,-81.5487374532665));
#7844=CARTESIAN_POINT('Ctrl Pts',(-47.9493907840932,0.2,-81.5487374532665));
#7845=CARTESIAN_POINT('',(-48.4899094071137,0.,-81.4100826760569));
#7846=CARTESIAN_POINT('Ctrl Pts',(-48.4899094071137,0.,-81.4100826760569));
#7847=CARTESIAN_POINT('Ctrl Pts',(-48.37945560154,0.,-81.4711847812679));
#7848=CARTESIAN_POINT('Ctrl Pts',(-48.1185966139083,0.,-81.5487374532665));
#7849=CARTESIAN_POINT('Ctrl Pts',(-47.9493907840932,0.,-81.5487374532665));
#7850=CARTESIAN_POINT('',(-48.4899094071137,0.2,-81.4100826760569));
#7851=CARTESIAN_POINT('',(-48.4899094071137,0.,-81.4100826760569));
#7852=CARTESIAN_POINT('Ctrl Pts',(-48.4899094071137,0.2,-81.4100826760569));
#7853=CARTESIAN_POINT('Ctrl Pts',(-48.37945560154,0.2,-81.4711847812679));
#7854=CARTESIAN_POINT('Ctrl Pts',(-48.1185966139083,0.2,-81.5487374532665));
#7855=CARTESIAN_POINT('Ctrl Pts',(-47.9493907840932,0.2,-81.5487374532665));
#7856=CARTESIAN_POINT('Ctrl Pts',(-48.8165706618957,0.,-81.1680243361825));
#7857=CARTESIAN_POINT('Ctrl Pts',(-48.8165706618957,0.2,-81.1680243361825));
#7858=CARTESIAN_POINT('Ctrl Pts',(-48.7648688805633,0.,-81.2150259555756));
#7859=CARTESIAN_POINT('Ctrl Pts',(-48.7648688805633,0.2,-81.2150259555756));
#7860=CARTESIAN_POINT('Ctrl Pts',(-48.6050633746268,0.,-81.3466304898763));
#7861=CARTESIAN_POINT('Ctrl Pts',(-48.6050633746268,0.2,-81.3466304898763));
#7862=CARTESIAN_POINT('Ctrl Pts',(-48.4899094071137,0.,-81.4100826760569));
#7863=CARTESIAN_POINT('Ctrl Pts',(-48.4899094071137,0.2,-81.4100826760569));
#7864=CARTESIAN_POINT('',(-48.8165706618957,0.,-81.1680243361825));
#7865=CARTESIAN_POINT('Ctrl Pts',(-48.8165706618957,0.,-81.1680243361825));
#7866=CARTESIAN_POINT('Ctrl Pts',(-48.7648688805633,0.,-81.2150259555756));
#7867=CARTESIAN_POINT('Ctrl Pts',(-48.6050633746268,0.,-81.3466304898763));
#7868=CARTESIAN_POINT('Ctrl Pts',(-48.4899094071137,0.,-81.4100826760569));
#7869=CARTESIAN_POINT('',(-48.8165706618957,0.2,-81.1680243361825));
#7870=CARTESIAN_POINT('',(-48.8165706618957,0.,-81.1680243361825));
#7871=CARTESIAN_POINT('Ctrl Pts',(-48.8165706618957,0.2,-81.1680243361825));
#7872=CARTESIAN_POINT('Ctrl Pts',(-48.7648688805633,0.2,-81.2150259555756));
#7873=CARTESIAN_POINT('Ctrl Pts',(-48.6050633746268,0.2,-81.3466304898763));
#7874=CARTESIAN_POINT('Ctrl Pts',(-48.4899094071137,0.2,-81.4100826760569));
#7875=CARTESIAN_POINT('Origin',(-48.8471217145012,0.,-81.1680243361825));
#7876=CARTESIAN_POINT('',(-48.8471217145012,0.,-81.1680243361825));
#7877=CARTESIAN_POINT('',(-47.9235608572506,0.,-81.1680243361825));
#7878=CARTESIAN_POINT('',(-48.8471217145012,0.2,-81.1680243361825));
#7879=CARTESIAN_POINT('',(-48.8471217145012,0.,-81.1680243361825));
#7880=CARTESIAN_POINT('',(-48.8471217145012,0.2,-81.1680243361825));
#7881=CARTESIAN_POINT('Origin',(-48.8471217145012,0.,-81.6333403681741));
#7882=CARTESIAN_POINT('',(-48.8471217145012,0.,-81.6333403681741));
#7883=CARTESIAN_POINT('',(-48.8471217145012,0.,-65.566670184087));
#7884=CARTESIAN_POINT('',(-48.8471217145012,0.2,-81.6333403681741));
#7885=CARTESIAN_POINT('',(-48.8471217145012,0.,-81.6333403681741));
#7886=CARTESIAN_POINT('',(-48.8471217145012,0.2,-81.6333403681741));
#7887=CARTESIAN_POINT('Ctrl Pts',(-48.4617084354779,0.,-81.8025461979892));
#7888=CARTESIAN_POINT('Ctrl Pts',(-48.4617084354779,0.2,-81.8025461979892));
#7889=CARTESIAN_POINT('Ctrl Pts',(-48.555711674264,0.,-81.7719951453837));
#7890=CARTESIAN_POINT('Ctrl Pts',(-48.555711674264,0.2,-81.7719951453837));
#7891=CARTESIAN_POINT('Ctrl Pts',(-48.7507683947454,0.,-81.6850421495065));
#7892=CARTESIAN_POINT('Ctrl Pts',(-48.7507683947454,0.2,-81.6850421495065));
#7893=CARTESIAN_POINT('Ctrl Pts',(-48.8471217145012,0.,-81.6333403681741));
#7894=CARTESIAN_POINT('Ctrl Pts',(-48.8471217145012,0.2,-81.6333403681741));
#7895=CARTESIAN_POINT('',(-48.4617084354779,0.,-81.8025461979892));
#7896=CARTESIAN_POINT('Ctrl Pts',(-48.4617084354779,0.,-81.8025461979892));
#7897=CARTESIAN_POINT('Ctrl Pts',(-48.555711674264,0.,-81.7719951453837));
#7898=CARTESIAN_POINT('Ctrl Pts',(-48.7507683947454,0.,-81.6850421495065));
#7899=CARTESIAN_POINT('Ctrl Pts',(-48.8471217145012,0.,-81.6333403681741));
#7900=CARTESIAN_POINT('',(-48.4617084354779,0.2,-81.8025461979892));
#7901=CARTESIAN_POINT('',(-48.4617084354779,0.,-81.8025461979892));
#7902=CARTESIAN_POINT('Ctrl Pts',(-48.4617084354779,0.2,-81.8025461979892));
#7903=CARTESIAN_POINT('Ctrl Pts',(-48.555711674264,0.2,-81.7719951453837));
#7904=CARTESIAN_POINT('Ctrl Pts',(-48.7507683947454,0.2,-81.6850421495065));
#7905=CARTESIAN_POINT('Ctrl Pts',(-48.8471217145012,0.2,-81.6333403681741));
#7906=CARTESIAN_POINT('Ctrl Pts',(-47.9517408650629,0.,-81.8777487890181));
#7907=CARTESIAN_POINT('Ctrl Pts',(-47.9517408650629,0.2,-81.8777487890181));
#7908=CARTESIAN_POINT('Ctrl Pts',(-48.0974458851814,0.,-81.8777487890181));
#7909=CARTESIAN_POINT('Ctrl Pts',(-48.0974458851814,0.2,-81.8777487890181));
#7910=CARTESIAN_POINT('Ctrl Pts',(-48.3536047108738,0.,-81.8354473315644));
#7911=CARTESIAN_POINT('Ctrl Pts',(-48.3536047108738,0.2,-81.8354473315644));
#7912=CARTESIAN_POINT('Ctrl Pts',(-48.4617084354779,0.,-81.8025461979892));
#7913=CARTESIAN_POINT('Ctrl Pts',(-48.4617084354779,0.2,-81.8025461979892));
#7914=CARTESIAN_POINT('',(-47.9517408650629,0.,-81.8777487890181));
#7915=CARTESIAN_POINT('Ctrl Pts',(-47.9517408650629,0.,-81.8777487890181));
#7916=CARTESIAN_POINT('Ctrl Pts',(-48.0974458851814,0.,-81.8777487890181));
#7917=CARTESIAN_POINT('Ctrl Pts',(-48.3536047108738,0.,-81.8354473315644));
#7918=CARTESIAN_POINT('Ctrl Pts',(-48.4617084354779,0.,-81.8025461979892));
#7919=CARTESIAN_POINT('',(-47.9517408650629,0.2,-81.8777487890181));
#7920=CARTESIAN_POINT('',(-47.9517408650629,0.,-81.8777487890181));
#7921=CARTESIAN_POINT('Ctrl Pts',(-47.9517408650629,0.2,-81.8777487890181));
#7922=CARTESIAN_POINT('Ctrl Pts',(-48.0974458851814,0.2,-81.8777487890181));
#7923=CARTESIAN_POINT('Ctrl Pts',(-48.3536047108738,0.2,-81.8354473315644));
#7924=CARTESIAN_POINT('Ctrl Pts',(-48.4617084354779,0.2,-81.8025461979892));
#7925=CARTESIAN_POINT('Ctrl Pts',(-47.0093583962315,0.,-81.4782350241769));
#7926=CARTESIAN_POINT('Ctrl Pts',(-47.0093583962315,0.2,-81.4782350241769));
#7927=CARTESIAN_POINT('Ctrl Pts',(-47.1832643879859,0.,-81.6732917446582));
#7928=CARTESIAN_POINT('Ctrl Pts',(-47.1832643879859,0.2,-81.6732917446582));
#7929=CARTESIAN_POINT('Ctrl Pts',(-47.6579807438561,0.,-81.8777487890181));
#7930=CARTESIAN_POINT('Ctrl Pts',(-47.6579807438561,0.2,-81.8777487890181));
#7931=CARTESIAN_POINT('Ctrl Pts',(-47.9517408650629,0.,-81.8777487890181));
#7932=CARTESIAN_POINT('Ctrl Pts',(-47.9517408650629,0.2,-81.8777487890181));
#7933=CARTESIAN_POINT('',(-47.0093583962315,0.,-81.4782350241769));
#7934=CARTESIAN_POINT('Ctrl Pts',(-47.0093583962315,0.,-81.4782350241769));
#7935=CARTESIAN_POINT('Ctrl Pts',(-47.1832643879859,0.,-81.6732917446582));
#7936=CARTESIAN_POINT('Ctrl Pts',(-47.6579807438561,0.,-81.8777487890181));
#7937=CARTESIAN_POINT('Ctrl Pts',(-47.9517408650629,0.,-81.8777487890181));
#7938=CARTESIAN_POINT('',(-47.0093583962315,0.2,-81.4782350241769));
#7939=CARTESIAN_POINT('',(-47.0093583962315,0.,-81.4782350241769));
#7940=CARTESIAN_POINT('Ctrl Pts',(-47.0093583962315,0.2,-81.4782350241769));
#7941=CARTESIAN_POINT('Ctrl Pts',(-47.1832643879859,0.2,-81.6732917446582));
#7942=CARTESIAN_POINT('Ctrl Pts',(-47.6579807438561,0.2,-81.8777487890181));
#7943=CARTESIAN_POINT('Ctrl Pts',(-47.9517408650629,0.2,-81.8777487890181));
#7944=CARTESIAN_POINT('Ctrl Pts',(-46.6474459269047,0.,-80.3736969684394));
#7945=CARTESIAN_POINT('Ctrl Pts',(-46.6474459269047,0.2,-80.3736969684394));
#7946=CARTESIAN_POINT('Ctrl Pts',(-46.6474459269047,0.,-80.7379595187358));
#7947=CARTESIAN_POINT('Ctrl Pts',(-46.6474459269047,0.2,-80.7379595187358));
#7948=CARTESIAN_POINT('Ctrl Pts',(-46.8331023235074,0.,-81.2784781417563));
#7949=CARTESIAN_POINT('Ctrl Pts',(-46.8331023235074,0.2,-81.2784781417563));
#7950=CARTESIAN_POINT('Ctrl Pts',(-47.0093583962315,0.,-81.4782350241769));
#7951=CARTESIAN_POINT('Ctrl Pts',(-47.0093583962315,0.2,-81.4782350241769));
#7952=CARTESIAN_POINT('',(-46.6474459269047,0.,-80.3736969684394));
#7953=CARTESIAN_POINT('Ctrl Pts',(-46.6474459269047,0.,-80.3736969684394));
#7954=CARTESIAN_POINT('Ctrl Pts',(-46.6474459269047,0.,-80.7379595187358));
#7955=CARTESIAN_POINT('Ctrl Pts',(-46.8331023235074,0.,-81.2784781417563));
#7956=CARTESIAN_POINT('Ctrl Pts',(-47.0093583962315,0.,-81.4782350241769));
#7957=CARTESIAN_POINT('',(-46.6474459269047,0.2,-80.3736969684394));
#7958=CARTESIAN_POINT('',(-46.6474459269047,0.,-80.3736969684394));
#7959=CARTESIAN_POINT('Ctrl Pts',(-46.6474459269047,0.2,-80.3736969684394));
#7960=CARTESIAN_POINT('Ctrl Pts',(-46.6474459269047,0.2,-80.7379595187358));
#7961=CARTESIAN_POINT('Ctrl Pts',(-46.8331023235074,0.2,-81.2784781417563));
#7962=CARTESIAN_POINT('Ctrl Pts',(-47.0093583962315,0.2,-81.4782350241769));
#7963=CARTESIAN_POINT('Ctrl Pts',(-47.0117084772011,0.,-79.2550584268839));
#7964=CARTESIAN_POINT('Ctrl Pts',(-47.0117084772011,0.2,-79.2550584268839));
#7965=CARTESIAN_POINT('Ctrl Pts',(-46.8378024854467,0.,-79.4430649044562));
#7966=CARTESIAN_POINT('Ctrl Pts',(-46.8378024854467,0.2,-79.4430649044562));
#7967=CARTESIAN_POINT('Ctrl Pts',(-46.6474459269047,0.,-80.0070843371733));
#7968=CARTESIAN_POINT('Ctrl Pts',(-46.6474459269047,0.2,-80.0070843371733));
#7969=CARTESIAN_POINT('Ctrl Pts',(-46.6474459269047,0.,-80.3736969684394));
#7970=CARTESIAN_POINT('Ctrl Pts',(-46.6474459269047,0.2,-80.3736969684394));
#7971=CARTESIAN_POINT('',(-47.0117084772011,0.,-79.2550584268839));
#7972=CARTESIAN_POINT('Ctrl Pts',(-47.0117084772011,0.,-79.2550584268839));
#7973=CARTESIAN_POINT('Ctrl Pts',(-46.8378024854467,0.,-79.4430649044562));
#7974=CARTESIAN_POINT('Ctrl Pts',(-46.6474459269047,0.,-80.0070843371733));
#7975=CARTESIAN_POINT('Ctrl Pts',(-46.6474459269047,0.,-80.3736969684394));
#7976=CARTESIAN_POINT('',(-47.0117084772011,0.2,-79.2550584268839));
#7977=CARTESIAN_POINT('',(-47.0117084772011,0.,-79.2550584268839));
#7978=CARTESIAN_POINT('Ctrl Pts',(-47.0117084772011,0.2,-79.2550584268839));
#7979=CARTESIAN_POINT('Ctrl Pts',(-46.8378024854467,0.2,-79.4430649044562));
#7980=CARTESIAN_POINT('Ctrl Pts',(-46.6474459269047,0.2,-80.0070843371733));
#7981=CARTESIAN_POINT('Ctrl Pts',(-46.6474459269047,0.2,-80.3736969684394));
#7982=CARTESIAN_POINT('Ctrl Pts',(-47.9446906221539,0.,-78.8743453097999));
#7983=CARTESIAN_POINT('Ctrl Pts',(-47.9446906221539,0.2,-78.8743453097999));
#7984=CARTESIAN_POINT('Ctrl Pts',(-47.6626809057954,0.,-78.8743453097999));
#7985=CARTESIAN_POINT('Ctrl Pts',(-47.6626809057954,0.2,-78.8743453097999));
#7986=CARTESIAN_POINT('Ctrl Pts',(-47.1856144689555,0.,-79.0647018683419));
#7987=CARTESIAN_POINT('Ctrl Pts',(-47.1856144689555,0.2,-79.0647018683419));
#7988=CARTESIAN_POINT('Ctrl Pts',(-47.0117084772011,0.,-79.2550584268839));
#7989=CARTESIAN_POINT('Ctrl Pts',(-47.0117084772011,0.2,-79.2550584268839));
#7990=CARTESIAN_POINT('Ctrl Pts',(-47.9446906221539,0.,-78.8743453097999));
#7991=CARTESIAN_POINT('Ctrl Pts',(-47.6626809057954,0.,-78.8743453097999));
#7992=CARTESIAN_POINT('Ctrl Pts',(-47.1856144689555,0.,-79.0647018683419));
#7993=CARTESIAN_POINT('Ctrl Pts',(-47.0117084772011,0.,-79.2550584268839));
#7994=CARTESIAN_POINT('Ctrl Pts',(-47.9446906221539,0.2,-78.8743453097999));
#7995=CARTESIAN_POINT('Ctrl Pts',(-47.6626809057954,0.2,-78.8743453097999));
#7996=CARTESIAN_POINT('Ctrl Pts',(-47.1856144689555,0.2,-79.0647018683419));
#7997=CARTESIAN_POINT('Ctrl Pts',(-47.0117084772011,0.2,-79.2550584268839));
#7998=CARTESIAN_POINT('Origin',(-47.7192839962014,0.2,-80.3764034471073));
#7999=CARTESIAN_POINT('Ctrl Pts',(-43.8602498968946,0.,-81.4923355099948));
#8000=CARTESIAN_POINT('Ctrl Pts',(-43.8602498968946,0.2,-81.4923355099948));
#8001=CARTESIAN_POINT('Ctrl Pts',(-44.0200554028311,0.,-81.4923355099948));
#8002=CARTESIAN_POINT('Ctrl Pts',(-44.0200554028311,0.2,-81.4923355099948));
#8003=CARTESIAN_POINT('Ctrl Pts',(-44.238612933009,0.,-81.4476839715714));
#8004=CARTESIAN_POINT('Ctrl Pts',(-44.238612933009,0.2,-81.4476839715714));
#8005=CARTESIAN_POINT('Ctrl Pts',(-44.3208657669469,0.,-81.3936321092693));
#8006=CARTESIAN_POINT('Ctrl Pts',(-44.3208657669469,0.2,-81.3936321092693));
#8007=CARTESIAN_POINT('',(-44.3208657669469,0.,-81.3936321092693));
#8008=CARTESIAN_POINT('',(-43.8602498968946,0.,-81.4923355099948));
#8009=CARTESIAN_POINT('Ctrl Pts',(-44.3208657669469,0.,-81.3936321092693));
#8010=CARTESIAN_POINT('Ctrl Pts',(-44.238612933009,0.,-81.4476839715714));
#8011=CARTESIAN_POINT('Ctrl Pts',(-44.0200554028311,0.,-81.4923355099948));
#8012=CARTESIAN_POINT('Ctrl Pts',(-43.8602498968946,0.,-81.4923355099948));
#8013=CARTESIAN_POINT('',(-44.3208657669469,0.2,-81.3936321092693));
#8014=CARTESIAN_POINT('',(-44.3208657669469,0.,-81.3936321092693));
#8015=CARTESIAN_POINT('',(-43.8602498968946,0.2,-81.4923355099948));
#8016=CARTESIAN_POINT('Ctrl Pts',(-44.3208657669469,0.2,-81.3936321092693));
#8017=CARTESIAN_POINT('Ctrl Pts',(-44.238612933009,0.2,-81.4476839715714));
#8018=CARTESIAN_POINT('Ctrl Pts',(-44.0200554028311,0.2,-81.4923355099948));
#8019=CARTESIAN_POINT('Ctrl Pts',(-43.8602498968946,0.2,-81.4923355099948));
#8020=CARTESIAN_POINT('',(-43.8602498968946,0.,-81.4923355099948));
#8021=CARTESIAN_POINT('Origin',(-43.4771866988409,0.,-81.4923355099948));
#8022=CARTESIAN_POINT('',(-43.4771866988409,0.,-81.4923355099948));
#8023=CARTESIAN_POINT('',(-45.2385933494205,0.,-81.4923355099948));
#8024=CARTESIAN_POINT('',(-43.4771866988409,0.2,-81.4923355099948));
#8025=CARTESIAN_POINT('',(-43.71848376027,0.2,-81.4923355099948));
#8026=CARTESIAN_POINT('',(-43.4771866988409,0.,-81.4923355099948));
#8027=CARTESIAN_POINT('Origin',(-43.4771866988409,0.,-80.4018979400752));
#8028=CARTESIAN_POINT('',(-43.4771866988409,0.,-80.4018979400752));
#8029=CARTESIAN_POINT('',(-43.4771866988409,0.,-64.9509489700376));
#8030=CARTESIAN_POINT('',(-43.4771866988409,0.2,-80.4018979400752));
#8031=CARTESIAN_POINT('',(-43.4771866988409,0.2,-80.2800899988452));
#8032=CARTESIAN_POINT('',(-43.4771866988409,0.,-80.4018979400752));
#8033=CARTESIAN_POINT('Origin',(-43.8155983584712,0.,-80.4018979400752));
#8034=CARTESIAN_POINT('',(-43.8155983584712,0.,-80.4018979400752));
#8035=CARTESIAN_POINT('',(-45.4077991792356,0.,-80.4018979400752));
#8036=CARTESIAN_POINT('',(-43.8155983584712,0.2,-80.4018979400752));
#8037=CARTESIAN_POINT('',(-43.8876895900852,0.2,-80.4018979400752));
#8038=CARTESIAN_POINT('',(-43.8155983584712,0.,-80.4018979400752));
#8039=CARTESIAN_POINT('Ctrl Pts',(-44.3396664147041,0.,-80.5523031221331));
#8040=CARTESIAN_POINT('Ctrl Pts',(-44.3396664147041,0.2,-80.5523031221331));
#8041=CARTESIAN_POINT('Ctrl Pts',(-44.2480132568876,0.,-80.4606499643166));
#8042=CARTESIAN_POINT('Ctrl Pts',(-44.2480132568876,0.2,-80.4606499643166));
#8043=CARTESIAN_POINT('Ctrl Pts',(-43.9824541073166,0.,-80.4018979400752));
#8044=CARTESIAN_POINT('Ctrl Pts',(-43.9824541073166,0.2,-80.4018979400752));
#8045=CARTESIAN_POINT('Ctrl Pts',(-43.8155983584712,0.,-80.4018979400752));
#8046=CARTESIAN_POINT('Ctrl Pts',(-43.8155983584712,0.2,-80.4018979400752));
#8047=CARTESIAN_POINT('',(-44.3396664147041,0.,-80.5523031221331));
#8048=CARTESIAN_POINT('Ctrl Pts',(-43.8155983584712,0.,-80.4018979400752));
#8049=CARTESIAN_POINT('Ctrl Pts',(-43.9824541073166,0.,-80.4018979400752));
#8050=CARTESIAN_POINT('Ctrl Pts',(-44.2480132568876,0.,-80.4606499643166));
#8051=CARTESIAN_POINT('Ctrl Pts',(-44.3396664147041,0.,-80.5523031221331));
#8052=CARTESIAN_POINT('',(-44.3396664147041,0.2,-80.5523031221331));
#8053=CARTESIAN_POINT('Ctrl Pts',(-43.8155983584712,0.2,-80.4018979400752));
#8054=CARTESIAN_POINT('Ctrl Pts',(-43.9824541073166,0.2,-80.4018979400752));
#8055=CARTESIAN_POINT('Ctrl Pts',(-44.2480132568876,0.2,-80.4606499643166));
#8056=CARTESIAN_POINT('Ctrl Pts',(-44.3396664147041,0.2,-80.5523031221331));
#8057=CARTESIAN_POINT('',(-44.3396664147041,0.,-80.5523031221331));
#8058=CARTESIAN_POINT('Ctrl Pts',(-44.5041720825799,0.,-81.008218830246));
#8059=CARTESIAN_POINT('Ctrl Pts',(-44.5041720825799,0.2,-81.008218830246));
#8060=CARTESIAN_POINT('Ctrl Pts',(-44.5041720825799,0.,-80.8578136481881));
#8061=CARTESIAN_POINT('Ctrl Pts',(-44.5041720825799,0.2,-80.8578136481881));
#8062=CARTESIAN_POINT('Ctrl Pts',(-44.4242693296116,0.,-80.6322058751013));
#8063=CARTESIAN_POINT('Ctrl Pts',(-44.4242693296116,0.2,-80.6322058751013));
#8064=CARTESIAN_POINT('Ctrl Pts',(-44.3396664147041,0.,-80.5523031221331));
#8065=CARTESIAN_POINT('Ctrl Pts',(-44.3396664147041,0.2,-80.5523031221331));
#8066=CARTESIAN_POINT('',(-44.5041720825799,0.,-81.008218830246));
#8067=CARTESIAN_POINT('Ctrl Pts',(-44.3396664147041,0.,-80.5523031221331));
#8068=CARTESIAN_POINT('Ctrl Pts',(-44.4242693296116,0.,-80.6322058751013));
#8069=CARTESIAN_POINT('Ctrl Pts',(-44.5041720825799,0.,-80.8578136481881));
#8070=CARTESIAN_POINT('Ctrl Pts',(-44.5041720825799,0.,-81.008218830246));
#8071=CARTESIAN_POINT('',(-44.5041720825799,0.2,-81.008218830246));
#8072=CARTESIAN_POINT('Ctrl Pts',(-44.3396664147041,0.2,-80.5523031221331));
#8073=CARTESIAN_POINT('Ctrl Pts',(-44.4242693296116,0.2,-80.6322058751013));
#8074=CARTESIAN_POINT('Ctrl Pts',(-44.5041720825799,0.2,-80.8578136481881));
#8075=CARTESIAN_POINT('Ctrl Pts',(-44.5041720825799,0.2,-81.008218830246));
#8076=CARTESIAN_POINT('',(-44.5041720825799,0.,-81.008218830246));
#8077=CARTESIAN_POINT('Ctrl Pts',(-44.3208657669469,0.,-81.3936321092693));
#8078=CARTESIAN_POINT('Ctrl Pts',(-44.3208657669469,0.2,-81.3936321092693));
#8079=CARTESIAN_POINT('Ctrl Pts',(-44.414869005733,0.,-81.3301799230887));
#8080=CARTESIAN_POINT('Ctrl Pts',(-44.414869005733,0.2,-81.3301799230887));
#8081=CARTESIAN_POINT('Ctrl Pts',(-44.5041720825799,0.,-81.1351232026074));
#8082=CARTESIAN_POINT('Ctrl Pts',(-44.5041720825799,0.2,-81.1351232026074));
#8083=CARTESIAN_POINT('Ctrl Pts',(-44.5041720825799,0.,-81.008218830246));
#8084=CARTESIAN_POINT('Ctrl Pts',(-44.5041720825799,0.2,-81.008218830246));
#8085=CARTESIAN_POINT('Ctrl Pts',(-44.5041720825799,0.,-81.008218830246));
#8086=CARTESIAN_POINT('Ctrl Pts',(-44.5041720825799,0.,-81.1351232026074));
#8087=CARTESIAN_POINT('Ctrl Pts',(-44.414869005733,0.,-81.3301799230887));
#8088=CARTESIAN_POINT('Ctrl Pts',(-44.3208657669469,0.,-81.3936321092693));
#8089=CARTESIAN_POINT('Ctrl Pts',(-44.5041720825799,0.2,-81.008218830246));
#8090=CARTESIAN_POINT('Ctrl Pts',(-44.5041720825799,0.2,-81.1351232026074));
#8091=CARTESIAN_POINT('Ctrl Pts',(-44.414869005733,0.2,-81.3301799230887));
#8092=CARTESIAN_POINT('Ctrl Pts',(-44.3208657669469,0.2,-81.3936321092693));
#8093=CARTESIAN_POINT('Origin',(-44.3044152001593,0.,-80.1880405718367));
#8094=CARTESIAN_POINT('',(-44.3044152001593,0.,-80.1880405718367));
#8095=CARTESIAN_POINT('',(-45.3361007458375,0.,-78.9260470911323));
#8096=CARTESIAN_POINT('',(-52.3631843979566,0.,-70.3302750610915));
#8097=CARTESIAN_POINT('',(-44.3044152001593,0.2,-80.1880405718367));
#8098=CARTESIAN_POINT('',(-44.3044152001593,0.,-80.1880405718367));
#8099=CARTESIAN_POINT('',(-45.3361007458375,0.2,-78.9260470911323));
#8100=CARTESIAN_POINT('',(-44.3044152001593,0.2,-80.1880405718367));
#8101=CARTESIAN_POINT('',(-45.3361007458375,0.,-78.9260470911323));
#8102=CARTESIAN_POINT('Ctrl Pts',(-44.9060359283908,0.,-81.0387698828515));
#8103=CARTESIAN_POINT('Ctrl Pts',(-44.9060359283908,0.2,-81.0387698828515));
#8104=CARTESIAN_POINT('Ctrl Pts',(-44.9060359283908,0.,-80.7215089519482));
#8105=CARTESIAN_POINT('Ctrl Pts',(-44.9060359283908,0.2,-80.7215089519482));
#8106=CARTESIAN_POINT('Ctrl Pts',(-44.5817247545785,0.,-80.2914441345014));
#8107=CARTESIAN_POINT('Ctrl Pts',(-44.5817247545785,0.2,-80.2914441345014));
#8108=CARTESIAN_POINT('Ctrl Pts',(-44.3044152001593,0.,-80.1880405718367));
#8109=CARTESIAN_POINT('Ctrl Pts',(-44.3044152001593,0.2,-80.1880405718367));
#8110=CARTESIAN_POINT('',(-44.9060359283908,0.,-81.0387698828515));
#8111=CARTESIAN_POINT('Ctrl Pts',(-44.9060359283908,0.,-81.0387698828515));
#8112=CARTESIAN_POINT('Ctrl Pts',(-44.9060359283908,0.,-80.7215089519482));
#8113=CARTESIAN_POINT('Ctrl Pts',(-44.5817247545785,0.,-80.2914441345014));
#8114=CARTESIAN_POINT('Ctrl Pts',(-44.3044152001593,0.,-80.1880405718367));
#8115=CARTESIAN_POINT('',(-44.9060359283908,0.2,-81.0387698828515));
#8116=CARTESIAN_POINT('',(-44.9060359283908,0.,-81.0387698828515));
#8117=CARTESIAN_POINT('Ctrl Pts',(-44.9060359283908,0.2,-81.0387698828515));
#8118=CARTESIAN_POINT('Ctrl Pts',(-44.9060359283908,0.2,-80.7215089519482));
#8119=CARTESIAN_POINT('Ctrl Pts',(-44.5817247545785,0.2,-80.2914441345014));
#8120=CARTESIAN_POINT('Ctrl Pts',(-44.3044152001593,0.2,-80.1880405718367));
#8121=CARTESIAN_POINT('Ctrl Pts',(-44.5770245926392,0.,-81.6732917446582));
#8122=CARTESIAN_POINT('Ctrl Pts',(-44.5770245926392,0.2,-81.6732917446582));
#8123=CARTESIAN_POINT('Ctrl Pts',(-44.7297798556667,0.,-81.5745883439327));
#8124=CARTESIAN_POINT('Ctrl Pts',(-44.7297798556667,0.2,-81.5745883439327));
#8125=CARTESIAN_POINT('Ctrl Pts',(-44.9060359283908,0.,-81.266727736908));
#8126=CARTESIAN_POINT('Ctrl Pts',(-44.9060359283908,0.2,-81.266727736908));
#8127=CARTESIAN_POINT('Ctrl Pts',(-44.9060359283908,0.,-81.0387698828515));
#8128=CARTESIAN_POINT('Ctrl Pts',(-44.9060359283908,0.2,-81.0387698828515));
#8129=CARTESIAN_POINT('',(-44.5770245926392,0.,-81.6732917446582));
#8130=CARTESIAN_POINT('Ctrl Pts',(-44.5770245926392,0.,-81.6732917446582));
#8131=CARTESIAN_POINT('Ctrl Pts',(-44.7297798556667,0.,-81.5745883439327));
#8132=CARTESIAN_POINT('Ctrl Pts',(-44.9060359283908,0.,-81.266727736908));
#8133=CARTESIAN_POINT('Ctrl Pts',(-44.9060359283908,0.,-81.0387698828515));
#8134=CARTESIAN_POINT('',(-44.5770245926392,0.2,-81.6732917446582));
#8135=CARTESIAN_POINT('',(-44.5770245926392,0.,-81.6732917446582));
#8136=CARTESIAN_POINT('Ctrl Pts',(-44.5770245926392,0.2,-81.6732917446582));
#8137=CARTESIAN_POINT('Ctrl Pts',(-44.7297798556667,0.2,-81.5745883439327));
#8138=CARTESIAN_POINT('Ctrl Pts',(-44.9060359283908,0.2,-81.266727736908));
#8139=CARTESIAN_POINT('Ctrl Pts',(-44.9060359283908,0.2,-81.0387698828515));
#8140=CARTESIAN_POINT('Ctrl Pts',(-43.8390991681677,0.,-81.8260470076858));
#8141=CARTESIAN_POINT('Ctrl Pts',(-43.8390991681677,0.2,-81.8260470076858));
#8142=CARTESIAN_POINT('Ctrl Pts',(-44.0882077509511,0.,-81.8260470076858));
#8143=CARTESIAN_POINT('Ctrl Pts',(-44.0882077509511,0.2,-81.8260470076858));
#8144=CARTESIAN_POINT('Ctrl Pts',(-44.4242693296116,0.,-81.7719951453837));
#8145=CARTESIAN_POINT('Ctrl Pts',(-44.4242693296116,0.2,-81.7719951453837));
#8146=CARTESIAN_POINT('Ctrl Pts',(-44.5770245926392,0.,-81.6732917446582));
#8147=CARTESIAN_POINT('Ctrl Pts',(-44.5770245926392,0.2,-81.6732917446582));
#8148=CARTESIAN_POINT('',(-43.8390991681677,0.,-81.8260470076858));
#8149=CARTESIAN_POINT('Ctrl Pts',(-43.8390991681677,0.,-81.8260470076858));
#8150=CARTESIAN_POINT('Ctrl Pts',(-44.0882077509511,0.,-81.8260470076858));
#8151=CARTESIAN_POINT('Ctrl Pts',(-44.4242693296116,0.,-81.7719951453837));
#8152=CARTESIAN_POINT('Ctrl Pts',(-44.5770245926392,0.,-81.6732917446582));
#8153=CARTESIAN_POINT('',(-43.8390991681677,0.2,-81.8260470076858));
#8154=CARTESIAN_POINT('',(-43.8390991681677,0.,-81.8260470076858));
#8155=CARTESIAN_POINT('Ctrl Pts',(-43.8390991681677,0.2,-81.8260470076858));
#8156=CARTESIAN_POINT('Ctrl Pts',(-44.0882077509511,0.2,-81.8260470076858));
#8157=CARTESIAN_POINT('Ctrl Pts',(-44.4242693296116,0.2,-81.7719951453837));
#8158=CARTESIAN_POINT('Ctrl Pts',(-44.5770245926392,0.2,-81.6732917446582));
#8159=CARTESIAN_POINT('Origin',(-43.0917734198176,0.,-81.8260470076858));
#8160=CARTESIAN_POINT('',(-43.0917734198176,0.,-81.8260470076858));
#8161=CARTESIAN_POINT('',(-45.0458867099088,0.,-81.8260470076858));
#8162=CARTESIAN_POINT('',(-43.0917734198176,0.2,-81.8260470076858));
#8163=CARTESIAN_POINT('',(-43.0917734198176,0.,-81.8260470076858));
#8164=CARTESIAN_POINT('',(-43.0917734198176,0.2,-81.8260470076858));
#8165=CARTESIAN_POINT('Origin',(-43.0917734198176,0.,-78.9260470911323));
#8166=CARTESIAN_POINT('',(-43.0917734198176,0.,-78.9260470911323));
#8167=CARTESIAN_POINT('',(-43.0917734198176,0.,-64.2130235455661));
#8168=CARTESIAN_POINT('',(-43.0917734198176,0.2,-78.9260470911323));
#8169=CARTESIAN_POINT('',(-43.0917734198176,0.,-78.9260470911323));
#8170=CARTESIAN_POINT('',(-43.0917734198176,0.2,-78.9260470911323));
#8171=CARTESIAN_POINT('Origin',(-43.4771866988409,0.,-78.9260470911323));
#8172=CARTESIAN_POINT('',(-43.4771866988409,0.,-78.9260470911323));
#8173=CARTESIAN_POINT('',(-45.2385933494205,0.,-78.9260470911323));
#8174=CARTESIAN_POINT('',(-43.4771866988409,0.2,-78.9260470911323));
#8175=CARTESIAN_POINT('',(-43.4771866988409,0.,-78.9260470911323));
#8176=CARTESIAN_POINT('',(-43.4771866988409,0.2,-78.9260470911323));
#8177=CARTESIAN_POINT('Origin',(-43.4771866988409,0.,-80.0799368472325));
#8178=CARTESIAN_POINT('',(-43.4771866988409,0.,-80.0799368472325));
#8179=CARTESIAN_POINT('',(-43.4771866988409,0.,-64.7899684236163));
#8180=CARTESIAN_POINT('',(-43.4771866988409,0.2,-80.0799368472325));
#8181=CARTESIAN_POINT('',(-43.4771866988409,0.,-80.0799368472325));
#8182=CARTESIAN_POINT('',(-43.4771866988409,0.2,-80.0799368472325));
#8183=CARTESIAN_POINT('Origin',(-43.919001921136,0.,-80.0799368472325));
#8184=CARTESIAN_POINT('',(-43.919001921136,0.,-80.0799368472325));
#8185=CARTESIAN_POINT('',(-45.459500960568,0.,-80.0799368472325));
#8186=CARTESIAN_POINT('',(-43.919001921136,0.2,-80.0799368472325));
#8187=CARTESIAN_POINT('',(-43.919001921136,0.,-80.0799368472325));
#8188=CARTESIAN_POINT('',(-43.919001921136,0.2,-80.0799368472325));
#8189=CARTESIAN_POINT('Origin',(-44.8355334993012,0.,-78.9260470911323));
#8190=CARTESIAN_POINT('',(-44.8355334993012,0.,-78.9260470911323));
#8191=CARTESIAN_POINT('',(-52.4198383261331,0.,-69.3776017835054));
#8192=CARTESIAN_POINT('',(-44.8355334993012,0.2,-78.9260470911323));
#8193=CARTESIAN_POINT('',(-44.8355334993012,0.,-78.9260470911323));
#8194=CARTESIAN_POINT('',(-44.8355334993012,0.2,-78.9260470911323));
#8195=CARTESIAN_POINT('Origin',(-45.3361007458375,0.,-78.9260470911323));
#8196=CARTESIAN_POINT('',(-46.1680503729188,0.,-78.9260470911323));
#8197=CARTESIAN_POINT('',(-45.3361007458375,0.2,-78.9260470911323));
#8198=CARTESIAN_POINT('Origin',(-43.9597808216992,0.2,-80.1582820576153));
#8199=CARTESIAN_POINT('Origin',(-39.5878026940629,0.,-78.9260470911323));
#8200=CARTESIAN_POINT('',(-39.5878026940629,0.,-78.9260470911323));
#8201=CARTESIAN_POINT('',(-39.2023894150396,0.,-78.9260470911323));
#8202=CARTESIAN_POINT('',(-43.2939013470315,0.,-78.9260470911323));
#8203=CARTESIAN_POINT('',(-39.5878026940629,0.2,-78.9260470911323));
#8204=CARTESIAN_POINT('',(-39.5878026940629,0.,-78.9260470911323));
#8205=CARTESIAN_POINT('',(-39.2023894150396,0.2,-78.9260470911323));
#8206=CARTESIAN_POINT('',(-39.5878026940629,0.2,-78.9260470911323));
#8207=CARTESIAN_POINT('',(-39.2023894150396,0.,-78.9260470911323));
#8208=CARTESIAN_POINT('Origin',(-39.5878026940629,0.,-81.4829351861162));
#8209=CARTESIAN_POINT('',(-39.5878026940629,0.,-81.4829351861162));
#8210=CARTESIAN_POINT('',(-39.587802694063,0.,-65.4914675930581));
#8211=CARTESIAN_POINT('',(-39.5878026940629,0.2,-81.4829351861162));
#8212=CARTESIAN_POINT('',(-39.5878026940629,0.,-81.4829351861162));
#8213=CARTESIAN_POINT('',(-39.5878026940629,0.2,-81.4829351861162));
#8214=CARTESIAN_POINT('Origin',(-40.5607362154999,0.,-81.4829351861162));
#8215=CARTESIAN_POINT('',(-40.5607362154999,0.,-81.4829351861162));
#8216=CARTESIAN_POINT('',(-43.7803681077499,0.,-81.4829351861162));
#8217=CARTESIAN_POINT('',(-40.5607362154999,0.2,-81.4829351861162));
#8218=CARTESIAN_POINT('',(-40.5607362154999,0.,-81.4829351861162));
#8219=CARTESIAN_POINT('',(-40.5607362154999,0.2,-81.4829351861162));
#8220=CARTESIAN_POINT('Origin',(-40.5607362154999,0.,-81.8260470076858));
#8221=CARTESIAN_POINT('',(-40.5607362154999,0.,-81.8260470076858));
#8222=CARTESIAN_POINT('',(-40.5607362154999,0.,-65.6630235038429));
#8223=CARTESIAN_POINT('',(-40.5607362154999,0.2,-81.8260470076858));
#8224=CARTESIAN_POINT('',(-40.5607362154999,0.,-81.8260470076858));
#8225=CARTESIAN_POINT('',(-40.5607362154999,0.2,-81.8260470076858));
#8226=CARTESIAN_POINT('Origin',(-38.2294558936027,0.,-81.8260470076858));
#8227=CARTESIAN_POINT('',(-38.2294558936027,0.,-81.8260470076858));
#8228=CARTESIAN_POINT('',(-42.6147279468014,0.,-81.8260470076858));
#8229=CARTESIAN_POINT('',(-38.2294558936027,0.2,-81.8260470076858));
#8230=CARTESIAN_POINT('',(-38.2294558936027,0.,-81.8260470076858));
#8231=CARTESIAN_POINT('',(-38.2294558936027,0.2,-81.8260470076858));
#8232=CARTESIAN_POINT('Origin',(-38.2294558936027,0.,-81.4829351861162));
#8233=CARTESIAN_POINT('',(-38.2294558936027,0.,-81.4829351861162));
#8234=CARTESIAN_POINT('',(-38.2294558936027,0.,-65.4914675930581));
#8235=CARTESIAN_POINT('',(-38.2294558936027,0.2,-81.4829351861162));
#8236=CARTESIAN_POINT('',(-38.2294558936027,0.,-81.4829351861162));
#8237=CARTESIAN_POINT('',(-38.2294558936027,0.2,-81.4829351861162));
#8238=CARTESIAN_POINT('Origin',(-39.2023894150396,0.,-81.4829351861162));
#8239=CARTESIAN_POINT('',(-39.2023894150396,0.,-81.4829351861162));
#8240=CARTESIAN_POINT('',(-43.1011947075198,0.,-81.4829351861162));
#8241=CARTESIAN_POINT('',(-39.2023894150396,0.2,-81.4829351861162));
#8242=CARTESIAN_POINT('',(-39.2023894150396,0.,-81.4829351861162));
#8243=CARTESIAN_POINT('',(-39.2023894150396,0.2,-81.4829351861162));
#8244=CARTESIAN_POINT('Origin',(-39.2023894150396,0.,-78.9260470911323));
#8245=CARTESIAN_POINT('',(-39.2023894150396,0.,-64.2130235455661));
#8246=CARTESIAN_POINT('',(-39.2023894150396,0.2,-78.9260470911323));
#8247=CARTESIAN_POINT('Origin',(-39.3950960545513,0.2,-80.8515868837861));
#8248=CARTESIAN_POINT('Origin',(-36.5796990529053,0.,-80.0658363614146));
#8249=CARTESIAN_POINT('',(-37.0262144371397,0.,-81.4312334047838));
#8250=CARTESIAN_POINT('',(-36.5796990529053,0.,-80.0658363614146));
#8251=CARTESIAN_POINT('',(-32.5680550604276,0.,-67.7986513107327));
#8252=CARTESIAN_POINT('',(-37.0262144371397,0.2,-81.4312334047838));
#8253=CARTESIAN_POINT('',(-37.0262144371397,0.,-81.4312334047838));
#8254=CARTESIAN_POINT('',(-36.5796990529053,0.2,-80.0658363614146));
#8255=CARTESIAN_POINT('',(-36.6047170693503,0.2,-80.1423388222279));
#8256=CARTESIAN_POINT('',(-36.5796990529053,0.,-80.0658363614146));
#8257=CARTESIAN_POINT('Origin',(-37.4750799023437,0.,-80.0658363614146));
#8258=CARTESIAN_POINT('',(-37.4750799023437,0.,-80.0658363614146));
#8259=CARTESIAN_POINT('',(-42.2375399511718,0.,-80.0658363614146));
#8260=CARTESIAN_POINT('',(-37.4750799023437,0.2,-80.0658363614146));
#8261=CARTESIAN_POINT('',(-37.2548723617673,0.2,-80.0658363614146));
#8262=CARTESIAN_POINT('',(-37.4750799023437,0.,-80.0658363614146));
#8263=CARTESIAN_POINT('Origin',(-37.0262144371397,0.,-81.4312334047838));
#8264=CARTESIAN_POINT('',(-42.2492837358828,0.,-65.5432582080834));
#8265=CARTESIAN_POINT('',(-37.2261165132434,0.2,-80.8231543146463));
#8266=CARTESIAN_POINT('Origin',(-36.2107363406696,0.,-78.9260470911323));
#8267=CARTESIAN_POINT('',(-36.2107363406696,0.,-78.9260470911323));
#8268=CARTESIAN_POINT('',(-35.820622899707,0.,-78.9260470911323));
#8269=CARTESIAN_POINT('',(-41.6053681703348,0.,-78.9260470911323));
#8270=CARTESIAN_POINT('',(-36.2107363406696,0.2,-78.9260470911323));
#8271=CARTESIAN_POINT('',(-36.2107363406696,0.,-78.9260470911323));
#8272=CARTESIAN_POINT('',(-35.820622899707,0.2,-78.9260470911323));
#8273=CARTESIAN_POINT('',(-36.2107363406696,0.2,-78.9260470911323));
#8274=CARTESIAN_POINT('',(-35.820622899707,0.,-78.9260470911323));
#8275=CARTESIAN_POINT('Origin',(-36.4739454092709,0.,-79.736825025663));
#8276=CARTESIAN_POINT('',(-36.4739454092709,0.,-79.736825025663));
#8277=CARTESIAN_POINT('',(-32.535661732244,0.,-67.6055047705354));
#8278=CARTESIAN_POINT('',(-36.4739454092709,0.2,-79.736825025663));
#8279=CARTESIAN_POINT('',(-36.4739454092709,0.,-79.736825025663));
#8280=CARTESIAN_POINT('',(-36.4739454092709,0.2,-79.736825025663));
#8281=CARTESIAN_POINT('Origin',(-37.5808335459781,0.,-79.736825025663));
#8282=CARTESIAN_POINT('',(-37.5808335459781,0.,-79.736825025663));
#8283=CARTESIAN_POINT('',(-42.2904167729891,0.,-79.736825025663));
#8284=CARTESIAN_POINT('',(-37.5808335459781,0.2,-79.736825025663));
#8285=CARTESIAN_POINT('',(-37.5808335459781,0.,-79.736825025663));
#8286=CARTESIAN_POINT('',(-37.5808335459781,0.2,-79.736825025663));
#8287=CARTESIAN_POINT('Origin',(-37.8440426145794,0.,-78.9260470911323));
#8288=CARTESIAN_POINT('',(-37.8440426145794,0.,-78.9260470911323));
#8289=CARTESIAN_POINT('',(-42.601526478727,0.,-64.2712976881777));
#8290=CARTESIAN_POINT('',(-37.8440426145794,0.2,-78.9260470911323));
#8291=CARTESIAN_POINT('',(-37.8440426145794,0.,-78.9260470911323));
#8292=CARTESIAN_POINT('',(-37.8440426145794,0.2,-78.9260470911323));
#8293=CARTESIAN_POINT('Origin',(-38.2506066223296,0.,-78.9260470911323));
#8294=CARTESIAN_POINT('',(-38.2506066223296,0.,-78.9260470911323));
#8295=CARTESIAN_POINT('',(-42.6253033111648,0.,-78.9260470911323));
#8296=CARTESIAN_POINT('',(-38.2506066223296,0.2,-78.9260470911323));
#8297=CARTESIAN_POINT('',(-38.2506066223296,0.,-78.9260470911323));
#8298=CARTESIAN_POINT('',(-38.2506066223296,0.2,-78.9260470911323));
#8299=CARTESIAN_POINT('Origin',(-37.2729729389534,0.,-81.8260470076858));
#8300=CARTESIAN_POINT('',(-37.2729729389534,0.,-81.8260470076858));
#8301=CARTESIAN_POINT('',(-42.6620439769546,0.,-65.8401968613071));
#8302=CARTESIAN_POINT('',(-37.2729729389534,0.2,-81.8260470076858));
#8303=CARTESIAN_POINT('',(-37.2729729389534,0.,-81.8260470076858));
#8304=CARTESIAN_POINT('',(-37.2729729389534,0.2,-81.8260470076858));
#8305=CARTESIAN_POINT('Origin',(-36.7982565830832,0.,-81.8260470076858));
#8306=CARTESIAN_POINT('',(-36.7982565830832,0.,-81.8260470076858));
#8307=CARTESIAN_POINT('',(-41.8991282915416,0.,-81.8260470076858));
#8308=CARTESIAN_POINT('',(-36.7982565830832,0.2,-81.8260470076858));
#8309=CARTESIAN_POINT('',(-36.7982565830832,0.,-81.8260470076858));
#8310=CARTESIAN_POINT('',(-36.7982565830832,0.2,-81.8260470076858));
#8311=CARTESIAN_POINT('Origin',(-35.820622899707,0.,-78.9260470911323));
#8312=CARTESIAN_POINT('',(-31.9372247298385,0.,-67.4065438660898));
#8313=CARTESIAN_POINT('',(-35.820622899707,0.2,-78.9260470911323));
#8314=CARTESIAN_POINT('Origin',(-37.0346648211909,0.2,-80.0864201991769));
#8315=CARTESIAN_POINT('Origin',(-33.3083863431465,0.,-81.8260470076858));
#8316=CARTESIAN_POINT('',(-33.3083863431465,0.,-81.8260470076858));
#8317=CARTESIAN_POINT('',(-33.3083863431465,0.,-78.9260470911323));
#8318=CARTESIAN_POINT('',(-33.3083863431465,0.,-65.6630235038429));
#8319=CARTESIAN_POINT('',(-33.3083863431465,0.2,-81.8260470076858));
#8320=CARTESIAN_POINT('',(-33.3083863431465,0.,-81.8260470076858));
#8321=CARTESIAN_POINT('',(-33.3083863431465,0.2,-78.9260470911323));
#8322=CARTESIAN_POINT('',(-33.3083863431465,0.2,-81.8260470076858));
#8323=CARTESIAN_POINT('',(-33.3083863431465,0.,-78.9260470911323));
#8324=CARTESIAN_POINT('Origin',(-32.9229730641231,0.,-81.8260470076858));
#8325=CARTESIAN_POINT('',(-32.9229730641231,0.,-81.8260470076858));
#8326=CARTESIAN_POINT('',(-39.9614865320616,0.,-81.8260470076858));
#8327=CARTESIAN_POINT('',(-32.9229730641231,0.2,-81.8260470076858));
#8328=CARTESIAN_POINT('',(-32.9229730641231,0.,-81.8260470076858));
#8329=CARTESIAN_POINT('',(-32.9229730641231,0.2,-81.8260470076858));
#8330=CARTESIAN_POINT('Origin',(-32.9229730641231,0.,-80.688607818373));
#8331=CARTESIAN_POINT('',(-32.9229730641231,0.,-80.688607818373));
#8332=CARTESIAN_POINT('',(-32.9229730641231,0.,-65.0943039091865));
#8333=CARTESIAN_POINT('',(-32.9229730641231,0.2,-80.688607818373));
#8334=CARTESIAN_POINT('',(-32.9229730641231,0.,-80.688607818373));
#8335=CARTESIAN_POINT('',(-32.9229730641231,0.2,-80.688607818373));
#8336=CARTESIAN_POINT('Origin',(-31.5881270733595,0.,-80.688607818373));
#8337=CARTESIAN_POINT('',(-31.5881270733595,0.,-80.688607818373));
#8338=CARTESIAN_POINT('',(-39.2940635366797,0.,-80.688607818373));
#8339=CARTESIAN_POINT('',(-31.5881270733595,0.2,-80.688607818373));
#8340=CARTESIAN_POINT('',(-31.5881270733595,0.,-80.688607818373));
#8341=CARTESIAN_POINT('',(-31.5881270733595,0.2,-80.688607818373));
#8342=CARTESIAN_POINT('Origin',(-31.5881270733595,0.,-81.8260470076858));
#8343=CARTESIAN_POINT('',(-31.5881270733595,0.,-81.8260470076858));
#8344=CARTESIAN_POINT('',(-31.5881270733595,0.,-65.6630235038429));
#8345=CARTESIAN_POINT('',(-31.5881270733595,0.2,-81.8260470076858));
#8346=CARTESIAN_POINT('',(-31.5881270733595,0.,-81.8260470076858));
#8347=CARTESIAN_POINT('',(-31.5881270733595,0.2,-81.8260470076858));
#8348=CARTESIAN_POINT('Origin',(-31.2027137943361,0.,-81.8260470076858));
#8349=CARTESIAN_POINT('',(-31.2027137943361,0.,-81.8260470076858));
#8350=CARTESIAN_POINT('',(-39.1013568971681,0.,-81.8260470076858));
#8351=CARTESIAN_POINT('',(-31.2027137943361,0.2,-81.8260470076858));
#8352=CARTESIAN_POINT('',(-31.2027137943361,0.,-81.8260470076858));
#8353=CARTESIAN_POINT('',(-31.2027137943361,0.2,-81.8260470076858));
#8354=CARTESIAN_POINT('Origin',(-31.2027137943361,0.,-78.9260470911323));
#8355=CARTESIAN_POINT('',(-31.2027137943361,0.,-78.9260470911323));
#8356=CARTESIAN_POINT('',(-31.2027137943361,0.,-64.2130235455661));
#8357=CARTESIAN_POINT('',(-31.2027137943361,0.2,-78.9260470911323));
#8358=CARTESIAN_POINT('',(-31.2027137943361,0.,-78.9260470911323));
#8359=CARTESIAN_POINT('',(-31.2027137943361,0.2,-78.9260470911323));
#8360=CARTESIAN_POINT('Origin',(-31.5881270733595,0.,-78.9260470911323));
#8361=CARTESIAN_POINT('',(-31.5881270733595,0.,-78.9260470911323));
#8362=CARTESIAN_POINT('',(-39.2940635366797,0.,-78.9260470911323));
#8363=CARTESIAN_POINT('',(-31.5881270733595,0.2,-78.9260470911323));
#8364=CARTESIAN_POINT('',(-31.5881270733595,0.,-78.9260470911323));
#8365=CARTESIAN_POINT('',(-31.5881270733595,0.2,-78.9260470911323));
#8366=CARTESIAN_POINT('Origin',(-31.5881270733595,0.,-80.3454959968035));
#8367=CARTESIAN_POINT('',(-31.5881270733595,0.,-80.3454959968035));
#8368=CARTESIAN_POINT('',(-31.5881270733595,0.,-64.9227479984017));
#8369=CARTESIAN_POINT('',(-31.5881270733595,0.2,-80.3454959968035));
#8370=CARTESIAN_POINT('',(-31.5881270733595,0.,-80.3454959968035));
#8371=CARTESIAN_POINT('',(-31.5881270733595,0.2,-80.3454959968035));
#8372=CARTESIAN_POINT('Origin',(-32.9229730641231,0.,-80.3454959968035));
#8373=CARTESIAN_POINT('',(-32.9229730641231,0.,-80.3454959968035));
#8374=CARTESIAN_POINT('',(-39.9614865320616,0.,-80.3454959968035));
#8375=CARTESIAN_POINT('',(-32.9229730641231,0.2,-80.3454959968035));
#8376=CARTESIAN_POINT('',(-32.9229730641231,0.,-80.3454959968035));
#8377=CARTESIAN_POINT('',(-32.9229730641231,0.2,-80.3454959968035));
#8378=CARTESIAN_POINT('Origin',(-32.9229730641231,0.,-78.9260470911323));
#8379=CARTESIAN_POINT('',(-32.9229730641231,0.,-78.9260470911323));
#8380=CARTESIAN_POINT('',(-32.9229730641231,0.,-64.2130235455661));
#8381=CARTESIAN_POINT('',(-32.9229730641231,0.2,-78.9260470911323));
#8382=CARTESIAN_POINT('',(-32.9229730641231,0.,-78.9260470911323));
#8383=CARTESIAN_POINT('',(-32.9229730641231,0.2,-78.9260470911323));
#8384=CARTESIAN_POINT('Origin',(-33.3083863431465,0.,-78.9260470911323));
#8385=CARTESIAN_POINT('',(-40.1541931715732,0.,-78.9260470911323));
#8386=CARTESIAN_POINT('',(-33.3083863431465,0.2,-78.9260470911323));
#8387=CARTESIAN_POINT('Origin',(-32.2555500687413,0.2,-80.3945380531852));
#8388=CARTESIAN_POINT('Ctrl Pts',(-28.2510120964502,0.,-81.4923355099948));
#8389=CARTESIAN_POINT('Ctrl Pts',(-28.2510120964502,0.2,-81.4923355099948));
#8390=CARTESIAN_POINT('Ctrl Pts',(-28.4108176023867,0.,-81.4923355099948));
#8391=CARTESIAN_POINT('Ctrl Pts',(-28.4108176023867,0.2,-81.4923355099948));
#8392=CARTESIAN_POINT('Ctrl Pts',(-28.6293751325646,0.,-81.4476839715714));
#8393=CARTESIAN_POINT('Ctrl Pts',(-28.6293751325646,0.2,-81.4476839715714));
#8394=CARTESIAN_POINT('Ctrl Pts',(-28.7116279665025,0.,-81.3936321092693));
#8395=CARTESIAN_POINT('Ctrl Pts',(-28.7116279665025,0.2,-81.3936321092693));
#8396=CARTESIAN_POINT('',(-28.7116279665025,0.,-81.3936321092693));
#8397=CARTESIAN_POINT('',(-28.2510120964502,0.,-81.4923355099948));
#8398=CARTESIAN_POINT('Ctrl Pts',(-28.7116279665025,0.,-81.3936321092693));
#8399=CARTESIAN_POINT('Ctrl Pts',(-28.6293751325646,0.,-81.4476839715714));
#8400=CARTESIAN_POINT('Ctrl Pts',(-28.4108176023867,0.,-81.4923355099948));
#8401=CARTESIAN_POINT('Ctrl Pts',(-28.2510120964502,0.,-81.4923355099948));
#8402=CARTESIAN_POINT('',(-28.7116279665025,0.2,-81.3936321092693));
#8403=CARTESIAN_POINT('',(-28.7116279665025,0.,-81.3936321092693));
#8404=CARTESIAN_POINT('',(-28.2510120964502,0.2,-81.4923355099948));
#8405=CARTESIAN_POINT('Ctrl Pts',(-28.7116279665025,0.2,-81.3936321092693));
#8406=CARTESIAN_POINT('Ctrl Pts',(-28.6293751325646,0.2,-81.4476839715714));
#8407=CARTESIAN_POINT('Ctrl Pts',(-28.4108176023867,0.2,-81.4923355099948));
#8408=CARTESIAN_POINT('Ctrl Pts',(-28.2510120964502,0.2,-81.4923355099948));
#8409=CARTESIAN_POINT('',(-28.2510120964502,0.,-81.4923355099948));
#8410=CARTESIAN_POINT('Origin',(-27.8679488983966,0.,-81.4923355099948));
#8411=CARTESIAN_POINT('',(-27.8679488983966,0.,-81.4923355099948));
#8412=CARTESIAN_POINT('',(-37.4339744491983,0.,-81.4923355099948));
#8413=CARTESIAN_POINT('',(-27.8679488983966,0.2,-81.4923355099948));
#8414=CARTESIAN_POINT('',(-28.1092459598257,0.2,-81.4923355099948));
#8415=CARTESIAN_POINT('',(-27.8679488983966,0.,-81.4923355099948));
#8416=CARTESIAN_POINT('Origin',(-27.8679488983966,0.,-80.4018979400752));
#8417=CARTESIAN_POINT('',(-27.8679488983966,0.,-80.4018979400752));
#8418=CARTESIAN_POINT('',(-27.8679488983966,0.,-64.9509489700376));
#8419=CARTESIAN_POINT('',(-27.8679488983966,0.2,-80.4018979400752));
#8420=CARTESIAN_POINT('',(-27.8679488983966,0.2,-80.2800899988453));
#8421=CARTESIAN_POINT('',(-27.8679488983966,0.,-80.4018979400752));
#8422=CARTESIAN_POINT('Origin',(-28.2063605580268,0.,-80.4018979400752));
#8423=CARTESIAN_POINT('',(-28.2063605580268,0.,-80.4018979400752));
#8424=CARTESIAN_POINT('',(-37.6031802790134,0.,-80.4018979400752));
#8425=CARTESIAN_POINT('',(-28.2063605580268,0.2,-80.4018979400752));
#8426=CARTESIAN_POINT('',(-28.2784517896408,0.2,-80.4018979400752));
#8427=CARTESIAN_POINT('',(-28.2063605580268,0.,-80.4018979400752));
#8428=CARTESIAN_POINT('Ctrl Pts',(-28.7304286142597,0.,-80.5523031221331));
#8429=CARTESIAN_POINT('Ctrl Pts',(-28.7304286142597,0.2,-80.5523031221331));
#8430=CARTESIAN_POINT('Ctrl Pts',(-28.6387754564432,0.,-80.4606499643166));
#8431=CARTESIAN_POINT('Ctrl Pts',(-28.6387754564432,0.2,-80.4606499643166));
#8432=CARTESIAN_POINT('Ctrl Pts',(-28.3732163068723,0.,-80.4018979400752));
#8433=CARTESIAN_POINT('Ctrl Pts',(-28.3732163068723,0.2,-80.4018979400752));
#8434=CARTESIAN_POINT('Ctrl Pts',(-28.2063605580268,0.,-80.4018979400752));
#8435=CARTESIAN_POINT('Ctrl Pts',(-28.2063605580268,0.2,-80.4018979400752));
#8436=CARTESIAN_POINT('',(-28.7304286142597,0.,-80.5523031221331));
#8437=CARTESIAN_POINT('Ctrl Pts',(-28.2063605580268,0.,-80.4018979400752));
#8438=CARTESIAN_POINT('Ctrl Pts',(-28.3732163068723,0.,-80.4018979400752));
#8439=CARTESIAN_POINT('Ctrl Pts',(-28.6387754564432,0.,-80.4606499643166));
#8440=CARTESIAN_POINT('Ctrl Pts',(-28.7304286142597,0.,-80.5523031221331));
#8441=CARTESIAN_POINT('',(-28.7304286142597,0.2,-80.5523031221331));
#8442=CARTESIAN_POINT('Ctrl Pts',(-28.2063605580268,0.2,-80.4018979400752));
#8443=CARTESIAN_POINT('Ctrl Pts',(-28.3732163068723,0.2,-80.4018979400752));
#8444=CARTESIAN_POINT('Ctrl Pts',(-28.6387754564432,0.2,-80.4606499643166));
#8445=CARTESIAN_POINT('Ctrl Pts',(-28.7304286142597,0.2,-80.5523031221331));
#8446=CARTESIAN_POINT('',(-28.7304286142597,0.,-80.5523031221331));
#8447=CARTESIAN_POINT('Ctrl Pts',(-28.8949342821355,0.,-81.008218830246));
#8448=CARTESIAN_POINT('Ctrl Pts',(-28.8949342821355,0.2,-81.008218830246));
#8449=CARTESIAN_POINT('Ctrl Pts',(-28.8949342821355,0.,-80.8578136481881));
#8450=CARTESIAN_POINT('Ctrl Pts',(-28.8949342821355,0.2,-80.8578136481881));
#8451=CARTESIAN_POINT('Ctrl Pts',(-28.8150315291673,0.,-80.6322058751013));
#8452=CARTESIAN_POINT('Ctrl Pts',(-28.8150315291673,0.2,-80.6322058751013));
#8453=CARTESIAN_POINT('Ctrl Pts',(-28.7304286142597,0.,-80.5523031221331));
#8454=CARTESIAN_POINT('Ctrl Pts',(-28.7304286142597,0.2,-80.5523031221331));
#8455=CARTESIAN_POINT('',(-28.8949342821355,0.,-81.008218830246));
#8456=CARTESIAN_POINT('Ctrl Pts',(-28.7304286142597,0.,-80.5523031221331));
#8457=CARTESIAN_POINT('Ctrl Pts',(-28.8150315291673,0.,-80.6322058751013));
#8458=CARTESIAN_POINT('Ctrl Pts',(-28.8949342821355,0.,-80.8578136481881));
#8459=CARTESIAN_POINT('Ctrl Pts',(-28.8949342821355,0.,-81.008218830246));
#8460=CARTESIAN_POINT('',(-28.8949342821355,0.2,-81.008218830246));
#8461=CARTESIAN_POINT('Ctrl Pts',(-28.7304286142597,0.2,-80.5523031221331));
#8462=CARTESIAN_POINT('Ctrl Pts',(-28.8150315291673,0.2,-80.6322058751013));
#8463=CARTESIAN_POINT('Ctrl Pts',(-28.8949342821355,0.2,-80.8578136481881));
#8464=CARTESIAN_POINT('Ctrl Pts',(-28.8949342821355,0.2,-81.008218830246));
#8465=CARTESIAN_POINT('',(-28.8949342821355,0.,-81.008218830246));
#8466=CARTESIAN_POINT('Ctrl Pts',(-28.7116279665025,0.,-81.3936321092693));
#8467=CARTESIAN_POINT('Ctrl Pts',(-28.7116279665025,0.2,-81.3936321092693));
#8468=CARTESIAN_POINT('Ctrl Pts',(-28.8056312052887,0.,-81.3301799230887));
#8469=CARTESIAN_POINT('Ctrl Pts',(-28.8056312052887,0.2,-81.3301799230887));
#8470=CARTESIAN_POINT('Ctrl Pts',(-28.8949342821355,0.,-81.1351232026074));
#8471=CARTESIAN_POINT('Ctrl Pts',(-28.8949342821355,0.2,-81.1351232026074));
#8472=CARTESIAN_POINT('Ctrl Pts',(-28.8949342821355,0.,-81.008218830246));
#8473=CARTESIAN_POINT('Ctrl Pts',(-28.8949342821355,0.2,-81.008218830246));
#8474=CARTESIAN_POINT('Ctrl Pts',(-28.8949342821355,0.,-81.008218830246));
#8475=CARTESIAN_POINT('Ctrl Pts',(-28.8949342821355,0.,-81.1351232026074));
#8476=CARTESIAN_POINT('Ctrl Pts',(-28.8056312052887,0.,-81.3301799230887));
#8477=CARTESIAN_POINT('Ctrl Pts',(-28.7116279665025,0.,-81.3936321092693));
#8478=CARTESIAN_POINT('Ctrl Pts',(-28.8949342821355,0.2,-81.008218830246));
#8479=CARTESIAN_POINT('Ctrl Pts',(-28.8949342821355,0.2,-81.1351232026074));
#8480=CARTESIAN_POINT('Ctrl Pts',(-28.8056312052887,0.2,-81.3301799230887));
#8481=CARTESIAN_POINT('Ctrl Pts',(-28.7116279665025,0.2,-81.3936321092693));
#8482=CARTESIAN_POINT('Origin',(-28.6951773997149,0.,-80.1880405718367));
#8483=CARTESIAN_POINT('',(-28.6951773997149,0.,-80.1880405718367));
#8484=CARTESIAN_POINT('',(-29.7268629453932,0.,-78.9260470911323));
#8485=CARTESIAN_POINT('',(-39.8804176508904,0.,-66.5058674172097));
#8486=CARTESIAN_POINT('',(-28.6951773997149,0.2,-80.1880405718367));
#8487=CARTESIAN_POINT('',(-28.6951773997149,0.,-80.1880405718367));
#8488=CARTESIAN_POINT('',(-29.7268629453932,0.2,-78.9260470911323));
#8489=CARTESIAN_POINT('',(-28.6951773997149,0.2,-80.1880405718367));
#8490=CARTESIAN_POINT('',(-29.7268629453932,0.,-78.9260470911323));
#8491=CARTESIAN_POINT('Ctrl Pts',(-29.2967981279464,0.,-81.0387698828515));
#8492=CARTESIAN_POINT('Ctrl Pts',(-29.2967981279464,0.2,-81.0387698828515));
#8493=CARTESIAN_POINT('Ctrl Pts',(-29.2967981279464,0.,-80.7215089519482));
#8494=CARTESIAN_POINT('Ctrl Pts',(-29.2967981279464,0.2,-80.7215089519482));
#8495=CARTESIAN_POINT('Ctrl Pts',(-28.9724869541341,0.,-80.2914441345014));
#8496=CARTESIAN_POINT('Ctrl Pts',(-28.9724869541341,0.2,-80.2914441345014));
#8497=CARTESIAN_POINT('Ctrl Pts',(-28.6951773997149,0.,-80.1880405718367));
#8498=CARTESIAN_POINT('Ctrl Pts',(-28.6951773997149,0.2,-80.1880405718367));
#8499=CARTESIAN_POINT('',(-29.2967981279464,0.,-81.0387698828515));
#8500=CARTESIAN_POINT('Ctrl Pts',(-29.2967981279464,0.,-81.0387698828515));
#8501=CARTESIAN_POINT('Ctrl Pts',(-29.2967981279464,0.,-80.7215089519482));
#8502=CARTESIAN_POINT('Ctrl Pts',(-28.9724869541341,0.,-80.2914441345014));
#8503=CARTESIAN_POINT('Ctrl Pts',(-28.6951773997149,0.,-80.1880405718367));
#8504=CARTESIAN_POINT('',(-29.2967981279464,0.2,-81.0387698828515));
#8505=CARTESIAN_POINT('',(-29.2967981279464,0.,-81.0387698828515));
#8506=CARTESIAN_POINT('Ctrl Pts',(-29.2967981279464,0.2,-81.0387698828515));
#8507=CARTESIAN_POINT('Ctrl Pts',(-29.2967981279464,0.2,-80.7215089519482));
#8508=CARTESIAN_POINT('Ctrl Pts',(-28.9724869541341,0.2,-80.2914441345014));
#8509=CARTESIAN_POINT('Ctrl Pts',(-28.6951773997149,0.2,-80.1880405718367));
#8510=CARTESIAN_POINT('Ctrl Pts',(-28.9677867921948,0.,-81.6732917446582));
#8511=CARTESIAN_POINT('Ctrl Pts',(-28.9677867921948,0.2,-81.6732917446582));
#8512=CARTESIAN_POINT('Ctrl Pts',(-29.1205420552224,0.,-81.5745883439327));
#8513=CARTESIAN_POINT('Ctrl Pts',(-29.1205420552224,0.2,-81.5745883439327));
#8514=CARTESIAN_POINT('Ctrl Pts',(-29.2967981279464,0.,-81.266727736908));
#8515=CARTESIAN_POINT('Ctrl Pts',(-29.2967981279464,0.2,-81.266727736908));
#8516=CARTESIAN_POINT('Ctrl Pts',(-29.2967981279464,0.,-81.0387698828515));
#8517=CARTESIAN_POINT('Ctrl Pts',(-29.2967981279464,0.2,-81.0387698828515));
#8518=CARTESIAN_POINT('',(-28.9677867921948,0.,-81.6732917446582));
#8519=CARTESIAN_POINT('Ctrl Pts',(-28.9677867921948,0.,-81.6732917446582));
#8520=CARTESIAN_POINT('Ctrl Pts',(-29.1205420552224,0.,-81.5745883439327));
#8521=CARTESIAN_POINT('Ctrl Pts',(-29.2967981279464,0.,-81.266727736908));
#8522=CARTESIAN_POINT('Ctrl Pts',(-29.2967981279464,0.,-81.0387698828515));
#8523=CARTESIAN_POINT('',(-28.9677867921948,0.2,-81.6732917446582));
#8524=CARTESIAN_POINT('',(-28.9677867921948,0.,-81.6732917446582));
#8525=CARTESIAN_POINT('Ctrl Pts',(-28.9677867921948,0.2,-81.6732917446582));
#8526=CARTESIAN_POINT('Ctrl Pts',(-29.1205420552224,0.2,-81.5745883439327));
#8527=CARTESIAN_POINT('Ctrl Pts',(-29.2967981279464,0.2,-81.266727736908));
#8528=CARTESIAN_POINT('Ctrl Pts',(-29.2967981279464,0.2,-81.0387698828515));
#8529=CARTESIAN_POINT('Ctrl Pts',(-28.2298613677234,0.,-81.8260470076858));
#8530=CARTESIAN_POINT('Ctrl Pts',(-28.2298613677234,0.2,-81.8260470076858));
#8531=CARTESIAN_POINT('Ctrl Pts',(-28.4789699505067,0.,-81.8260470076858));
#8532=CARTESIAN_POINT('Ctrl Pts',(-28.4789699505067,0.2,-81.8260470076858));
#8533=CARTESIAN_POINT('Ctrl Pts',(-28.8150315291673,0.,-81.7719951453837));
#8534=CARTESIAN_POINT('Ctrl Pts',(-28.8150315291673,0.2,-81.7719951453837));
#8535=CARTESIAN_POINT('Ctrl Pts',(-28.9677867921948,0.,-81.6732917446582));
#8536=CARTESIAN_POINT('Ctrl Pts',(-28.9677867921948,0.2,-81.6732917446582));
#8537=CARTESIAN_POINT('',(-28.2298613677234,0.,-81.8260470076858));
#8538=CARTESIAN_POINT('Ctrl Pts',(-28.2298613677234,0.,-81.8260470076858));
#8539=CARTESIAN_POINT('Ctrl Pts',(-28.4789699505067,0.,-81.8260470076858));
#8540=CARTESIAN_POINT('Ctrl Pts',(-28.8150315291673,0.,-81.7719951453837));
#8541=CARTESIAN_POINT('Ctrl Pts',(-28.9677867921948,0.,-81.6732917446582));
#8542=CARTESIAN_POINT('',(-28.2298613677234,0.2,-81.8260470076858));
#8543=CARTESIAN_POINT('',(-28.2298613677234,0.,-81.8260470076858));
#8544=CARTESIAN_POINT('Ctrl Pts',(-28.2298613677234,0.2,-81.8260470076858));
#8545=CARTESIAN_POINT('Ctrl Pts',(-28.4789699505067,0.2,-81.8260470076858));
#8546=CARTESIAN_POINT('Ctrl Pts',(-28.8150315291673,0.2,-81.7719951453837));
#8547=CARTESIAN_POINT('Ctrl Pts',(-28.9677867921948,0.2,-81.6732917446582));
#8548=CARTESIAN_POINT('Origin',(-27.4825356193733,0.,-81.8260470076858));
#8549=CARTESIAN_POINT('',(-27.4825356193733,0.,-81.8260470076858));
#8550=CARTESIAN_POINT('',(-37.2412678096866,0.,-81.8260470076858));
#8551=CARTESIAN_POINT('',(-27.4825356193733,0.2,-81.8260470076858));
#8552=CARTESIAN_POINT('',(-27.4825356193733,0.,-81.8260470076858));
#8553=CARTESIAN_POINT('',(-27.4825356193733,0.2,-81.8260470076858));
#8554=CARTESIAN_POINT('Origin',(-27.4825356193733,0.,-78.9260470911323));
#8555=CARTESIAN_POINT('',(-27.4825356193733,0.,-78.9260470911323));
#8556=CARTESIAN_POINT('',(-27.4825356193733,0.,-64.2130235455661));
#8557=CARTESIAN_POINT('',(-27.4825356193733,0.2,-78.9260470911323));
#8558=CARTESIAN_POINT('',(-27.4825356193733,0.,-78.9260470911323));
#8559=CARTESIAN_POINT('',(-27.4825356193733,0.2,-78.9260470911323));
#8560=CARTESIAN_POINT('Origin',(-27.8679488983966,0.,-78.9260470911323));
#8561=CARTESIAN_POINT('',(-27.8679488983966,0.,-78.9260470911323));
#8562=CARTESIAN_POINT('',(-37.4339744491983,0.,-78.9260470911323));
#8563=CARTESIAN_POINT('',(-27.8679488983966,0.2,-78.9260470911323));
#8564=CARTESIAN_POINT('',(-27.8679488983966,0.,-78.9260470911323));
#8565=CARTESIAN_POINT('',(-27.8679488983966,0.2,-78.9260470911323));
#8566=CARTESIAN_POINT('Origin',(-27.8679488983966,0.,-80.0799368472325));
#8567=CARTESIAN_POINT('',(-27.8679488983966,0.,-80.0799368472325));
#8568=CARTESIAN_POINT('',(-27.8679488983966,0.,-64.7899684236163));
#8569=CARTESIAN_POINT('',(-27.8679488983966,0.2,-80.0799368472325));
#8570=CARTESIAN_POINT('',(-27.8679488983966,0.,-80.0799368472325));
#8571=CARTESIAN_POINT('',(-27.8679488983966,0.2,-80.0799368472325));
#8572=CARTESIAN_POINT('Origin',(-28.3097641206916,0.,-80.0799368472325));
#8573=CARTESIAN_POINT('',(-28.3097641206916,0.,-80.0799368472325));
#8574=CARTESIAN_POINT('',(-37.6548820603458,0.,-80.0799368472325));
#8575=CARTESIAN_POINT('',(-28.3097641206916,0.2,-80.0799368472325));
#8576=CARTESIAN_POINT('',(-28.3097641206916,0.,-80.0799368472325));
#8577=CARTESIAN_POINT('',(-28.3097641206916,0.2,-80.0799368472325));
#8578=CARTESIAN_POINT('Origin',(-29.2262956988568,0.,-78.9260470911323));
#8579=CARTESIAN_POINT('',(-29.2262956988568,0.,-78.9260470911323));
#8580=CARTESIAN_POINT('',(-39.8297762608433,0.,-65.5765369477083));
#8581=CARTESIAN_POINT('',(-29.2262956988568,0.2,-78.9260470911323));
#8582=CARTESIAN_POINT('',(-29.2262956988568,0.,-78.9260470911323));
#8583=CARTESIAN_POINT('',(-29.2262956988568,0.2,-78.9260470911323));
#8584=CARTESIAN_POINT('Origin',(-29.7268629453932,0.,-78.9260470911323));
#8585=CARTESIAN_POINT('',(-38.3634314726966,0.,-78.9260470911323));
#8586=CARTESIAN_POINT('',(-29.7268629453932,0.2,-78.9260470911323));
#8587=CARTESIAN_POINT('Origin',(-28.3505430212548,0.2,-80.1582820576153));
#8588=CARTESIAN_POINT('Origin',(-24.0490673227082,0.,-80.0658363614146));
#8589=CARTESIAN_POINT('',(-24.4955827069426,0.,-81.4312334047838));
#8590=CARTESIAN_POINT('',(-24.0490673227082,0.,-80.0658363614146));
#8591=CARTESIAN_POINT('',(-20.6427257373055,0.,-69.6496023555253));
#8592=CARTESIAN_POINT('',(-24.4955827069426,0.2,-81.4312334047838));
#8593=CARTESIAN_POINT('',(-24.4955827069426,0.,-81.4312334047838));
#8594=CARTESIAN_POINT('',(-24.0490673227082,0.2,-80.0658363614146));
#8595=CARTESIAN_POINT('',(-24.0740853391532,0.2,-80.1423388222279));
#8596=CARTESIAN_POINT('',(-24.0490673227082,0.,-80.0658363614146));
#8597=CARTESIAN_POINT('Origin',(-24.9444481721465,0.,-80.0658363614146));
#8598=CARTESIAN_POINT('',(-24.9444481721465,0.,-80.0658363614146));
#8599=CARTESIAN_POINT('',(-35.9722240860733,0.,-80.0658363614146));
#8600=CARTESIAN_POINT('',(-24.9444481721465,0.2,-80.0658363614146));
#8601=CARTESIAN_POINT('',(-24.7242406315702,0.2,-80.0658363614146));
#8602=CARTESIAN_POINT('',(-24.9444481721465,0.,-80.0658363614146));
#8603=CARTESIAN_POINT('Origin',(-24.4955827069426,0.,-81.4312334047838));
#8604=CARTESIAN_POINT('',(-30.3297197148591,0.,-63.6844606215401));
#8605=CARTESIAN_POINT('',(-24.6954847830463,0.2,-80.8231543146463));
#8606=CARTESIAN_POINT('Origin',(-23.6801046104725,0.,-78.9260470911323));
#8607=CARTESIAN_POINT('',(-23.6801046104725,0.,-78.9260470911323));
#8608=CARTESIAN_POINT('',(-23.2899911695099,0.,-78.9260470911323));
#8609=CARTESIAN_POINT('',(-35.3400523052362,0.,-78.9260470911323));
#8610=CARTESIAN_POINT('',(-23.6801046104725,0.2,-78.9260470911323));
#8611=CARTESIAN_POINT('',(-23.6801046104725,0.,-78.9260470911323));
#8612=CARTESIAN_POINT('',(-23.2899911695099,0.2,-78.9260470911323));
#8613=CARTESIAN_POINT('',(-23.6801046104725,0.2,-78.9260470911323));
#8614=CARTESIAN_POINT('',(-23.2899911695099,0.,-78.9260470911323));
#8615=CARTESIAN_POINT('Origin',(-23.9433136790738,0.,-79.736825025663));
#8616=CARTESIAN_POINT('',(-23.9433136790738,0.,-79.736825025663));
#8617=CARTESIAN_POINT('',(-20.6023752901603,0.,-69.4455415955276));
#8618=CARTESIAN_POINT('',(-23.9433136790738,0.2,-79.736825025663));
#8619=CARTESIAN_POINT('',(-23.9433136790738,0.,-79.736825025663));
#8620=CARTESIAN_POINT('',(-23.9433136790738,0.2,-79.736825025663));
#8621=CARTESIAN_POINT('Origin',(-25.050201815781,0.,-79.736825025663));
#8622=CARTESIAN_POINT('',(-25.050201815781,0.,-79.736825025663));
#8623=CARTESIAN_POINT('',(-36.0251009078905,0.,-79.736825025663));
#8624=CARTESIAN_POINT('',(-25.050201815781,0.2,-79.736825025663));
#8625=CARTESIAN_POINT('',(-25.050201815781,0.,-79.736825025663));
#8626=CARTESIAN_POINT('',(-25.050201815781,0.2,-79.736825025663));
#8627=CARTESIAN_POINT('Origin',(-25.3134108843823,0.,-78.9260470911323));
#8628=CARTESIAN_POINT('',(-25.3134108843823,0.,-78.9260470911323));
#8629=CARTESIAN_POINT('',(-30.6682400366433,0.,-62.4312608631854));
#8630=CARTESIAN_POINT('',(-25.3134108843823,0.2,-78.9260470911323));
#8631=CARTESIAN_POINT('',(-25.3134108843823,0.,-78.9260470911323));
#8632=CARTESIAN_POINT('',(-25.3134108843823,0.2,-78.9260470911323));
#8633=CARTESIAN_POINT('Origin',(-25.7199748921325,0.,-78.9260470911323));
#8634=CARTESIAN_POINT('',(-25.7199748921325,0.,-78.9260470911323));
#8635=CARTESIAN_POINT('',(-36.3599874460662,0.,-78.9260470911323));
#8636=CARTESIAN_POINT('',(-25.7199748921325,0.2,-78.9260470911323));
#8637=CARTESIAN_POINT('',(-25.7199748921325,0.,-78.9260470911323));
#8638=CARTESIAN_POINT('',(-25.7199748921325,0.2,-78.9260470911323));
#8639=CARTESIAN_POINT('Origin',(-24.7423412087563,0.,-81.8260470076858));
#8640=CARTESIAN_POINT('',(-24.7423412087563,0.,-81.8260470076858));
#8641=CARTESIAN_POINT('',(-30.7707817655193,0.,-63.9436055484415));
#8642=CARTESIAN_POINT('',(-24.7423412087563,0.2,-81.8260470076858));
#8643=CARTESIAN_POINT('',(-24.7423412087563,0.,-81.8260470076858));
#8644=CARTESIAN_POINT('',(-24.7423412087563,0.2,-81.8260470076858));
#8645=CARTESIAN_POINT('Origin',(-24.2676248528861,0.,-81.8260470076858));
#8646=CARTESIAN_POINT('',(-24.2676248528861,0.,-81.8260470076858));
#8647=CARTESIAN_POINT('',(-35.633812426443,0.,-81.8260470076858));
#8648=CARTESIAN_POINT('',(-24.2676248528861,0.2,-81.8260470076858));
#8649=CARTESIAN_POINT('',(-24.2676248528861,0.,-81.8260470076858));
#8650=CARTESIAN_POINT('',(-24.2676248528861,0.2,-81.8260470076858));
#8651=CARTESIAN_POINT('Origin',(-23.2899911695099,0.,-78.9260470911323));
#8652=CARTESIAN_POINT('',(-20.0459625184032,0.,-69.3031351789553));
#8653=CARTESIAN_POINT('',(-23.2899911695099,0.2,-78.9260470911323));
#8654=CARTESIAN_POINT('Origin',(-24.5040330909938,0.2,-80.0864201991769));
#8655=CARTESIAN_POINT('Origin',(-27.0054691825334,0.,-79.2221572933087));
#8656=CARTESIAN_POINT('',(-27.0054691825334,0.,-79.2221572933087));
#8657=CARTESIAN_POINT('',(-27.0054691825334,0.,-78.9260470911323));
#8658=CARTESIAN_POINT('',(-27.0054691825334,0.,-64.3610786466544));
#8659=CARTESIAN_POINT('',(-27.0054691825334,0.2,-79.2221572933087));
#8660=CARTESIAN_POINT('',(-27.0054691825334,0.,-79.2221572933087));
#8661=CARTESIAN_POINT('',(-27.0054691825334,0.2,-78.9260470911323));
#8662=CARTESIAN_POINT('',(-27.0054691825334,0.2,-79.2221572933087));
#8663=CARTESIAN_POINT('',(-27.0054691825334,0.,-78.9260470911323));
#8664=CARTESIAN_POINT('Origin',(-26.6365064702977,0.,-79.2221572933087));
#8665=CARTESIAN_POINT('',(-26.6365064702977,0.,-79.2221572933087));
#8666=CARTESIAN_POINT('',(-36.8182532351489,0.,-79.2221572933087));
#8667=CARTESIAN_POINT('',(-26.6365064702977,0.2,-79.2221572933087));
#8668=CARTESIAN_POINT('',(-26.6365064702977,0.,-79.2221572933087));
#8669=CARTESIAN_POINT('',(-26.6365064702977,0.2,-79.2221572933087));
#8670=CARTESIAN_POINT('Origin',(-26.6365064702977,0.,-81.5299368055093));
#8671=CARTESIAN_POINT('',(-26.6365064702977,0.,-81.5299368055093));
#8672=CARTESIAN_POINT('',(-26.6365064702977,0.,-65.5149684027546));
#8673=CARTESIAN_POINT('',(-26.6365064702977,0.2,-81.5299368055093));
#8674=CARTESIAN_POINT('',(-26.6365064702977,0.,-81.5299368055093));
#8675=CARTESIAN_POINT('',(-26.6365064702977,0.2,-81.5299368055093));
#8676=CARTESIAN_POINT('Origin',(-27.0054691825334,0.,-81.5299368055093));
#8677=CARTESIAN_POINT('',(-27.0054691825334,0.,-81.5299368055093));
#8678=CARTESIAN_POINT('',(-37.0027345912667,0.,-81.5299368055093));
#8679=CARTESIAN_POINT('',(-27.0054691825334,0.2,-81.5299368055093));
#8680=CARTESIAN_POINT('',(-27.0054691825334,0.,-81.5299368055093));
#8681=CARTESIAN_POINT('',(-27.0054691825334,0.2,-81.5299368055093));
#8682=CARTESIAN_POINT('Origin',(-27.0054691825334,0.,-81.8260470076858));
#8683=CARTESIAN_POINT('',(-27.0054691825334,0.,-81.8260470076858));
#8684=CARTESIAN_POINT('',(-27.0054691825334,0.,-65.6630235038429));
#8685=CARTESIAN_POINT('',(-27.0054691825334,0.2,-81.8260470076858));
#8686=CARTESIAN_POINT('',(-27.0054691825334,0.,-81.8260470076858));
#8687=CARTESIAN_POINT('',(-27.0054691825334,0.2,-81.8260470076858));
#8688=CARTESIAN_POINT('Origin',(-25.8821304790386,0.,-81.8260470076858));
#8689=CARTESIAN_POINT('',(-25.8821304790386,0.,-81.8260470076858));
#8690=CARTESIAN_POINT('',(-36.4410652395193,0.,-81.8260470076858));
#8691=CARTESIAN_POINT('',(-25.8821304790386,0.2,-81.8260470076858));
#8692=CARTESIAN_POINT('',(-25.8821304790386,0.,-81.8260470076858));
#8693=CARTESIAN_POINT('',(-25.8821304790386,0.2,-81.8260470076858));
#8694=CARTESIAN_POINT('Origin',(-25.8821304790386,0.,-81.5299368055093));
#8695=CARTESIAN_POINT('',(-25.8821304790386,0.,-81.5299368055093));
#8696=CARTESIAN_POINT('',(-25.8821304790386,0.,-65.5149684027546));
#8697=CARTESIAN_POINT('',(-25.8821304790386,0.2,-81.5299368055093));
#8698=CARTESIAN_POINT('',(-25.8821304790386,0.,-81.5299368055093));
#8699=CARTESIAN_POINT('',(-25.8821304790386,0.2,-81.5299368055093));
#8700=CARTESIAN_POINT('Origin',(-26.2510931912744,0.,-81.5299368055093));
#8701=CARTESIAN_POINT('',(-26.2510931912744,0.,-81.5299368055093));
#8702=CARTESIAN_POINT('',(-36.6255465956372,0.,-81.5299368055093));
#8703=CARTESIAN_POINT('',(-26.2510931912744,0.2,-81.5299368055093));
#8704=CARTESIAN_POINT('',(-26.2510931912744,0.,-81.5299368055093));
#8705=CARTESIAN_POINT('',(-26.2510931912744,0.2,-81.5299368055093));
#8706=CARTESIAN_POINT('Origin',(-26.2510931912744,0.,-79.2221572933087));
#8707=CARTESIAN_POINT('',(-26.2510931912744,0.,-79.2221572933087));
#8708=CARTESIAN_POINT('',(-26.2510931912744,0.,-64.3610786466544));
#8709=CARTESIAN_POINT('',(-26.2510931912744,0.2,-79.2221572933087));
#8710=CARTESIAN_POINT('',(-26.2510931912744,0.,-79.2221572933087));
#8711=CARTESIAN_POINT('',(-26.2510931912744,0.2,-79.2221572933087));
#8712=CARTESIAN_POINT('Origin',(-25.8821304790386,0.,-79.2221572933087));
#8713=CARTESIAN_POINT('',(-25.8821304790386,0.,-79.2221572933087));
#8714=CARTESIAN_POINT('',(-36.4410652395193,0.,-79.2221572933087));
#8715=CARTESIAN_POINT('',(-25.8821304790386,0.2,-79.2221572933087));
#8716=CARTESIAN_POINT('',(-25.8821304790386,0.,-79.2221572933087));
#8717=CARTESIAN_POINT('',(-25.8821304790386,0.2,-79.2221572933087));
#8718=CARTESIAN_POINT('Origin',(-25.8821304790386,0.,-78.9260470911323));
#8719=CARTESIAN_POINT('',(-25.8821304790386,0.,-78.9260470911323));
#8720=CARTESIAN_POINT('',(-25.8821304790386,0.,-64.2130235455661));
#8721=CARTESIAN_POINT('',(-25.8821304790386,0.2,-78.9260470911323));
#8722=CARTESIAN_POINT('',(-25.8821304790386,0.,-78.9260470911323));
#8723=CARTESIAN_POINT('',(-25.8821304790386,0.2,-78.9260470911323));
#8724=CARTESIAN_POINT('Origin',(-27.0054691825334,0.,-78.9260470911323));
#8725=CARTESIAN_POINT('',(-37.0027345912667,0.,-78.9260470911323));
#8726=CARTESIAN_POINT('',(-27.0054691825334,0.2,-78.9260470911323));
#8727=CARTESIAN_POINT('Origin',(-26.443799830786,0.2,-80.376047049409));
#8728=CARTESIAN_POINT('Origin',(-35.7101690941332,0.,-78.9260470911323));
#8729=CARTESIAN_POINT('',(-35.7101690941332,0.,-78.9260470911323));
#8730=CARTESIAN_POINT('',(-33.8959065855601,0.,-78.9260470911323));
#8731=CARTESIAN_POINT('',(-41.3550845470666,0.,-78.9260470911323));
#8732=CARTESIAN_POINT('',(-35.7101690941332,0.2,-78.9260470911323));
#8733=CARTESIAN_POINT('',(-35.7101690941332,0.,-78.9260470911323));
#8734=CARTESIAN_POINT('',(-33.8959065855601,0.2,-78.9260470911323));
#8735=CARTESIAN_POINT('',(-35.7101690941332,0.2,-78.9260470911323));
#8736=CARTESIAN_POINT('',(-33.8959065855601,0.,-78.9260470911323));
#8737=CARTESIAN_POINT('Origin',(-35.7101690941332,0.,-79.2691589127018));
#8738=CARTESIAN_POINT('',(-35.7101690941332,0.,-79.2691589127018));
#8739=CARTESIAN_POINT('',(-35.7101690941332,0.,-64.3845794563509));
#8740=CARTESIAN_POINT('',(-35.7101690941332,0.2,-79.2691589127018));
#8741=CARTESIAN_POINT('',(-35.7101690941332,0.,-79.2691589127018));
#8742=CARTESIAN_POINT('',(-35.7101690941332,0.2,-79.2691589127018));
#8743=CARTESIAN_POINT('Origin',(-34.2813198645834,0.,-79.2691589127018));
#8744=CARTESIAN_POINT('',(-34.2813198645834,0.,-79.2691589127018));
#8745=CARTESIAN_POINT('',(-40.6406599322917,0.,-79.2691589127018));
#8746=CARTESIAN_POINT('',(-34.2813198645834,0.2,-79.2691589127018));
#8747=CARTESIAN_POINT('',(-34.2813198645834,0.,-79.2691589127018));
#8748=CARTESIAN_POINT('',(-34.2813198645834,0.2,-79.2691589127018));
#8749=CARTESIAN_POINT('Origin',(-34.2813198645834,0.,-80.3454959968035));
#8750=CARTESIAN_POINT('',(-34.2813198645834,0.,-80.3454959968035));
#8751=CARTESIAN_POINT('',(-34.2813198645834,0.,-64.9227479984017));
#8752=CARTESIAN_POINT('',(-34.2813198645834,0.2,-80.3454959968035));
#8753=CARTESIAN_POINT('',(-34.2813198645834,0.,-80.3454959968035));
#8754=CARTESIAN_POINT('',(-34.2813198645834,0.2,-80.3454959968035));
#8755=CARTESIAN_POINT('Origin',(-35.6138157743774,0.,-80.3454959968035));
#8756=CARTESIAN_POINT('',(-35.6138157743774,0.,-80.3454959968035));
#8757=CARTESIAN_POINT('',(-41.3069078871887,0.,-80.3454959968035));
#8758=CARTESIAN_POINT('',(-35.6138157743774,0.2,-80.3454959968035));
#8759=CARTESIAN_POINT('',(-35.6138157743774,0.,-80.3454959968035));
#8760=CARTESIAN_POINT('',(-35.6138157743774,0.2,-80.3454959968035));
#8761=CARTESIAN_POINT('Origin',(-35.6138157743774,0.,-80.688607818373));
#8762=CARTESIAN_POINT('',(-35.6138157743774,0.,-80.688607818373));
#8763=CARTESIAN_POINT('',(-35.6138157743774,0.,-65.0943039091865));
#8764=CARTESIAN_POINT('',(-35.6138157743774,0.2,-80.688607818373));
#8765=CARTESIAN_POINT('',(-35.6138157743774,0.,-80.688607818373));
#8766=CARTESIAN_POINT('',(-35.6138157743774,0.2,-80.688607818373));
#8767=CARTESIAN_POINT('Origin',(-34.2813198645834,0.,-80.688607818373));
#8768=CARTESIAN_POINT('',(-34.2813198645834,0.,-80.688607818373));
#8769=CARTESIAN_POINT('',(-40.6406599322917,0.,-80.688607818373));
#8770=CARTESIAN_POINT('',(-34.2813198645834,0.2,-80.688607818373));
#8771=CARTESIAN_POINT('',(-34.2813198645834,0.,-80.688607818373));
#8772=CARTESIAN_POINT('',(-34.2813198645834,0.2,-80.688607818373));
#8773=CARTESIAN_POINT('Origin',(-34.2813198645834,0.,-81.4829351861162));
#8774=CARTESIAN_POINT('',(-34.2813198645834,0.,-81.4829351861162));
#8775=CARTESIAN_POINT('',(-34.2813198645834,0.,-65.4914675930581));
#8776=CARTESIAN_POINT('',(-34.2813198645834,0.2,-81.4829351861162));
#8777=CARTESIAN_POINT('',(-34.2813198645834,0.,-81.4829351861162));
#8778=CARTESIAN_POINT('',(-34.2813198645834,0.2,-81.4829351861162));
#8779=CARTESIAN_POINT('Origin',(-35.7101690941332,0.,-81.4829351861162));
#8780=CARTESIAN_POINT('',(-35.7101690941332,0.,-81.4829351861162));
#8781=CARTESIAN_POINT('',(-41.3550845470666,0.,-81.4829351861162));
#8782=CARTESIAN_POINT('',(-35.7101690941332,0.2,-81.4829351861162));
#8783=CARTESIAN_POINT('',(-35.7101690941332,0.,-81.4829351861162));
#8784=CARTESIAN_POINT('',(-35.7101690941332,0.2,-81.4829351861162));
#8785=CARTESIAN_POINT('Origin',(-35.7101690941332,0.,-81.8260470076858));
#8786=CARTESIAN_POINT('',(-35.7101690941332,0.,-81.8260470076858));
#8787=CARTESIAN_POINT('',(-35.7101690941332,0.,-65.6630235038429));
#8788=CARTESIAN_POINT('',(-35.7101690941332,0.2,-81.8260470076858));
#8789=CARTESIAN_POINT('',(-35.7101690941332,0.,-81.8260470076858));
#8790=CARTESIAN_POINT('',(-35.7101690941332,0.2,-81.8260470076858));
#8791=CARTESIAN_POINT('Origin',(-33.8959065855601,0.,-81.8260470076858));
#8792=CARTESIAN_POINT('',(-33.8959065855601,0.,-81.8260470076858));
#8793=CARTESIAN_POINT('',(-40.44795329278,0.,-81.8260470076858));
#8794=CARTESIAN_POINT('',(-33.8959065855601,0.2,-81.8260470076858));
#8795=CARTESIAN_POINT('',(-33.8959065855601,0.,-81.8260470076858));
#8796=CARTESIAN_POINT('',(-33.8959065855601,0.2,-81.8260470076858));
#8797=CARTESIAN_POINT('Origin',(-33.8959065855601,0.,-78.9260470911323));
#8798=CARTESIAN_POINT('',(-33.89590658556,0.,-64.2130235455661));
#8799=CARTESIAN_POINT('',(-33.8959065855601,0.2,-78.9260470911323));
#8800=CARTESIAN_POINT('Origin',(-34.6846468777506,0.2,-80.4011805780439));
#8801=CARTESIAN_POINT('Origin',(-42.6687588452798,0.,-78.9260470911323));
#8802=CARTESIAN_POINT('',(-42.6687588452798,0.,-78.9260470911323));
#8803=CARTESIAN_POINT('',(-40.8544963367066,0.,-78.9260470911323));
#8804=CARTESIAN_POINT('',(-44.8343794226399,0.,-78.9260470911323));
#8805=CARTESIAN_POINT('',(-42.6687588452798,0.2,-78.9260470911323));
#8806=CARTESIAN_POINT('',(-42.6687588452798,0.,-78.9260470911323));
#8807=CARTESIAN_POINT('',(-40.8544963367066,0.2,-78.9260470911323));
#8808=CARTESIAN_POINT('',(-42.6687588452798,0.2,-78.9260470911323));
#8809=CARTESIAN_POINT('',(-40.8544963367066,0.,-78.9260470911323));
#8810=CARTESIAN_POINT('Origin',(-42.6687588452798,0.,-79.2691589127018));
#8811=CARTESIAN_POINT('',(-42.6687588452798,0.,-79.2691589127018));
#8812=CARTESIAN_POINT('',(-42.6687588452798,0.,-64.3845794563509));
#8813=CARTESIAN_POINT('',(-42.6687588452798,0.2,-79.2691589127018));
#8814=CARTESIAN_POINT('',(-42.6687588452798,0.,-79.2691589127018));
#8815=CARTESIAN_POINT('',(-42.6687588452798,0.2,-79.2691589127018));
#8816=CARTESIAN_POINT('Origin',(-41.23990961573,0.,-79.2691589127018));
#8817=CARTESIAN_POINT('',(-41.23990961573,0.,-79.2691589127018));
#8818=CARTESIAN_POINT('',(-44.119954807865,0.,-79.2691589127018));
#8819=CARTESIAN_POINT('',(-41.23990961573,0.2,-79.2691589127018));
#8820=CARTESIAN_POINT('',(-41.23990961573,0.,-79.2691589127018));
#8821=CARTESIAN_POINT('',(-41.23990961573,0.2,-79.2691589127018));
#8822=CARTESIAN_POINT('Origin',(-41.23990961573,0.,-80.3454959968035));
#8823=CARTESIAN_POINT('',(-41.23990961573,0.,-80.3454959968035));
#8824=CARTESIAN_POINT('',(-41.23990961573,0.,-64.9227479984017));
#8825=CARTESIAN_POINT('',(-41.23990961573,0.2,-80.3454959968035));
#8826=CARTESIAN_POINT('',(-41.23990961573,0.,-80.3454959968035));
#8827=CARTESIAN_POINT('',(-41.23990961573,0.2,-80.3454959968035));
#8828=CARTESIAN_POINT('Origin',(-42.572405525524,0.,-80.3454959968035));
#8829=CARTESIAN_POINT('',(-42.572405525524,0.,-80.3454959968035));
#8830=CARTESIAN_POINT('',(-44.786202762762,0.,-80.3454959968035));
#8831=CARTESIAN_POINT('',(-42.572405525524,0.2,-80.3454959968035));
#8832=CARTESIAN_POINT('',(-42.572405525524,0.,-80.3454959968035));
#8833=CARTESIAN_POINT('',(-42.572405525524,0.2,-80.3454959968035));
#8834=CARTESIAN_POINT('Origin',(-42.572405525524,0.,-80.688607818373));
#8835=CARTESIAN_POINT('',(-42.572405525524,0.,-80.688607818373));
#8836=CARTESIAN_POINT('',(-42.572405525524,0.,-65.0943039091865));
#8837=CARTESIAN_POINT('',(-42.572405525524,0.2,-80.688607818373));
#8838=CARTESIAN_POINT('',(-42.572405525524,0.,-80.688607818373));
#8839=CARTESIAN_POINT('',(-42.572405525524,0.2,-80.688607818373));
#8840=CARTESIAN_POINT('Origin',(-41.23990961573,0.,-80.688607818373));
#8841=CARTESIAN_POINT('',(-41.23990961573,0.,-80.688607818373));
#8842=CARTESIAN_POINT('',(-44.119954807865,0.,-80.688607818373));
#8843=CARTESIAN_POINT('',(-41.23990961573,0.2,-80.688607818373));
#8844=CARTESIAN_POINT('',(-41.23990961573,0.,-80.688607818373));
#8845=CARTESIAN_POINT('',(-41.23990961573,0.2,-80.688607818373));
#8846=CARTESIAN_POINT('Origin',(-41.23990961573,0.,-81.4829351861162));
#8847=CARTESIAN_POINT('',(-41.23990961573,0.,-81.4829351861162));
#8848=CARTESIAN_POINT('',(-41.23990961573,0.,-65.4914675930581));
#8849=CARTESIAN_POINT('',(-41.23990961573,0.2,-81.4829351861162));
#8850=CARTESIAN_POINT('',(-41.23990961573,0.,-81.4829351861162));
#8851=CARTESIAN_POINT('',(-41.23990961573,0.2,-81.4829351861162));
#8852=CARTESIAN_POINT('Origin',(-42.6687588452798,0.,-81.4829351861162));
#8853=CARTESIAN_POINT('',(-42.6687588452798,0.,-81.4829351861162));
#8854=CARTESIAN_POINT('',(-44.8343794226399,0.,-81.4829351861162));
#8855=CARTESIAN_POINT('',(-42.6687588452798,0.2,-81.4829351861162));
#8856=CARTESIAN_POINT('',(-42.6687588452798,0.,-81.4829351861162));
#8857=CARTESIAN_POINT('',(-42.6687588452798,0.2,-81.4829351861162));
#8858=CARTESIAN_POINT('Origin',(-42.6687588452798,0.,-81.8260470076858));
#8859=CARTESIAN_POINT('',(-42.6687588452798,0.,-81.8260470076858));
#8860=CARTESIAN_POINT('',(-42.6687588452798,0.,-65.6630235038429));
#8861=CARTESIAN_POINT('',(-42.6687588452798,0.2,-81.8260470076858));
#8862=CARTESIAN_POINT('',(-42.6687588452798,0.,-81.8260470076858));
#8863=CARTESIAN_POINT('',(-42.6687588452798,0.2,-81.8260470076858));
#8864=CARTESIAN_POINT('Origin',(-40.8544963367066,0.,-81.8260470076858));
#8865=CARTESIAN_POINT('',(-40.8544963367066,0.,-81.8260470076858));
#8866=CARTESIAN_POINT('',(-43.9272481683533,0.,-81.8260470076858));
#8867=CARTESIAN_POINT('',(-40.8544963367066,0.2,-81.8260470076858));
#8868=CARTESIAN_POINT('',(-40.8544963367066,0.,-81.8260470076858));
#8869=CARTESIAN_POINT('',(-40.8544963367066,0.2,-81.8260470076858));
#8870=CARTESIAN_POINT('Origin',(-40.8544963367066,0.,-78.9260470911323));
#8871=CARTESIAN_POINT('',(-40.8544963367066,0.,-64.2130235455661));
#8872=CARTESIAN_POINT('',(-40.8544963367066,0.2,-78.9260470911323));
#8873=CARTESIAN_POINT('Origin',(-41.6432366288972,0.2,-80.4011805780439));
#8874=CARTESIAN_POINT('Ctrl Pts',(-50.3253226444138,0.,-81.5534376152058));
#8875=CARTESIAN_POINT('Ctrl Pts',(-50.3253226444138,0.2,-81.5534376152058));
#8876=CARTESIAN_POINT('Ctrl Pts',(-50.5274296078041,0.,-81.5534376152058));
#8877=CARTESIAN_POINT('Ctrl Pts',(-50.5274296078041,0.2,-81.5534376152058));
#8878=CARTESIAN_POINT('Ctrl Pts',(-50.8517407816164,0.,-81.403032433148));
#8879=CARTESIAN_POINT('Ctrl Pts',(-50.8517407816164,0.2,-81.403032433148));
#8880=CARTESIAN_POINT('Ctrl Pts',(-50.9668947491294,0.,-81.2526272510901));
#8881=CARTESIAN_POINT('Ctrl Pts',(-50.9668947491294,0.2,-81.2526272510901));
#8882=CARTESIAN_POINT('',(-50.9668947491294,0.,-81.2526272510901));
#8883=CARTESIAN_POINT('',(-50.3253226444138,0.,-81.5534376152058));
#8884=CARTESIAN_POINT('Ctrl Pts',(-50.9668947491294,0.,-81.2526272510901));
#8885=CARTESIAN_POINT('Ctrl Pts',(-50.8517407816164,0.,-81.403032433148));
#8886=CARTESIAN_POINT('Ctrl Pts',(-50.5274296078041,0.,-81.5534376152058));
#8887=CARTESIAN_POINT('Ctrl Pts',(-50.3253226444138,0.,-81.5534376152058));
#8888=CARTESIAN_POINT('',(-50.9668947491294,0.2,-81.2526272510901));
#8889=CARTESIAN_POINT('',(-50.9668947491294,0.,-81.2526272510901));
#8890=CARTESIAN_POINT('',(-50.3253226444138,0.2,-81.5534376152058));
#8891=CARTESIAN_POINT('Ctrl Pts',(-50.9668947491294,0.2,-81.2526272510901));
#8892=CARTESIAN_POINT('Ctrl Pts',(-50.8517407816164,0.2,-81.403032433148));
#8893=CARTESIAN_POINT('Ctrl Pts',(-50.5274296078041,0.2,-81.5534376152058));
#8894=CARTESIAN_POINT('Ctrl Pts',(-50.3253226444138,0.2,-81.5534376152058));
#8895=CARTESIAN_POINT('',(-50.3253226444138,0.,-81.5534376152058));
#8896=CARTESIAN_POINT('Ctrl Pts',(-49.6814004587285,0.,-81.2526272510901));
#8897=CARTESIAN_POINT('Ctrl Pts',(-49.6814004587285,0.2,-81.2526272510901));
#8898=CARTESIAN_POINT('Ctrl Pts',(-49.8012545881809,0.,-81.4077325950873));
#8899=CARTESIAN_POINT('Ctrl Pts',(-49.8012545881809,0.2,-81.4077325950873));
#8900=CARTESIAN_POINT('Ctrl Pts',(-50.1161654381145,0.,-81.5534376152058));
#8901=CARTESIAN_POINT('Ctrl Pts',(-50.1161654381145,0.2,-81.5534376152058));
#8902=CARTESIAN_POINT('Ctrl Pts',(-50.3253226444138,0.,-81.5534376152058));
#8903=CARTESIAN_POINT('Ctrl Pts',(-50.3253226444138,0.2,-81.5534376152058));
#8904=CARTESIAN_POINT('',(-49.6814004587285,0.,-81.2526272510901));
#8905=CARTESIAN_POINT('Ctrl Pts',(-50.3253226444138,0.,-81.5534376152058));
#8906=CARTESIAN_POINT('Ctrl Pts',(-50.1161654381145,0.,-81.5534376152058));
#8907=CARTESIAN_POINT('Ctrl Pts',(-49.8012545881809,0.,-81.4077325950873));
#8908=CARTESIAN_POINT('Ctrl Pts',(-49.6814004587285,0.,-81.2526272510901));
#8909=CARTESIAN_POINT('',(-49.6814004587285,0.2,-81.2526272510901));
#8910=CARTESIAN_POINT('Ctrl Pts',(-50.3253226444138,0.2,-81.5534376152058));
#8911=CARTESIAN_POINT('Ctrl Pts',(-50.1161654381145,0.2,-81.5534376152058));
#8912=CARTESIAN_POINT('Ctrl Pts',(-49.8012545881809,0.2,-81.4077325950873));
#8913=CARTESIAN_POINT('Ctrl Pts',(-49.6814004587285,0.2,-81.2526272510901));
#8914=CARTESIAN_POINT('',(-49.6814004587285,0.,-81.2526272510901));
#8915=CARTESIAN_POINT('Ctrl Pts',(-49.4440422807934,0.,-80.376047049409));
#8916=CARTESIAN_POINT('Ctrl Pts',(-49.4440422807934,0.2,-80.376047049409));
#8917=CARTESIAN_POINT('Ctrl Pts',(-49.4440422807934,0.,-80.6580567657675));
#8918=CARTESIAN_POINT('Ctrl Pts',(-49.4440422807934,0.2,-80.6580567657675));
#8919=CARTESIAN_POINT('Ctrl Pts',(-49.5662464912154,0.,-81.1045721500018));
#8920=CARTESIAN_POINT('Ctrl Pts',(-49.5662464912154,0.2,-81.1045721500018));
#8921=CARTESIAN_POINT('Ctrl Pts',(-49.6814004587285,0.,-81.2526272510901));
#8922=CARTESIAN_POINT('Ctrl Pts',(-49.6814004587285,0.2,-81.2526272510901));
#8923=CARTESIAN_POINT('',(-49.4440422807934,0.,-80.376047049409));
#8924=CARTESIAN_POINT('Ctrl Pts',(-49.6814004587285,0.,-81.2526272510901));
#8925=CARTESIAN_POINT('Ctrl Pts',(-49.5662464912154,0.,-81.1045721500018));
#8926=CARTESIAN_POINT('Ctrl Pts',(-49.4440422807934,0.,-80.6580567657675));
#8927=CARTESIAN_POINT('Ctrl Pts',(-49.4440422807934,0.,-80.376047049409));
#8928=CARTESIAN_POINT('',(-49.4440422807934,0.2,-80.376047049409));
#8929=CARTESIAN_POINT('Ctrl Pts',(-49.6814004587285,0.2,-81.2526272510901));
#8930=CARTESIAN_POINT('Ctrl Pts',(-49.5662464912154,0.2,-81.1045721500018));
#8931=CARTESIAN_POINT('Ctrl Pts',(-49.4440422807934,0.2,-80.6580567657675));
#8932=CARTESIAN_POINT('Ctrl Pts',(-49.4440422807934,0.2,-80.376047049409));
#8933=CARTESIAN_POINT('',(-49.4440422807934,0.,-80.376047049409));
#8934=CARTESIAN_POINT('Ctrl Pts',(-50.3253226444138,0.,-79.1986564836122));
#8935=CARTESIAN_POINT('Ctrl Pts',(-50.3253226444138,0.2,-79.1986564836122));
#8936=CARTESIAN_POINT('Ctrl Pts',(-49.9234587986029,0.,-79.1986564836122));
#8937=CARTESIAN_POINT('Ctrl Pts',(-49.9234587986029,0.2,-79.1986564836122));
#8938=CARTESIAN_POINT('Ctrl Pts',(-49.4440422807934,0.,-79.804977373783));
#8939=CARTESIAN_POINT('Ctrl Pts',(-49.4440422807934,0.2,-79.804977373783));
#8940=CARTESIAN_POINT('Ctrl Pts',(-49.4440422807934,0.,-80.376047049409));
#8941=CARTESIAN_POINT('Ctrl Pts',(-49.4440422807934,0.2,-80.376047049409));
#8942=CARTESIAN_POINT('',(-50.3253226444138,0.,-79.1986564836122));
#8943=CARTESIAN_POINT('Ctrl Pts',(-49.4440422807934,0.,-80.376047049409));
#8944=CARTESIAN_POINT('Ctrl Pts',(-49.4440422807934,0.,-79.804977373783));
#8945=CARTESIAN_POINT('Ctrl Pts',(-49.9234587986029,0.,-79.1986564836122));
#8946=CARTESIAN_POINT('Ctrl Pts',(-50.3253226444138,0.,-79.1986564836122));
#8947=CARTESIAN_POINT('',(-50.3253226444138,0.2,-79.1986564836122));
#8948=CARTESIAN_POINT('Ctrl Pts',(-49.4440422807934,0.2,-80.376047049409));
#8949=CARTESIAN_POINT('Ctrl Pts',(-49.4440422807934,0.2,-79.804977373783));
#8950=CARTESIAN_POINT('Ctrl Pts',(-49.9234587986029,0.2,-79.1986564836122));
#8951=CARTESIAN_POINT('Ctrl Pts',(-50.3253226444138,0.2,-79.1986564836122));
#8952=CARTESIAN_POINT('',(-50.3253226444138,0.,-79.1986564836122));
#8953=CARTESIAN_POINT('Ctrl Pts',(-51.2042529270645,0.,-80.376047049409));
#8954=CARTESIAN_POINT('Ctrl Pts',(-51.2042529270645,0.2,-80.376047049409));
#8955=CARTESIAN_POINT('Ctrl Pts',(-51.2042529270645,0.,-79.804977373783));
#8956=CARTESIAN_POINT('Ctrl Pts',(-51.2042529270645,0.2,-79.804977373783));
#8957=CARTESIAN_POINT('Ctrl Pts',(-50.7271864902247,0.,-79.1986564836122));
#8958=CARTESIAN_POINT('Ctrl Pts',(-50.7271864902247,0.2,-79.1986564836122));
#8959=CARTESIAN_POINT('Ctrl Pts',(-50.3253226444138,0.,-79.1986564836122));
#8960=CARTESIAN_POINT('Ctrl Pts',(-50.3253226444138,0.2,-79.1986564836122));
#8961=CARTESIAN_POINT('',(-51.2042529270645,0.,-80.376047049409));
#8962=CARTESIAN_POINT('Ctrl Pts',(-50.3253226444138,0.,-79.1986564836122));
#8963=CARTESIAN_POINT('Ctrl Pts',(-50.7271864902247,0.,-79.1986564836122));
#8964=CARTESIAN_POINT('Ctrl Pts',(-51.2042529270645,0.,-79.804977373783));
#8965=CARTESIAN_POINT('Ctrl Pts',(-51.2042529270645,0.,-80.376047049409));
#8966=CARTESIAN_POINT('',(-51.2042529270645,0.2,-80.376047049409));
#8967=CARTESIAN_POINT('Ctrl Pts',(-50.3253226444138,0.2,-79.1986564836122));
#8968=CARTESIAN_POINT('Ctrl Pts',(-50.7271864902247,0.2,-79.1986564836122));
#8969=CARTESIAN_POINT('Ctrl Pts',(-51.2042529270645,0.2,-79.804977373783));
#8970=CARTESIAN_POINT('Ctrl Pts',(-51.2042529270645,0.2,-80.376047049409));
#8971=CARTESIAN_POINT('',(-51.2042529270645,0.,-80.376047049409));
#8972=CARTESIAN_POINT('Ctrl Pts',(-50.9668947491294,0.,-81.2526272510901));
#8973=CARTESIAN_POINT('Ctrl Pts',(-50.9668947491294,0.2,-81.2526272510901));
#8974=CARTESIAN_POINT('Ctrl Pts',(-51.0796986356728,0.,-81.1069222309715));
#8975=CARTESIAN_POINT('Ctrl Pts',(-51.0796986356728,0.2,-81.1069222309715));
#8976=CARTESIAN_POINT('Ctrl Pts',(-51.2042529270645,0.,-80.6627569277069));
#8977=CARTESIAN_POINT('Ctrl Pts',(-51.2042529270645,0.2,-80.6627569277069));
#8978=CARTESIAN_POINT('Ctrl Pts',(-51.2042529270645,0.,-80.376047049409));
#8979=CARTESIAN_POINT('Ctrl Pts',(-51.2042529270645,0.2,-80.376047049409));
#8980=CARTESIAN_POINT('Ctrl Pts',(-51.2042529270645,0.,-80.376047049409));
#8981=CARTESIAN_POINT('Ctrl Pts',(-51.2042529270645,0.,-80.6627569277069));
#8982=CARTESIAN_POINT('Ctrl Pts',(-51.0796986356728,0.,-81.1069222309715));
#8983=CARTESIAN_POINT('Ctrl Pts',(-50.9668947491294,0.,-81.2526272510901));
#8984=CARTESIAN_POINT('Ctrl Pts',(-51.2042529270645,0.2,-80.376047049409));
#8985=CARTESIAN_POINT('Ctrl Pts',(-51.2042529270645,0.2,-80.6627569277069));
#8986=CARTESIAN_POINT('Ctrl Pts',(-51.0796986356728,0.2,-81.1069222309715));
#8987=CARTESIAN_POINT('Ctrl Pts',(-50.9668947491294,0.2,-81.2526272510901));
#8988=CARTESIAN_POINT('Ctrl Pts',(-50.3229725634441,0.,-81.8871491128968));
#8989=CARTESIAN_POINT('Ctrl Pts',(-50.3229725634441,0.2,-81.8871491128968));
#8990=CARTESIAN_POINT('Ctrl Pts',(-50.6190827656206,0.,-81.8871491128968));
#8991=CARTESIAN_POINT('Ctrl Pts',(-50.6190827656206,0.2,-81.8871491128968));
#8992=CARTESIAN_POINT('Ctrl Pts',(-51.0937991214908,0.,-81.6803419875672));
#8993=CARTESIAN_POINT('Ctrl Pts',(-51.0937991214908,0.2,-81.6803419875672));
#8994=CARTESIAN_POINT('Ctrl Pts',(-51.2583047893666,0.,-81.4946855909645));
#8995=CARTESIAN_POINT('Ctrl Pts',(-51.2583047893666,0.2,-81.4946855909645));
#8996=CARTESIAN_POINT('',(-50.3229725634441,0.,-81.8871491128968));
#8997=CARTESIAN_POINT('',(-51.2583047893666,0.,-81.4946855909645));
#8998=CARTESIAN_POINT('Ctrl Pts',(-50.3229725634441,0.,-81.8871491128968));
#8999=CARTESIAN_POINT('Ctrl Pts',(-50.6190827656206,0.,-81.8871491128968));
#9000=CARTESIAN_POINT('Ctrl Pts',(-51.0937991214908,0.,-81.6803419875672));
#9001=CARTESIAN_POINT('Ctrl Pts',(-51.2583047893666,0.,-81.4946855909645));
#9002=CARTESIAN_POINT('',(-50.3229725634441,0.2,-81.8871491128968));
#9003=CARTESIAN_POINT('',(-50.3229725634441,0.,-81.8871491128968));
#9004=CARTESIAN_POINT('',(-51.2583047893666,0.2,-81.4946855909645));
#9005=CARTESIAN_POINT('Ctrl Pts',(-50.3229725634441,0.2,-81.8871491128968));
#9006=CARTESIAN_POINT('Ctrl Pts',(-50.6190827656206,0.2,-81.8871491128968));
#9007=CARTESIAN_POINT('Ctrl Pts',(-51.0937991214908,0.2,-81.6803419875672));
#9008=CARTESIAN_POINT('Ctrl Pts',(-51.2583047893666,0.2,-81.4946855909645));
#9009=CARTESIAN_POINT('',(-51.2583047893666,0.,-81.4946855909645));
#9010=CARTESIAN_POINT('Ctrl Pts',(-49.3899904184913,0.,-81.4946855909645));
#9011=CARTESIAN_POINT('Ctrl Pts',(-49.3899904184913,0.2,-81.4946855909645));
#9012=CARTESIAN_POINT('Ctrl Pts',(-49.5591962483065,0.,-81.6873922304761));
#9013=CARTESIAN_POINT('Ctrl Pts',(-49.5591962483065,0.2,-81.6873922304761));
#9014=CARTESIAN_POINT('Ctrl Pts',(-50.031562523207,0.,-81.8871491128968));
#9015=CARTESIAN_POINT('Ctrl Pts',(-50.031562523207,0.2,-81.8871491128968));
#9016=CARTESIAN_POINT('Ctrl Pts',(-50.3229725634441,0.,-81.8871491128968));
#9017=CARTESIAN_POINT('Ctrl Pts',(-50.3229725634441,0.2,-81.8871491128968));
#9018=CARTESIAN_POINT('',(-49.3899904184914,0.,-81.4946855909645));
#9019=CARTESIAN_POINT('Ctrl Pts',(-49.3899904184913,0.,-81.4946855909645));
#9020=CARTESIAN_POINT('Ctrl Pts',(-49.5591962483065,0.,-81.6873922304761));
#9021=CARTESIAN_POINT('Ctrl Pts',(-50.031562523207,0.,-81.8871491128968));
#9022=CARTESIAN_POINT('Ctrl Pts',(-50.3229725634441,0.,-81.8871491128968));
#9023=CARTESIAN_POINT('',(-49.3899904184914,0.2,-81.4946855909645));
#9024=CARTESIAN_POINT('',(-49.3899904184914,0.,-81.4946855909645));
#9025=CARTESIAN_POINT('Ctrl Pts',(-49.3899904184913,0.2,-81.4946855909645));
#9026=CARTESIAN_POINT('Ctrl Pts',(-49.5591962483065,0.2,-81.6873922304761));
#9027=CARTESIAN_POINT('Ctrl Pts',(-50.031562523207,0.2,-81.8871491128968));
#9028=CARTESIAN_POINT('Ctrl Pts',(-50.3229725634441,0.2,-81.8871491128968));
#9029=CARTESIAN_POINT('Ctrl Pts',(-49.0421784349825,0.,-80.376047049409));
#9030=CARTESIAN_POINT('Ctrl Pts',(-49.0421784349825,0.2,-80.376047049409));
#9031=CARTESIAN_POINT('Ctrl Pts',(-49.0421784349825,0.,-80.7403095997054));
#9032=CARTESIAN_POINT('Ctrl Pts',(-49.0421784349825,0.2,-80.7403095997054));
#9033=CARTESIAN_POINT('Ctrl Pts',(-49.2231346696459,0.,-81.2949287085438));
#9034=CARTESIAN_POINT('Ctrl Pts',(-49.2231346696459,0.2,-81.2949287085438));
#9035=CARTESIAN_POINT('Ctrl Pts',(-49.3899904184913,0.,-81.4946855909645));
#9036=CARTESIAN_POINT('Ctrl Pts',(-49.3899904184913,0.2,-81.4946855909645));
#9037=CARTESIAN_POINT('',(-49.0421784349825,0.,-80.376047049409));
#9038=CARTESIAN_POINT('Ctrl Pts',(-49.0421784349825,0.,-80.376047049409));
#9039=CARTESIAN_POINT('Ctrl Pts',(-49.0421784349825,0.,-80.7403095997054));
#9040=CARTESIAN_POINT('Ctrl Pts',(-49.2231346696459,0.,-81.2949287085438));
#9041=CARTESIAN_POINT('Ctrl Pts',(-49.3899904184913,0.,-81.4946855909645));
#9042=CARTESIAN_POINT('',(-49.0421784349825,0.2,-80.376047049409));
#9043=CARTESIAN_POINT('',(-49.0421784349825,0.,-80.376047049409));
#9044=CARTESIAN_POINT('Ctrl Pts',(-49.0421784349825,0.2,-80.376047049409));
#9045=CARTESIAN_POINT('Ctrl Pts',(-49.0421784349825,0.2,-80.7403095997054));
#9046=CARTESIAN_POINT('Ctrl Pts',(-49.2231346696459,0.2,-81.2949287085438));
#9047=CARTESIAN_POINT('Ctrl Pts',(-49.3899904184913,0.2,-81.4946855909645));
#9048=CARTESIAN_POINT('Ctrl Pts',(-49.3876403375217,0.,-79.2597585888232));
#9049=CARTESIAN_POINT('Ctrl Pts',(-49.3876403375217,0.2,-79.2597585888232));
#9050=CARTESIAN_POINT('Ctrl Pts',(-49.2207845886762,0.,-79.4524652283348));
#9051=CARTESIAN_POINT('Ctrl Pts',(-49.2207845886762,0.2,-79.4524652283348));
#9052=CARTESIAN_POINT('Ctrl Pts',(-49.0421784349825,0.,-80.0188347420215));
#9053=CARTESIAN_POINT('Ctrl Pts',(-49.0421784349825,0.2,-80.0188347420215));
#9054=CARTESIAN_POINT('Ctrl Pts',(-49.0421784349825,0.,-80.376047049409));
#9055=CARTESIAN_POINT('Ctrl Pts',(-49.0421784349825,0.2,-80.376047049409));
#9056=CARTESIAN_POINT('',(-49.3876403375217,0.,-79.2597585888232));
#9057=CARTESIAN_POINT('Ctrl Pts',(-49.3876403375217,0.,-79.2597585888232));
#9058=CARTESIAN_POINT('Ctrl Pts',(-49.2207845886762,0.,-79.4524652283348));
#9059=CARTESIAN_POINT('Ctrl Pts',(-49.0421784349825,0.,-80.0188347420215));
#9060=CARTESIAN_POINT('Ctrl Pts',(-49.0421784349825,0.,-80.376047049409));
#9061=CARTESIAN_POINT('',(-49.3876403375217,0.2,-79.2597585888232));
#9062=CARTESIAN_POINT('',(-49.3876403375217,0.,-79.2597585888232));
#9063=CARTESIAN_POINT('Ctrl Pts',(-49.3876403375217,0.2,-79.2597585888232));
#9064=CARTESIAN_POINT('Ctrl Pts',(-49.2207845886762,0.2,-79.4524652283348));
#9065=CARTESIAN_POINT('Ctrl Pts',(-49.0421784349825,0.2,-80.0188347420215));
#9066=CARTESIAN_POINT('Ctrl Pts',(-49.0421784349825,0.2,-80.376047049409));
#9067=CARTESIAN_POINT('Ctrl Pts',(-50.3229725634441,0.,-78.8649449859212));
#9068=CARTESIAN_POINT('Ctrl Pts',(-50.3229725634441,0.2,-78.8649449859212));
#9069=CARTESIAN_POINT('Ctrl Pts',(-50.0292124422373,0.,-78.8649449859212));
#9070=CARTESIAN_POINT('Ctrl Pts',(-50.0292124422373,0.2,-78.8649449859212));
#9071=CARTESIAN_POINT('Ctrl Pts',(-49.5591962483065,0.,-79.0647018683419));
#9072=CARTESIAN_POINT('Ctrl Pts',(-49.5591962483065,0.2,-79.0647018683419));
#9073=CARTESIAN_POINT('Ctrl Pts',(-49.3876403375217,0.,-79.2597585888232));
#9074=CARTESIAN_POINT('Ctrl Pts',(-49.3876403375217,0.2,-79.2597585888232));
#9075=CARTESIAN_POINT('',(-50.3229725634441,0.,-78.8649449859212));
#9076=CARTESIAN_POINT('Ctrl Pts',(-50.3229725634441,0.,-78.8649449859212));
#9077=CARTESIAN_POINT('Ctrl Pts',(-50.0292124422373,0.,-78.8649449859212));
#9078=CARTESIAN_POINT('Ctrl Pts',(-49.5591962483065,0.,-79.0647018683419));
#9079=CARTESIAN_POINT('Ctrl Pts',(-49.3876403375217,0.,-79.2597585888232));
#9080=CARTESIAN_POINT('',(-50.3229725634441,0.2,-78.8649449859212));
#9081=CARTESIAN_POINT('',(-50.3229725634441,0.,-78.8649449859212));
#9082=CARTESIAN_POINT('Ctrl Pts',(-50.3229725634441,0.2,-78.8649449859212));
#9083=CARTESIAN_POINT('Ctrl Pts',(-50.0292124422373,0.2,-78.8649449859212));
#9084=CARTESIAN_POINT('Ctrl Pts',(-49.5591962483065,0.2,-79.0647018683419));
#9085=CARTESIAN_POINT('Ctrl Pts',(-49.3876403375217,0.2,-79.2597585888232));
#9086=CARTESIAN_POINT('Ctrl Pts',(-51.2583047893666,0.,-79.2597585888232));
#9087=CARTESIAN_POINT('Ctrl Pts',(-51.2583047893666,0.2,-79.2597585888232));
#9088=CARTESIAN_POINT('Ctrl Pts',(-51.0796986356728,0.,-79.0576516254329));
#9089=CARTESIAN_POINT('Ctrl Pts',(-51.0796986356728,0.2,-79.0576516254329));
#9090=CARTESIAN_POINT('Ctrl Pts',(-50.6073323607723,0.,-78.8649449859212));
#9091=CARTESIAN_POINT('Ctrl Pts',(-50.6073323607723,0.2,-78.8649449859212));
#9092=CARTESIAN_POINT('Ctrl Pts',(-50.3229725634441,0.,-78.8649449859212));
#9093=CARTESIAN_POINT('Ctrl Pts',(-50.3229725634441,0.2,-78.8649449859212));
#9094=CARTESIAN_POINT('',(-51.2583047893666,0.,-79.2597585888232));
#9095=CARTESIAN_POINT('Ctrl Pts',(-51.2583047893666,0.,-79.2597585888232));
#9096=CARTESIAN_POINT('Ctrl Pts',(-51.0796986356728,0.,-79.0576516254329));
#9097=CARTESIAN_POINT('Ctrl Pts',(-50.6073323607723,0.,-78.8649449859212));
#9098=CARTESIAN_POINT('Ctrl Pts',(-50.3229725634441,0.,-78.8649449859212));
#9099=CARTESIAN_POINT('',(-51.2583047893666,0.2,-79.2597585888232));
#9100=CARTESIAN_POINT('',(-51.2583047893666,0.,-79.2597585888232));
#9101=CARTESIAN_POINT('Ctrl Pts',(-51.2583047893666,0.2,-79.2597585888232));
#9102=CARTESIAN_POINT('Ctrl Pts',(-51.0796986356728,0.2,-79.0576516254329));
#9103=CARTESIAN_POINT('Ctrl Pts',(-50.6073323607723,0.2,-78.8649449859212));
#9104=CARTESIAN_POINT('Ctrl Pts',(-50.3229725634441,0.2,-78.8649449859212));
#9105=CARTESIAN_POINT('Ctrl Pts',(-51.6061167728754,0.,-80.376047049409));
#9106=CARTESIAN_POINT('Ctrl Pts',(-51.6061167728754,0.2,-80.376047049409));
#9107=CARTESIAN_POINT('Ctrl Pts',(-51.6061167728754,0.,-80.0235349039609));
#9108=CARTESIAN_POINT('Ctrl Pts',(-51.6061167728754,0.2,-80.0235349039609));
#9109=CARTESIAN_POINT('Ctrl Pts',(-51.4275106191817,0.,-79.4524652283348));
#9110=CARTESIAN_POINT('Ctrl Pts',(-51.4275106191817,0.2,-79.4524652283348));
#9111=CARTESIAN_POINT('Ctrl Pts',(-51.2583047893666,0.,-79.2597585888232));
#9112=CARTESIAN_POINT('Ctrl Pts',(-51.2583047893666,0.2,-79.2597585888232));
#9113=CARTESIAN_POINT('',(-51.6061167728754,0.,-80.376047049409));
#9114=CARTESIAN_POINT('Ctrl Pts',(-51.6061167728754,0.,-80.376047049409));
#9115=CARTESIAN_POINT('Ctrl Pts',(-51.6061167728754,0.,-80.0235349039609));
#9116=CARTESIAN_POINT('Ctrl Pts',(-51.4275106191817,0.,-79.4524652283348));
#9117=CARTESIAN_POINT('Ctrl Pts',(-51.2583047893666,0.,-79.2597585888232));
#9118=CARTESIAN_POINT('',(-51.6061167728754,0.2,-80.376047049409));
#9119=CARTESIAN_POINT('',(-51.6061167728754,0.,-80.376047049409));
#9120=CARTESIAN_POINT('Ctrl Pts',(-51.6061167728754,0.2,-80.376047049409));
#9121=CARTESIAN_POINT('Ctrl Pts',(-51.6061167728754,0.2,-80.0235349039609));
#9122=CARTESIAN_POINT('Ctrl Pts',(-51.4275106191817,0.2,-79.4524652283348));
#9123=CARTESIAN_POINT('Ctrl Pts',(-51.2583047893666,0.2,-79.2597585888232));
#9124=CARTESIAN_POINT('Ctrl Pts',(-51.2583047893666,0.,-81.4946855909645));
#9125=CARTESIAN_POINT('Ctrl Pts',(-51.2583047893666,0.2,-81.4946855909645));
#9126=CARTESIAN_POINT('Ctrl Pts',(-51.4228104572424,0.,-81.3019789514528));
#9127=CARTESIAN_POINT('Ctrl Pts',(-51.4228104572424,0.2,-81.3019789514528));
#9128=CARTESIAN_POINT('Ctrl Pts',(-51.6061167728754,0.,-80.7379595187358));
#9129=CARTESIAN_POINT('Ctrl Pts',(-51.6061167728754,0.2,-80.7379595187358));
#9130=CARTESIAN_POINT('Ctrl Pts',(-51.6061167728754,0.,-80.376047049409));
#9131=CARTESIAN_POINT('Ctrl Pts',(-51.6061167728754,0.2,-80.376047049409));
#9132=CARTESIAN_POINT('Ctrl Pts',(-51.2583047893666,0.,-81.4946855909645));
#9133=CARTESIAN_POINT('Ctrl Pts',(-51.4228104572424,0.,-81.3019789514528));
#9134=CARTESIAN_POINT('Ctrl Pts',(-51.6061167728754,0.,-80.7379595187358));
#9135=CARTESIAN_POINT('Ctrl Pts',(-51.6061167728754,0.,-80.376047049409));
#9136=CARTESIAN_POINT('Ctrl Pts',(-51.2583047893666,0.2,-81.4946855909645));
#9137=CARTESIAN_POINT('Ctrl Pts',(-51.4228104572424,0.2,-81.3019789514528));
#9138=CARTESIAN_POINT('Ctrl Pts',(-51.6061167728754,0.2,-80.7379595187358));
#9139=CARTESIAN_POINT('Ctrl Pts',(-51.6061167728754,0.2,-80.376047049409));
#9140=CARTESIAN_POINT('Origin',(-50.3237860083064,0.2,-80.3757568323524));
#9141=CARTESIAN_POINT('Origin',(-54.104252843618,0.,-81.8260470076858));
#9142=CARTESIAN_POINT('',(-54.104252843618,0.,-81.8260470076858));
#9143=CARTESIAN_POINT('',(-54.104252843618,0.,-78.9260470911323));
#9144=CARTESIAN_POINT('',(-54.104252843618,0.,-65.6630235038429));
#9145=CARTESIAN_POINT('',(-54.104252843618,0.2,-81.8260470076858));
#9146=CARTESIAN_POINT('',(-54.104252843618,0.,-81.8260470076858));
#9147=CARTESIAN_POINT('',(-54.104252843618,0.2,-78.9260470911323));
#9148=CARTESIAN_POINT('',(-54.104252843618,0.2,-81.8260470076858));
#9149=CARTESIAN_POINT('',(-54.104252843618,0.,-78.9260470911323));
#9150=CARTESIAN_POINT('Origin',(-53.7446904552609,0.,-81.8260470076858));
#9151=CARTESIAN_POINT('',(-53.7446904552609,0.,-81.8260470076858));
#9152=CARTESIAN_POINT('',(-50.3723452276304,0.,-81.8260470076858));
#9153=CARTESIAN_POINT('',(-53.7446904552609,0.2,-81.8260470076858));
#9154=CARTESIAN_POINT('',(-53.7446904552609,0.,-81.8260470076858));
#9155=CARTESIAN_POINT('',(-53.7446904552609,0.2,-81.8260470076858));
#9156=CARTESIAN_POINT('Origin',(-53.7446904552609,0.,-79.5300179003334));
#9157=CARTESIAN_POINT('',(-53.7446904552609,0.,-79.5300179003334));
#9158=CARTESIAN_POINT('',(-53.7446904552609,0.,-64.5150089501667));
#9159=CARTESIAN_POINT('',(-53.7446904552609,0.2,-79.5300179003334));
#9160=CARTESIAN_POINT('',(-53.7446904552609,0.,-79.5300179003334));
#9161=CARTESIAN_POINT('',(-53.7446904552609,0.2,-79.5300179003334));
#9162=CARTESIAN_POINT('Origin',(-52.5767002133427,0.,-81.8260470076858));
#9163=CARTESIAN_POINT('',(-52.5767002133427,0.,-81.8260470076858));
#9164=CARTESIAN_POINT('',(-58.5353262311954,0.,-70.1126111536775));
#9165=CARTESIAN_POINT('',(-52.5767002133427,0.2,-81.8260470076858));
#9166=CARTESIAN_POINT('',(-52.5767002133427,0.,-81.8260470076858));
#9167=CARTESIAN_POINT('',(-52.5767002133427,0.2,-81.8260470076858));
#9168=CARTESIAN_POINT('Origin',(-52.0291313474132,0.,-81.8260470076858));
#9169=CARTESIAN_POINT('',(-52.0291313474132,0.,-81.8260470076858));
#9170=CARTESIAN_POINT('',(-49.5145656737066,0.,-81.8260470076858));
#9171=CARTESIAN_POINT('',(-52.0291313474132,0.2,-81.8260470076858));
#9172=CARTESIAN_POINT('',(-52.0291313474132,0.,-81.8260470076858));
#9173=CARTESIAN_POINT('',(-52.0291313474132,0.2,-81.8260470076858));
#9174=CARTESIAN_POINT('Origin',(-52.0291313474132,0.,-78.9260470911323));
#9175=CARTESIAN_POINT('',(-52.0291313474132,0.,-78.9260470911323));
#9176=CARTESIAN_POINT('',(-52.0291313474132,0.,-64.2130235455661));
#9177=CARTESIAN_POINT('',(-52.0291313474132,0.2,-78.9260470911323));
#9178=CARTESIAN_POINT('',(-52.0291313474132,0.,-78.9260470911323));
#9179=CARTESIAN_POINT('',(-52.0291313474132,0.2,-78.9260470911323));
#9180=CARTESIAN_POINT('Origin',(-52.3886937357703,0.,-78.9260470911323));
#9181=CARTESIAN_POINT('',(-52.3886937357703,0.,-78.9260470911323));
#9182=CARTESIAN_POINT('',(-49.6943468678852,0.,-78.9260470911323));
#9183=CARTESIAN_POINT('',(-52.3886937357703,0.2,-78.9260470911323));
#9184=CARTESIAN_POINT('',(-52.3886937357703,0.,-78.9260470911323));
#9185=CARTESIAN_POINT('',(-52.3886937357703,0.2,-78.9260470911323));
#9186=CARTESIAN_POINT('Origin',(-52.3886937357703,0.,-81.4265332428445));
#9187=CARTESIAN_POINT('',(-52.3886937357703,0.,-81.4265332428445));
#9188=CARTESIAN_POINT('',(-52.3886937357703,0.,-65.4632666214223));
#9189=CARTESIAN_POINT('',(-52.3886937357703,0.2,-81.4265332428445));
#9190=CARTESIAN_POINT('',(-52.3886937357703,0.,-81.4265332428445));
#9191=CARTESIAN_POINT('',(-52.3886937357703,0.2,-81.4265332428445));
#9192=CARTESIAN_POINT('Origin',(-53.6718379452016,0.,-78.9260470911323));
#9193=CARTESIAN_POINT('',(-53.6718379452016,0.,-78.9260470911323));
#9194=CARTESIAN_POINT('',(-58.9528395940617,0.,-68.6348643907895));
#9195=CARTESIAN_POINT('',(-53.6718379452016,0.2,-78.9260470911323));
#9196=CARTESIAN_POINT('',(-53.6718379452016,0.,-78.9260470911323));
#9197=CARTESIAN_POINT('',(-53.6718379452016,0.2,-78.9260470911323));
#9198=CARTESIAN_POINT('Origin',(-54.104252843618,0.,-78.9260470911323));
#9199=CARTESIAN_POINT('',(-50.552126421809,0.,-78.9260470911323));
#9200=CARTESIAN_POINT('',(-54.104252843618,0.2,-78.9260470911323));
#9201=CARTESIAN_POINT('Origin',(-53.0631915834531,0.2,-80.4086991720541));
#9202=CARTESIAN_POINT('Ctrl Pts',(-57.7891798040361,0.,-81.4923355099948));
#9203=CARTESIAN_POINT('Ctrl Pts',(-57.7891798040361,0.2,-81.4923355099948));
#9204=CARTESIAN_POINT('Ctrl Pts',(-57.9489853099726,0.,-81.4923355099948));
#9205=CARTESIAN_POINT('Ctrl Pts',(-57.9489853099726,0.2,-81.4923355099948));
#9206=CARTESIAN_POINT('Ctrl Pts',(-58.1675428401504,0.,-81.4476839715714));
#9207=CARTESIAN_POINT('Ctrl Pts',(-58.1675428401504,0.2,-81.4476839715714));
#9208=CARTESIAN_POINT('Ctrl Pts',(-58.2497956740883,0.,-81.3936321092693));
#9209=CARTESIAN_POINT('Ctrl Pts',(-58.2497956740883,0.2,-81.3936321092693));
#9210=CARTESIAN_POINT('',(-58.2497956740883,0.,-81.3936321092693));
#9211=CARTESIAN_POINT('',(-57.7891798040361,0.,-81.4923355099948));
#9212=CARTESIAN_POINT('Ctrl Pts',(-58.2497956740883,0.,-81.3936321092693));
#9213=CARTESIAN_POINT('Ctrl Pts',(-58.1675428401504,0.,-81.4476839715714));
#9214=CARTESIAN_POINT('Ctrl Pts',(-57.9489853099726,0.,-81.4923355099948));
#9215=CARTESIAN_POINT('Ctrl Pts',(-57.7891798040361,0.,-81.4923355099948));
#9216=CARTESIAN_POINT('',(-58.2497956740883,0.2,-81.3936321092693));
#9217=CARTESIAN_POINT('',(-58.2497956740883,0.,-81.3936321092693));
#9218=CARTESIAN_POINT('',(-57.7891798040361,0.2,-81.4923355099948));
#9219=CARTESIAN_POINT('Ctrl Pts',(-58.2497956740883,0.2,-81.3936321092693));
#9220=CARTESIAN_POINT('Ctrl Pts',(-58.1675428401504,0.2,-81.4476839715714));
#9221=CARTESIAN_POINT('Ctrl Pts',(-57.9489853099726,0.2,-81.4923355099948));
#9222=CARTESIAN_POINT('Ctrl Pts',(-57.7891798040361,0.2,-81.4923355099948));
#9223=CARTESIAN_POINT('',(-57.7891798040361,0.,-81.4923355099948));
#9224=CARTESIAN_POINT('Origin',(-57.4061166059824,0.,-81.4923355099948));
#9225=CARTESIAN_POINT('',(-57.4061166059824,0.,-81.4923355099948));
#9226=CARTESIAN_POINT('',(-52.2030583029912,0.,-81.4923355099948));
#9227=CARTESIAN_POINT('',(-57.4061166059824,0.2,-81.4923355099948));
#9228=CARTESIAN_POINT('',(-57.6474136674115,0.2,-81.4923355099948));
#9229=CARTESIAN_POINT('',(-57.4061166059824,0.,-81.4923355099948));
#9230=CARTESIAN_POINT('Origin',(-57.4061166059824,0.,-80.4018979400752));
#9231=CARTESIAN_POINT('',(-57.4061166059824,0.,-80.4018979400752));
#9232=CARTESIAN_POINT('',(-57.4061166059824,0.,-64.9509489700376));
#9233=CARTESIAN_POINT('',(-57.4061166059824,0.2,-80.4018979400752));
#9234=CARTESIAN_POINT('',(-57.4061166059824,0.2,-80.2800899988453));
#9235=CARTESIAN_POINT('',(-57.4061166059824,0.,-80.4018979400752));
#9236=CARTESIAN_POINT('Origin',(-57.7445282656126,0.,-80.4018979400752));
#9237=CARTESIAN_POINT('',(-57.7445282656126,0.,-80.4018979400752));
#9238=CARTESIAN_POINT('',(-52.3722641328063,0.,-80.4018979400752));
#9239=CARTESIAN_POINT('',(-57.7445282656126,0.2,-80.4018979400752));
#9240=CARTESIAN_POINT('',(-57.8166194972266,0.2,-80.4018979400752));
#9241=CARTESIAN_POINT('',(-57.7445282656126,0.,-80.4018979400752));
#9242=CARTESIAN_POINT('Ctrl Pts',(-58.2685963218456,0.,-80.5523031221331));
#9243=CARTESIAN_POINT('Ctrl Pts',(-58.2685963218456,0.2,-80.5523031221331));
#9244=CARTESIAN_POINT('Ctrl Pts',(-58.176943164029,0.,-80.4606499643166));
#9245=CARTESIAN_POINT('Ctrl Pts',(-58.176943164029,0.2,-80.4606499643166));
#9246=CARTESIAN_POINT('Ctrl Pts',(-57.9113840144581,0.,-80.4018979400752));
#9247=CARTESIAN_POINT('Ctrl Pts',(-57.9113840144581,0.2,-80.4018979400752));
#9248=CARTESIAN_POINT('Ctrl Pts',(-57.7445282656126,0.,-80.4018979400752));
#9249=CARTESIAN_POINT('Ctrl Pts',(-57.7445282656126,0.2,-80.4018979400752));
#9250=CARTESIAN_POINT('',(-58.2685963218456,0.,-80.5523031221331));
#9251=CARTESIAN_POINT('Ctrl Pts',(-57.7445282656126,0.,-80.4018979400752));
#9252=CARTESIAN_POINT('Ctrl Pts',(-57.9113840144581,0.,-80.4018979400752));
#9253=CARTESIAN_POINT('Ctrl Pts',(-58.176943164029,0.,-80.4606499643166));
#9254=CARTESIAN_POINT('Ctrl Pts',(-58.2685963218456,0.,-80.5523031221331));
#9255=CARTESIAN_POINT('',(-58.2685963218456,0.2,-80.5523031221331));
#9256=CARTESIAN_POINT('Ctrl Pts',(-57.7445282656126,0.2,-80.4018979400752));
#9257=CARTESIAN_POINT('Ctrl Pts',(-57.9113840144581,0.2,-80.4018979400752));
#9258=CARTESIAN_POINT('Ctrl Pts',(-58.176943164029,0.2,-80.4606499643166));
#9259=CARTESIAN_POINT('Ctrl Pts',(-58.2685963218456,0.2,-80.5523031221331));
#9260=CARTESIAN_POINT('',(-58.2685963218456,0.,-80.5523031221331));
#9261=CARTESIAN_POINT('Ctrl Pts',(-58.4331019897214,0.,-81.008218830246));
#9262=CARTESIAN_POINT('Ctrl Pts',(-58.4331019897214,0.2,-81.008218830246));
#9263=CARTESIAN_POINT('Ctrl Pts',(-58.4331019897214,0.,-80.8578136481881));
#9264=CARTESIAN_POINT('Ctrl Pts',(-58.4331019897214,0.2,-80.8578136481881));
#9265=CARTESIAN_POINT('Ctrl Pts',(-58.3531992367531,0.,-80.6322058751013));
#9266=CARTESIAN_POINT('Ctrl Pts',(-58.3531992367531,0.2,-80.6322058751013));
#9267=CARTESIAN_POINT('Ctrl Pts',(-58.2685963218456,0.,-80.5523031221331));
#9268=CARTESIAN_POINT('Ctrl Pts',(-58.2685963218456,0.2,-80.5523031221331));
#9269=CARTESIAN_POINT('',(-58.4331019897214,0.,-81.008218830246));
#9270=CARTESIAN_POINT('Ctrl Pts',(-58.2685963218456,0.,-80.5523031221331));
#9271=CARTESIAN_POINT('Ctrl Pts',(-58.3531992367531,0.,-80.6322058751013));
#9272=CARTESIAN_POINT('Ctrl Pts',(-58.4331019897214,0.,-80.8578136481881));
#9273=CARTESIAN_POINT('Ctrl Pts',(-58.4331019897214,0.,-81.008218830246));
#9274=CARTESIAN_POINT('',(-58.4331019897214,0.2,-81.008218830246));
#9275=CARTESIAN_POINT('Ctrl Pts',(-58.2685963218456,0.2,-80.5523031221331));
#9276=CARTESIAN_POINT('Ctrl Pts',(-58.3531992367531,0.2,-80.6322058751013));
#9277=CARTESIAN_POINT('Ctrl Pts',(-58.4331019897214,0.2,-80.8578136481881));
#9278=CARTESIAN_POINT('Ctrl Pts',(-58.4331019897214,0.2,-81.008218830246));
#9279=CARTESIAN_POINT('',(-58.4331019897214,0.,-81.008218830246));
#9280=CARTESIAN_POINT('Ctrl Pts',(-58.2497956740883,0.,-81.3936321092693));
#9281=CARTESIAN_POINT('Ctrl Pts',(-58.2497956740883,0.2,-81.3936321092693));
#9282=CARTESIAN_POINT('Ctrl Pts',(-58.3437989128745,0.,-81.3301799230887));
#9283=CARTESIAN_POINT('Ctrl Pts',(-58.3437989128745,0.2,-81.3301799230887));
#9284=CARTESIAN_POINT('Ctrl Pts',(-58.4331019897214,0.,-81.1351232026074));
#9285=CARTESIAN_POINT('Ctrl Pts',(-58.4331019897214,0.2,-81.1351232026074));
#9286=CARTESIAN_POINT('Ctrl Pts',(-58.4331019897214,0.,-81.008218830246));
#9287=CARTESIAN_POINT('Ctrl Pts',(-58.4331019897214,0.2,-81.008218830246));
#9288=CARTESIAN_POINT('Ctrl Pts',(-58.4331019897214,0.,-81.008218830246));
#9289=CARTESIAN_POINT('Ctrl Pts',(-58.4331019897214,0.,-81.1351232026074));
#9290=CARTESIAN_POINT('Ctrl Pts',(-58.3437989128745,0.,-81.3301799230887));
#9291=CARTESIAN_POINT('Ctrl Pts',(-58.2497956740883,0.,-81.3936321092693));
#9292=CARTESIAN_POINT('Ctrl Pts',(-58.4331019897214,0.2,-81.008218830246));
#9293=CARTESIAN_POINT('Ctrl Pts',(-58.4331019897214,0.2,-81.1351232026074));
#9294=CARTESIAN_POINT('Ctrl Pts',(-58.3437989128745,0.2,-81.3301799230887));
#9295=CARTESIAN_POINT('Ctrl Pts',(-58.2497956740883,0.2,-81.3936321092693));
#9296=CARTESIAN_POINT('Origin',(-58.2333451073007,0.,-80.1880405718367));
#9297=CARTESIAN_POINT('',(-58.2333451073007,0.,-80.1880405718367));
#9298=CARTESIAN_POINT('',(-59.265030652979,0.,-78.9260470911323));
#9299=CARTESIAN_POINT('',(-63.5022025415671,0.,-73.7429917285542));
#9300=CARTESIAN_POINT('',(-58.2333451073007,0.2,-80.1880405718367));
#9301=CARTESIAN_POINT('',(-58.2333451073007,0.,-80.1880405718367));
#9302=CARTESIAN_POINT('',(-59.265030652979,0.2,-78.9260470911323));
#9303=CARTESIAN_POINT('',(-58.2333451073007,0.2,-80.1880405718367));
#9304=CARTESIAN_POINT('',(-59.265030652979,0.,-78.9260470911323));
#9305=CARTESIAN_POINT('Ctrl Pts',(-58.8349658355323,0.,-81.0387698828515));
#9306=CARTESIAN_POINT('Ctrl Pts',(-58.8349658355323,0.2,-81.0387698828515));
#9307=CARTESIAN_POINT('Ctrl Pts',(-58.8349658355323,0.,-80.7215089519482));
#9308=CARTESIAN_POINT('Ctrl Pts',(-58.8349658355323,0.2,-80.7215089519482));
#9309=CARTESIAN_POINT('Ctrl Pts',(-58.51065466172,0.,-80.2914441345014));
#9310=CARTESIAN_POINT('Ctrl Pts',(-58.51065466172,0.2,-80.2914441345014));
#9311=CARTESIAN_POINT('Ctrl Pts',(-58.2333451073007,0.,-80.1880405718367));
#9312=CARTESIAN_POINT('Ctrl Pts',(-58.2333451073007,0.2,-80.1880405718367));
#9313=CARTESIAN_POINT('',(-58.8349658355323,0.,-81.0387698828515));
#9314=CARTESIAN_POINT('Ctrl Pts',(-58.8349658355323,0.,-81.0387698828515));
#9315=CARTESIAN_POINT('Ctrl Pts',(-58.8349658355323,0.,-80.7215089519482));
#9316=CARTESIAN_POINT('Ctrl Pts',(-58.51065466172,0.,-80.2914441345014));
#9317=CARTESIAN_POINT('Ctrl Pts',(-58.2333451073007,0.,-80.1880405718367));
#9318=CARTESIAN_POINT('',(-58.8349658355323,0.2,-81.0387698828515));
#9319=CARTESIAN_POINT('',(-58.8349658355323,0.,-81.0387698828515));
#9320=CARTESIAN_POINT('Ctrl Pts',(-58.8349658355323,0.2,-81.0387698828515));
#9321=CARTESIAN_POINT('Ctrl Pts',(-58.8349658355323,0.2,-80.7215089519482));
#9322=CARTESIAN_POINT('Ctrl Pts',(-58.51065466172,0.2,-80.2914441345014));
#9323=CARTESIAN_POINT('Ctrl Pts',(-58.2333451073007,0.2,-80.1880405718367));
#9324=CARTESIAN_POINT('Ctrl Pts',(-58.5059544997807,0.,-81.6732917446582));
#9325=CARTESIAN_POINT('Ctrl Pts',(-58.5059544997807,0.2,-81.6732917446582));
#9326=CARTESIAN_POINT('Ctrl Pts',(-58.6587097628082,0.,-81.5745883439327));
#9327=CARTESIAN_POINT('Ctrl Pts',(-58.6587097628082,0.2,-81.5745883439327));
#9328=CARTESIAN_POINT('Ctrl Pts',(-58.8349658355323,0.,-81.266727736908));
#9329=CARTESIAN_POINT('Ctrl Pts',(-58.8349658355323,0.2,-81.266727736908));
#9330=CARTESIAN_POINT('Ctrl Pts',(-58.8349658355323,0.,-81.0387698828515));
#9331=CARTESIAN_POINT('Ctrl Pts',(-58.8349658355323,0.2,-81.0387698828515));
#9332=CARTESIAN_POINT('',(-58.5059544997807,0.,-81.6732917446582));
#9333=CARTESIAN_POINT('Ctrl Pts',(-58.5059544997807,0.,-81.6732917446582));
#9334=CARTESIAN_POINT('Ctrl Pts',(-58.6587097628082,0.,-81.5745883439327));
#9335=CARTESIAN_POINT('Ctrl Pts',(-58.8349658355323,0.,-81.266727736908));
#9336=CARTESIAN_POINT('Ctrl Pts',(-58.8349658355323,0.,-81.0387698828515));
#9337=CARTESIAN_POINT('',(-58.5059544997807,0.2,-81.6732917446582));
#9338=CARTESIAN_POINT('',(-58.5059544997807,0.,-81.6732917446582));
#9339=CARTESIAN_POINT('Ctrl Pts',(-58.5059544997807,0.2,-81.6732917446582));
#9340=CARTESIAN_POINT('Ctrl Pts',(-58.6587097628082,0.2,-81.5745883439327));
#9341=CARTESIAN_POINT('Ctrl Pts',(-58.8349658355323,0.2,-81.266727736908));
#9342=CARTESIAN_POINT('Ctrl Pts',(-58.8349658355323,0.2,-81.0387698828515));
#9343=CARTESIAN_POINT('Ctrl Pts',(-57.7680290753092,0.,-81.8260470076858));
#9344=CARTESIAN_POINT('Ctrl Pts',(-57.7680290753092,0.2,-81.8260470076858));
#9345=CARTESIAN_POINT('Ctrl Pts',(-58.0171376580925,0.,-81.8260470076858));
#9346=CARTESIAN_POINT('Ctrl Pts',(-58.0171376580925,0.2,-81.8260470076858));
#9347=CARTESIAN_POINT('Ctrl Pts',(-58.3531992367531,0.,-81.7719951453837));
#9348=CARTESIAN_POINT('Ctrl Pts',(-58.3531992367531,0.2,-81.7719951453837));
#9349=CARTESIAN_POINT('Ctrl Pts',(-58.5059544997807,0.,-81.6732917446582));
#9350=CARTESIAN_POINT('Ctrl Pts',(-58.5059544997807,0.2,-81.6732917446582));
#9351=CARTESIAN_POINT('',(-57.7680290753092,0.,-81.8260470076858));
#9352=CARTESIAN_POINT('Ctrl Pts',(-57.7680290753092,0.,-81.8260470076858));
#9353=CARTESIAN_POINT('Ctrl Pts',(-58.0171376580925,0.,-81.8260470076858));
#9354=CARTESIAN_POINT('Ctrl Pts',(-58.3531992367531,0.,-81.7719951453837));
#9355=CARTESIAN_POINT('Ctrl Pts',(-58.5059544997807,0.,-81.6732917446582));
#9356=CARTESIAN_POINT('',(-57.7680290753092,0.2,-81.8260470076858));
#9357=CARTESIAN_POINT('',(-57.7680290753092,0.,-81.8260470076858));
#9358=CARTESIAN_POINT('Ctrl Pts',(-57.7680290753092,0.2,-81.8260470076858));
#9359=CARTESIAN_POINT('Ctrl Pts',(-58.0171376580925,0.2,-81.8260470076858));
#9360=CARTESIAN_POINT('Ctrl Pts',(-58.3531992367531,0.2,-81.7719951453837));
#9361=CARTESIAN_POINT('Ctrl Pts',(-58.5059544997807,0.2,-81.6732917446582));
#9362=CARTESIAN_POINT('Origin',(-57.0207033269591,0.,-81.8260470076858));
#9363=CARTESIAN_POINT('',(-57.0207033269591,0.,-81.8260470076858));
#9364=CARTESIAN_POINT('',(-52.0103516634796,0.,-81.8260470076858));
#9365=CARTESIAN_POINT('',(-57.0207033269591,0.2,-81.8260470076858));
#9366=CARTESIAN_POINT('',(-57.0207033269591,0.,-81.8260470076858));
#9367=CARTESIAN_POINT('',(-57.0207033269591,0.2,-81.8260470076858));
#9368=CARTESIAN_POINT('Origin',(-57.0207033269591,0.,-78.9260470911323));
#9369=CARTESIAN_POINT('',(-57.0207033269591,0.,-78.9260470911323));
#9370=CARTESIAN_POINT('',(-57.0207033269591,0.,-64.2130235455661));
#9371=CARTESIAN_POINT('',(-57.0207033269591,0.2,-78.9260470911323));
#9372=CARTESIAN_POINT('',(-57.0207033269591,0.,-78.9260470911323));
#9373=CARTESIAN_POINT('',(-57.0207033269591,0.2,-78.9260470911323));
#9374=CARTESIAN_POINT('Origin',(-57.4061166059824,0.,-78.9260470911323));
#9375=CARTESIAN_POINT('',(-57.4061166059824,0.,-78.9260470911323));
#9376=CARTESIAN_POINT('',(-52.2030583029912,0.,-78.9260470911323));
#9377=CARTESIAN_POINT('',(-57.4061166059824,0.2,-78.9260470911323));
#9378=CARTESIAN_POINT('',(-57.4061166059824,0.,-78.9260470911323));
#9379=CARTESIAN_POINT('',(-57.4061166059824,0.2,-78.9260470911323));
#9380=CARTESIAN_POINT('Origin',(-57.4061166059824,0.,-80.0799368472325));
#9381=CARTESIAN_POINT('',(-57.4061166059824,0.,-80.0799368472325));
#9382=CARTESIAN_POINT('',(-57.4061166059824,0.,-64.7899684236163));
#9383=CARTESIAN_POINT('',(-57.4061166059824,0.2,-80.0799368472325));
#9384=CARTESIAN_POINT('',(-57.4061166059824,0.,-80.0799368472325));
#9385=CARTESIAN_POINT('',(-57.4061166059824,0.2,-80.0799368472325));
#9386=CARTESIAN_POINT('Origin',(-57.8479318282774,0.,-80.0799368472325));
#9387=CARTESIAN_POINT('',(-57.8479318282774,0.,-80.0799368472325));
#9388=CARTESIAN_POINT('',(-52.4239659141387,0.,-80.0799368472325));
#9389=CARTESIAN_POINT('',(-57.8479318282774,0.2,-80.0799368472325));
#9390=CARTESIAN_POINT('',(-57.8479318282774,0.,-80.0799368472325));
#9391=CARTESIAN_POINT('',(-57.8479318282774,0.2,-80.0799368472325));
#9392=CARTESIAN_POINT('Origin',(-58.7644634064426,0.,-78.9260470911323));
#9393=CARTESIAN_POINT('',(-58.7644634064426,0.,-78.9260470911323));
#9394=CARTESIAN_POINT('',(-63.6546016295015,0.,-72.7694884564608));
#9395=CARTESIAN_POINT('',(-58.7644634064426,0.2,-78.9260470911323));
#9396=CARTESIAN_POINT('',(-58.7644634064426,0.,-78.9260470911323));
#9397=CARTESIAN_POINT('',(-58.7644634064426,0.2,-78.9260470911323));
#9398=CARTESIAN_POINT('Origin',(-59.265030652979,0.,-78.9260470911323));
#9399=CARTESIAN_POINT('',(-53.1325153264895,0.,-78.9260470911323));
#9400=CARTESIAN_POINT('',(-59.265030652979,0.2,-78.9260470911323));
#9401=CARTESIAN_POINT('Origin',(-57.8887107288406,0.2,-80.1582820576153));
#9402=CARTESIAN_POINT('Ctrl Pts',(-60.6139771295606,0.,-81.5534376152058));
#9403=CARTESIAN_POINT('Ctrl Pts',(-60.6139771295606,0.2,-81.5534376152058));
#9404=CARTESIAN_POINT('Ctrl Pts',(-60.8160840929509,0.,-81.5534376152058));
#9405=CARTESIAN_POINT('Ctrl Pts',(-60.8160840929509,0.2,-81.5534376152058));
#9406=CARTESIAN_POINT('Ctrl Pts',(-61.1403952667632,0.,-81.403032433148));
#9407=CARTESIAN_POINT('Ctrl Pts',(-61.1403952667632,0.2,-81.403032433148));
#9408=CARTESIAN_POINT('Ctrl Pts',(-61.2555492342763,0.,-81.2526272510901));
#9409=CARTESIAN_POINT('Ctrl Pts',(-61.2555492342763,0.2,-81.2526272510901));
#9410=CARTESIAN_POINT('',(-61.2555492342763,0.,-81.2526272510901));
#9411=CARTESIAN_POINT('',(-60.6139771295606,0.,-81.5534376152058));
#9412=CARTESIAN_POINT('Ctrl Pts',(-61.2555492342763,0.,-81.2526272510901));
#9413=CARTESIAN_POINT('Ctrl Pts',(-61.1403952667632,0.,-81.403032433148));
#9414=CARTESIAN_POINT('Ctrl Pts',(-60.8160840929509,0.,-81.5534376152058));
#9415=CARTESIAN_POINT('Ctrl Pts',(-60.6139771295606,0.,-81.5534376152058));
#9416=CARTESIAN_POINT('',(-61.2555492342763,0.2,-81.2526272510901));
#9417=CARTESIAN_POINT('',(-61.2555492342763,0.,-81.2526272510901));
#9418=CARTESIAN_POINT('',(-60.6139771295606,0.2,-81.5534376152058));
#9419=CARTESIAN_POINT('Ctrl Pts',(-61.2555492342763,0.2,-81.2526272510901));
#9420=CARTESIAN_POINT('Ctrl Pts',(-61.1403952667632,0.2,-81.403032433148));
#9421=CARTESIAN_POINT('Ctrl Pts',(-60.8160840929509,0.2,-81.5534376152058));
#9422=CARTESIAN_POINT('Ctrl Pts',(-60.6139771295606,0.2,-81.5534376152058));
#9423=CARTESIAN_POINT('',(-60.6139771295606,0.,-81.5534376152058));
#9424=CARTESIAN_POINT('Ctrl Pts',(-59.9700549438753,0.,-81.2526272510901));
#9425=CARTESIAN_POINT('Ctrl Pts',(-59.9700549438753,0.2,-81.2526272510901));
#9426=CARTESIAN_POINT('Ctrl Pts',(-60.0899090733277,0.,-81.4077325950873));
#9427=CARTESIAN_POINT('Ctrl Pts',(-60.0899090733277,0.2,-81.4077325950873));
#9428=CARTESIAN_POINT('Ctrl Pts',(-60.4048199232614,0.,-81.5534376152058));
#9429=CARTESIAN_POINT('Ctrl Pts',(-60.4048199232614,0.2,-81.5534376152058));
#9430=CARTESIAN_POINT('Ctrl Pts',(-60.6139771295606,0.,-81.5534376152058));
#9431=CARTESIAN_POINT('Ctrl Pts',(-60.6139771295606,0.2,-81.5534376152058));
#9432=CARTESIAN_POINT('',(-59.9700549438753,0.,-81.2526272510901));
#9433=CARTESIAN_POINT('Ctrl Pts',(-60.6139771295606,0.,-81.5534376152058));
#9434=CARTESIAN_POINT('Ctrl Pts',(-60.4048199232614,0.,-81.5534376152058));
#9435=CARTESIAN_POINT('Ctrl Pts',(-60.0899090733277,0.,-81.4077325950873));
#9436=CARTESIAN_POINT('Ctrl Pts',(-59.9700549438753,0.,-81.2526272510901));
#9437=CARTESIAN_POINT('',(-59.9700549438753,0.2,-81.2526272510901));
#9438=CARTESIAN_POINT('Ctrl Pts',(-60.6139771295606,0.2,-81.5534376152058));
#9439=CARTESIAN_POINT('Ctrl Pts',(-60.4048199232614,0.2,-81.5534376152058));
#9440=CARTESIAN_POINT('Ctrl Pts',(-60.0899090733277,0.2,-81.4077325950873));
#9441=CARTESIAN_POINT('Ctrl Pts',(-59.9700549438753,0.2,-81.2526272510901));
#9442=CARTESIAN_POINT('',(-59.9700549438753,0.,-81.2526272510901));
#9443=CARTESIAN_POINT('Ctrl Pts',(-59.7326967659402,0.,-80.376047049409));
#9444=CARTESIAN_POINT('Ctrl Pts',(-59.7326967659402,0.2,-80.376047049409));
#9445=CARTESIAN_POINT('Ctrl Pts',(-59.7326967659402,0.,-80.6580567657675));
#9446=CARTESIAN_POINT('Ctrl Pts',(-59.7326967659402,0.2,-80.6580567657675));
#9447=CARTESIAN_POINT('Ctrl Pts',(-59.8549009763623,0.,-81.1045721500018));
#9448=CARTESIAN_POINT('Ctrl Pts',(-59.8549009763623,0.2,-81.1045721500018));
#9449=CARTESIAN_POINT('Ctrl Pts',(-59.9700549438753,0.,-81.2526272510901));
#9450=CARTESIAN_POINT('Ctrl Pts',(-59.9700549438753,0.2,-81.2526272510901));
#9451=CARTESIAN_POINT('',(-59.7326967659402,0.,-80.376047049409));
#9452=CARTESIAN_POINT('Ctrl Pts',(-59.9700549438753,0.,-81.2526272510901));
#9453=CARTESIAN_POINT('Ctrl Pts',(-59.8549009763623,0.,-81.1045721500018));
#9454=CARTESIAN_POINT('Ctrl Pts',(-59.7326967659402,0.,-80.6580567657675));
#9455=CARTESIAN_POINT('Ctrl Pts',(-59.7326967659402,0.,-80.376047049409));
#9456=CARTESIAN_POINT('',(-59.7326967659402,0.2,-80.376047049409));
#9457=CARTESIAN_POINT('Ctrl Pts',(-59.9700549438753,0.2,-81.2526272510901));
#9458=CARTESIAN_POINT('Ctrl Pts',(-59.8549009763623,0.2,-81.1045721500018));
#9459=CARTESIAN_POINT('Ctrl Pts',(-59.7326967659402,0.2,-80.6580567657675));
#9460=CARTESIAN_POINT('Ctrl Pts',(-59.7326967659402,0.2,-80.376047049409));
#9461=CARTESIAN_POINT('',(-59.7326967659402,0.,-80.376047049409));
#9462=CARTESIAN_POINT('Ctrl Pts',(-60.6139771295606,0.,-79.1986564836122));
#9463=CARTESIAN_POINT('Ctrl Pts',(-60.6139771295606,0.2,-79.1986564836122));
#9464=CARTESIAN_POINT('Ctrl Pts',(-60.2121132837497,0.,-79.1986564836122));
#9465=CARTESIAN_POINT('Ctrl Pts',(-60.2121132837497,0.2,-79.1986564836122));
#9466=CARTESIAN_POINT('Ctrl Pts',(-59.7326967659402,0.,-79.804977373783));
#9467=CARTESIAN_POINT('Ctrl Pts',(-59.7326967659402,0.2,-79.804977373783));
#9468=CARTESIAN_POINT('Ctrl Pts',(-59.7326967659402,0.,-80.376047049409));
#9469=CARTESIAN_POINT('Ctrl Pts',(-59.7326967659402,0.2,-80.376047049409));
#9470=CARTESIAN_POINT('',(-60.6139771295606,0.,-79.1986564836122));
#9471=CARTESIAN_POINT('Ctrl Pts',(-59.7326967659402,0.,-80.376047049409));
#9472=CARTESIAN_POINT('Ctrl Pts',(-59.7326967659402,0.,-79.804977373783));
#9473=CARTESIAN_POINT('Ctrl Pts',(-60.2121132837497,0.,-79.1986564836122));
#9474=CARTESIAN_POINT('Ctrl Pts',(-60.6139771295606,0.,-79.1986564836122));
#9475=CARTESIAN_POINT('',(-60.6139771295606,0.2,-79.1986564836122));
#9476=CARTESIAN_POINT('Ctrl Pts',(-59.7326967659402,0.2,-80.376047049409));
#9477=CARTESIAN_POINT('Ctrl Pts',(-59.7326967659402,0.2,-79.804977373783));
#9478=CARTESIAN_POINT('Ctrl Pts',(-60.2121132837497,0.2,-79.1986564836122));
#9479=CARTESIAN_POINT('Ctrl Pts',(-60.6139771295606,0.2,-79.1986564836122));
#9480=CARTESIAN_POINT('',(-60.6139771295606,0.,-79.1986564836122));
#9481=CARTESIAN_POINT('Ctrl Pts',(-61.4929074122114,0.,-80.376047049409));
#9482=CARTESIAN_POINT('Ctrl Pts',(-61.4929074122114,0.2,-80.376047049409));
#9483=CARTESIAN_POINT('Ctrl Pts',(-61.4929074122114,0.,-79.804977373783));
#9484=CARTESIAN_POINT('Ctrl Pts',(-61.4929074122114,0.2,-79.804977373783));
#9485=CARTESIAN_POINT('Ctrl Pts',(-61.0158409753715,0.,-79.1986564836122));
#9486=CARTESIAN_POINT('Ctrl Pts',(-61.0158409753715,0.2,-79.1986564836122));
#9487=CARTESIAN_POINT('Ctrl Pts',(-60.6139771295606,0.,-79.1986564836122));
#9488=CARTESIAN_POINT('Ctrl Pts',(-60.6139771295606,0.2,-79.1986564836122));
#9489=CARTESIAN_POINT('',(-61.4929074122114,0.,-80.376047049409));
#9490=CARTESIAN_POINT('Ctrl Pts',(-60.6139771295606,0.,-79.1986564836122));
#9491=CARTESIAN_POINT('Ctrl Pts',(-61.0158409753715,0.,-79.1986564836122));
#9492=CARTESIAN_POINT('Ctrl Pts',(-61.4929074122114,0.,-79.804977373783));
#9493=CARTESIAN_POINT('Ctrl Pts',(-61.4929074122114,0.,-80.376047049409));
#9494=CARTESIAN_POINT('',(-61.4929074122114,0.2,-80.376047049409));
#9495=CARTESIAN_POINT('Ctrl Pts',(-60.6139771295606,0.2,-79.1986564836122));
#9496=CARTESIAN_POINT('Ctrl Pts',(-61.0158409753715,0.2,-79.1986564836122));
#9497=CARTESIAN_POINT('Ctrl Pts',(-61.4929074122114,0.2,-79.804977373783));
#9498=CARTESIAN_POINT('Ctrl Pts',(-61.4929074122114,0.2,-80.376047049409));
#9499=CARTESIAN_POINT('',(-61.4929074122114,0.,-80.376047049409));
#9500=CARTESIAN_POINT('Ctrl Pts',(-61.2555492342763,0.,-81.2526272510901));
#9501=CARTESIAN_POINT('Ctrl Pts',(-61.2555492342763,0.2,-81.2526272510901));
#9502=CARTESIAN_POINT('Ctrl Pts',(-61.3683531208197,0.,-81.1069222309715));
#9503=CARTESIAN_POINT('Ctrl Pts',(-61.3683531208197,0.2,-81.1069222309715));
#9504=CARTESIAN_POINT('Ctrl Pts',(-61.4929074122114,0.,-80.6627569277069));
#9505=CARTESIAN_POINT('Ctrl Pts',(-61.4929074122114,0.2,-80.6627569277069));
#9506=CARTESIAN_POINT('Ctrl Pts',(-61.4929074122114,0.,-80.376047049409));
#9507=CARTESIAN_POINT('Ctrl Pts',(-61.4929074122114,0.2,-80.376047049409));
#9508=CARTESIAN_POINT('Ctrl Pts',(-61.4929074122114,0.,-80.376047049409));
#9509=CARTESIAN_POINT('Ctrl Pts',(-61.4929074122114,0.,-80.6627569277069));
#9510=CARTESIAN_POINT('Ctrl Pts',(-61.3683531208197,0.,-81.1069222309715));
#9511=CARTESIAN_POINT('Ctrl Pts',(-61.2555492342763,0.,-81.2526272510901));
#9512=CARTESIAN_POINT('Ctrl Pts',(-61.4929074122114,0.2,-80.376047049409));
#9513=CARTESIAN_POINT('Ctrl Pts',(-61.4929074122114,0.2,-80.6627569277069));
#9514=CARTESIAN_POINT('Ctrl Pts',(-61.3683531208197,0.2,-81.1069222309715));
#9515=CARTESIAN_POINT('Ctrl Pts',(-61.2555492342763,0.2,-81.2526272510901));
#9516=CARTESIAN_POINT('Ctrl Pts',(-60.611627048591,0.,-81.8871491128968));
#9517=CARTESIAN_POINT('Ctrl Pts',(-60.611627048591,0.2,-81.8871491128968));
#9518=CARTESIAN_POINT('Ctrl Pts',(-60.9077372507674,0.,-81.8871491128968));
#9519=CARTESIAN_POINT('Ctrl Pts',(-60.9077372507674,0.2,-81.8871491128968));
#9520=CARTESIAN_POINT('Ctrl Pts',(-61.3824536066376,0.,-81.6803419875672));
#9521=CARTESIAN_POINT('Ctrl Pts',(-61.3824536066376,0.2,-81.6803419875672));
#9522=CARTESIAN_POINT('Ctrl Pts',(-61.5469592745134,0.,-81.4946855909645));
#9523=CARTESIAN_POINT('Ctrl Pts',(-61.5469592745134,0.2,-81.4946855909645));
#9524=CARTESIAN_POINT('',(-60.611627048591,0.,-81.8871491128968));
#9525=CARTESIAN_POINT('',(-61.5469592745134,0.,-81.4946855909645));
#9526=CARTESIAN_POINT('Ctrl Pts',(-60.611627048591,0.,-81.8871491128968));
#9527=CARTESIAN_POINT('Ctrl Pts',(-60.9077372507674,0.,-81.8871491128968));
#9528=CARTESIAN_POINT('Ctrl Pts',(-61.3824536066376,0.,-81.6803419875672));
#9529=CARTESIAN_POINT('Ctrl Pts',(-61.5469592745134,0.,-81.4946855909645));
#9530=CARTESIAN_POINT('',(-60.611627048591,0.2,-81.8871491128968));
#9531=CARTESIAN_POINT('',(-60.611627048591,0.,-81.8871491128968));
#9532=CARTESIAN_POINT('',(-61.5469592745134,0.2,-81.4946855909645));
#9533=CARTESIAN_POINT('Ctrl Pts',(-60.611627048591,0.2,-81.8871491128968));
#9534=CARTESIAN_POINT('Ctrl Pts',(-60.9077372507674,0.2,-81.8871491128968));
#9535=CARTESIAN_POINT('Ctrl Pts',(-61.3824536066376,0.2,-81.6803419875672));
#9536=CARTESIAN_POINT('Ctrl Pts',(-61.5469592745134,0.2,-81.4946855909645));
#9537=CARTESIAN_POINT('',(-61.5469592745134,0.,-81.4946855909645));
#9538=CARTESIAN_POINT('Ctrl Pts',(-59.6786449036382,0.,-81.4946855909645));
#9539=CARTESIAN_POINT('Ctrl Pts',(-59.6786449036382,0.2,-81.4946855909645));
#9540=CARTESIAN_POINT('Ctrl Pts',(-59.8478507334533,0.,-81.6873922304761));
#9541=CARTESIAN_POINT('Ctrl Pts',(-59.8478507334533,0.2,-81.6873922304761));
#9542=CARTESIAN_POINT('Ctrl Pts',(-60.3202170083538,0.,-81.8871491128968));
#9543=CARTESIAN_POINT('Ctrl Pts',(-60.3202170083538,0.2,-81.8871491128968));
#9544=CARTESIAN_POINT('Ctrl Pts',(-60.611627048591,0.,-81.8871491128968));
#9545=CARTESIAN_POINT('Ctrl Pts',(-60.611627048591,0.2,-81.8871491128968));
#9546=CARTESIAN_POINT('',(-59.6786449036382,0.,-81.4946855909645));
#9547=CARTESIAN_POINT('Ctrl Pts',(-59.6786449036382,0.,-81.4946855909645));
#9548=CARTESIAN_POINT('Ctrl Pts',(-59.8478507334533,0.,-81.6873922304761));
#9549=CARTESIAN_POINT('Ctrl Pts',(-60.3202170083538,0.,-81.8871491128968));
#9550=CARTESIAN_POINT('Ctrl Pts',(-60.611627048591,0.,-81.8871491128968));
#9551=CARTESIAN_POINT('',(-59.6786449036382,0.2,-81.4946855909645));
#9552=CARTESIAN_POINT('',(-59.6786449036382,0.,-81.4946855909645));
#9553=CARTESIAN_POINT('Ctrl Pts',(-59.6786449036382,0.2,-81.4946855909645));
#9554=CARTESIAN_POINT('Ctrl Pts',(-59.8478507334533,0.2,-81.6873922304761));
#9555=CARTESIAN_POINT('Ctrl Pts',(-60.3202170083538,0.2,-81.8871491128968));
#9556=CARTESIAN_POINT('Ctrl Pts',(-60.611627048591,0.2,-81.8871491128968));
#9557=CARTESIAN_POINT('Ctrl Pts',(-59.3308329201293,0.,-80.376047049409));
#9558=CARTESIAN_POINT('Ctrl Pts',(-59.3308329201293,0.2,-80.376047049409));
#9559=CARTESIAN_POINT('Ctrl Pts',(-59.3308329201293,0.,-80.7403095997054));
#9560=CARTESIAN_POINT('Ctrl Pts',(-59.3308329201293,0.2,-80.7403095997054));
#9561=CARTESIAN_POINT('Ctrl Pts',(-59.5117891547927,0.,-81.2949287085438));
#9562=CARTESIAN_POINT('Ctrl Pts',(-59.5117891547927,0.2,-81.2949287085438));
#9563=CARTESIAN_POINT('Ctrl Pts',(-59.6786449036382,0.,-81.4946855909645));
#9564=CARTESIAN_POINT('Ctrl Pts',(-59.6786449036382,0.2,-81.4946855909645));
#9565=CARTESIAN_POINT('',(-59.3308329201293,0.,-80.376047049409));
#9566=CARTESIAN_POINT('Ctrl Pts',(-59.3308329201293,0.,-80.376047049409));
#9567=CARTESIAN_POINT('Ctrl Pts',(-59.3308329201293,0.,-80.7403095997054));
#9568=CARTESIAN_POINT('Ctrl Pts',(-59.5117891547927,0.,-81.2949287085438));
#9569=CARTESIAN_POINT('Ctrl Pts',(-59.6786449036382,0.,-81.4946855909645));
#9570=CARTESIAN_POINT('',(-59.3308329201293,0.2,-80.376047049409));
#9571=CARTESIAN_POINT('',(-59.3308329201293,0.,-80.376047049409));
#9572=CARTESIAN_POINT('Ctrl Pts',(-59.3308329201293,0.2,-80.376047049409));
#9573=CARTESIAN_POINT('Ctrl Pts',(-59.3308329201293,0.2,-80.7403095997054));
#9574=CARTESIAN_POINT('Ctrl Pts',(-59.5117891547927,0.2,-81.2949287085438));
#9575=CARTESIAN_POINT('Ctrl Pts',(-59.6786449036382,0.2,-81.4946855909645));
#9576=CARTESIAN_POINT('Ctrl Pts',(-59.6762948226685,0.,-79.2597585888232));
#9577=CARTESIAN_POINT('Ctrl Pts',(-59.6762948226685,0.2,-79.2597585888232));
#9578=CARTESIAN_POINT('Ctrl Pts',(-59.5094390738231,0.,-79.4524652283348));
#9579=CARTESIAN_POINT('Ctrl Pts',(-59.5094390738231,0.2,-79.4524652283348));
#9580=CARTESIAN_POINT('Ctrl Pts',(-59.3308329201293,0.,-80.0188347420215));
#9581=CARTESIAN_POINT('Ctrl Pts',(-59.3308329201293,0.2,-80.0188347420215));
#9582=CARTESIAN_POINT('Ctrl Pts',(-59.3308329201293,0.,-80.376047049409));
#9583=CARTESIAN_POINT('Ctrl Pts',(-59.3308329201293,0.2,-80.376047049409));
#9584=CARTESIAN_POINT('',(-59.6762948226685,0.,-79.2597585888232));
#9585=CARTESIAN_POINT('Ctrl Pts',(-59.6762948226685,0.,-79.2597585888232));
#9586=CARTESIAN_POINT('Ctrl Pts',(-59.5094390738231,0.,-79.4524652283348));
#9587=CARTESIAN_POINT('Ctrl Pts',(-59.3308329201293,0.,-80.0188347420215));
#9588=CARTESIAN_POINT('Ctrl Pts',(-59.3308329201293,0.,-80.376047049409));
#9589=CARTESIAN_POINT('',(-59.6762948226685,0.2,-79.2597585888232));
#9590=CARTESIAN_POINT('',(-59.6762948226685,0.,-79.2597585888232));
#9591=CARTESIAN_POINT('Ctrl Pts',(-59.6762948226685,0.2,-79.2597585888232));
#9592=CARTESIAN_POINT('Ctrl Pts',(-59.5094390738231,0.2,-79.4524652283348));
#9593=CARTESIAN_POINT('Ctrl Pts',(-59.3308329201293,0.2,-80.0188347420215));
#9594=CARTESIAN_POINT('Ctrl Pts',(-59.3308329201293,0.2,-80.376047049409));
#9595=CARTESIAN_POINT('Ctrl Pts',(-60.611627048591,0.,-78.8649449859212));
#9596=CARTESIAN_POINT('Ctrl Pts',(-60.611627048591,0.2,-78.8649449859212));
#9597=CARTESIAN_POINT('Ctrl Pts',(-60.3178669273842,0.,-78.8649449859212));
#9598=CARTESIAN_POINT('Ctrl Pts',(-60.3178669273842,0.2,-78.8649449859212));
#9599=CARTESIAN_POINT('Ctrl Pts',(-59.8478507334533,0.,-79.0647018683419));
#9600=CARTESIAN_POINT('Ctrl Pts',(-59.8478507334533,0.2,-79.0647018683419));
#9601=CARTESIAN_POINT('Ctrl Pts',(-59.6762948226685,0.,-79.2597585888232));
#9602=CARTESIAN_POINT('Ctrl Pts',(-59.6762948226685,0.2,-79.2597585888232));
#9603=CARTESIAN_POINT('',(-60.611627048591,0.,-78.8649449859212));
#9604=CARTESIAN_POINT('Ctrl Pts',(-60.611627048591,0.,-78.8649449859212));
#9605=CARTESIAN_POINT('Ctrl Pts',(-60.3178669273842,0.,-78.8649449859212));
#9606=CARTESIAN_POINT('Ctrl Pts',(-59.8478507334533,0.,-79.0647018683419));
#9607=CARTESIAN_POINT('Ctrl Pts',(-59.6762948226685,0.,-79.2597585888232));
#9608=CARTESIAN_POINT('',(-60.611627048591,0.2,-78.8649449859212));
#9609=CARTESIAN_POINT('',(-60.611627048591,0.,-78.8649449859212));
#9610=CARTESIAN_POINT('Ctrl Pts',(-60.611627048591,0.2,-78.8649449859212));
#9611=CARTESIAN_POINT('Ctrl Pts',(-60.3178669273842,0.2,-78.8649449859212));
#9612=CARTESIAN_POINT('Ctrl Pts',(-59.8478507334533,0.2,-79.0647018683419));
#9613=CARTESIAN_POINT('Ctrl Pts',(-59.6762948226685,0.2,-79.2597585888232));
#9614=CARTESIAN_POINT('Ctrl Pts',(-61.5469592745134,0.,-79.2597585888232));
#9615=CARTESIAN_POINT('Ctrl Pts',(-61.5469592745134,0.2,-79.2597585888232));
#9616=CARTESIAN_POINT('Ctrl Pts',(-61.3683531208197,0.,-79.0576516254329));
#9617=CARTESIAN_POINT('Ctrl Pts',(-61.3683531208197,0.2,-79.0576516254329));
#9618=CARTESIAN_POINT('Ctrl Pts',(-60.8959868459192,0.,-78.8649449859212));
#9619=CARTESIAN_POINT('Ctrl Pts',(-60.8959868459192,0.2,-78.8649449859212));
#9620=CARTESIAN_POINT('Ctrl Pts',(-60.611627048591,0.,-78.8649449859212));
#9621=CARTESIAN_POINT('Ctrl Pts',(-60.611627048591,0.2,-78.8649449859212));
#9622=CARTESIAN_POINT('',(-61.5469592745134,0.,-79.2597585888232));
#9623=CARTESIAN_POINT('Ctrl Pts',(-61.5469592745134,0.,-79.2597585888232));
#9624=CARTESIAN_POINT('Ctrl Pts',(-61.3683531208197,0.,-79.0576516254329));
#9625=CARTESIAN_POINT('Ctrl Pts',(-60.8959868459192,0.,-78.8649449859212));
#9626=CARTESIAN_POINT('Ctrl Pts',(-60.611627048591,0.,-78.8649449859212));
#9627=CARTESIAN_POINT('',(-61.5469592745134,0.2,-79.2597585888232));
#9628=CARTESIAN_POINT('',(-61.5469592745134,0.,-79.2597585888232));
#9629=CARTESIAN_POINT('Ctrl Pts',(-61.5469592745134,0.2,-79.2597585888232));
#9630=CARTESIAN_POINT('Ctrl Pts',(-61.3683531208197,0.2,-79.0576516254329));
#9631=CARTESIAN_POINT('Ctrl Pts',(-60.8959868459192,0.2,-78.8649449859212));
#9632=CARTESIAN_POINT('Ctrl Pts',(-60.611627048591,0.2,-78.8649449859212));
#9633=CARTESIAN_POINT('Ctrl Pts',(-61.8947712580223,0.,-80.376047049409));
#9634=CARTESIAN_POINT('Ctrl Pts',(-61.8947712580223,0.2,-80.376047049409));
#9635=CARTESIAN_POINT('Ctrl Pts',(-61.8947712580223,0.,-80.0235349039609));
#9636=CARTESIAN_POINT('Ctrl Pts',(-61.8947712580223,0.2,-80.0235349039609));
#9637=CARTESIAN_POINT('Ctrl Pts',(-61.7161651043285,0.,-79.4524652283348));
#9638=CARTESIAN_POINT('Ctrl Pts',(-61.7161651043285,0.2,-79.4524652283348));
#9639=CARTESIAN_POINT('Ctrl Pts',(-61.5469592745134,0.,-79.2597585888232));
#9640=CARTESIAN_POINT('Ctrl Pts',(-61.5469592745134,0.2,-79.2597585888232));
#9641=CARTESIAN_POINT('',(-61.8947712580223,0.,-80.376047049409));
#9642=CARTESIAN_POINT('Ctrl Pts',(-61.8947712580223,0.,-80.376047049409));
#9643=CARTESIAN_POINT('Ctrl Pts',(-61.8947712580223,0.,-80.0235349039609));
#9644=CARTESIAN_POINT('Ctrl Pts',(-61.7161651043285,0.,-79.4524652283348));
#9645=CARTESIAN_POINT('Ctrl Pts',(-61.5469592745134,0.,-79.2597585888232));
#9646=CARTESIAN_POINT('',(-61.8947712580223,0.2,-80.376047049409));
#9647=CARTESIAN_POINT('',(-61.8947712580223,0.,-80.376047049409));
#9648=CARTESIAN_POINT('Ctrl Pts',(-61.8947712580223,0.2,-80.376047049409));
#9649=CARTESIAN_POINT('Ctrl Pts',(-61.8947712580223,0.2,-80.0235349039609));
#9650=CARTESIAN_POINT('Ctrl Pts',(-61.7161651043285,0.2,-79.4524652283348));
#9651=CARTESIAN_POINT('Ctrl Pts',(-61.5469592745134,0.2,-79.2597585888232));
#9652=CARTESIAN_POINT('Ctrl Pts',(-61.5469592745134,0.,-81.4946855909645));
#9653=CARTESIAN_POINT('Ctrl Pts',(-61.5469592745134,0.2,-81.4946855909645));
#9654=CARTESIAN_POINT('Ctrl Pts',(-61.7114649423892,0.,-81.3019789514528));
#9655=CARTESIAN_POINT('Ctrl Pts',(-61.7114649423892,0.2,-81.3019789514528));
#9656=CARTESIAN_POINT('Ctrl Pts',(-61.8947712580223,0.,-80.7379595187358));
#9657=CARTESIAN_POINT('Ctrl Pts',(-61.8947712580223,0.2,-80.7379595187358));
#9658=CARTESIAN_POINT('Ctrl Pts',(-61.8947712580223,0.,-80.376047049409));
#9659=CARTESIAN_POINT('Ctrl Pts',(-61.8947712580223,0.2,-80.376047049409));
#9660=CARTESIAN_POINT('Ctrl Pts',(-61.5469592745134,0.,-81.4946855909645));
#9661=CARTESIAN_POINT('Ctrl Pts',(-61.7114649423892,0.,-81.3019789514528));
#9662=CARTESIAN_POINT('Ctrl Pts',(-61.8947712580223,0.,-80.7379595187358));
#9663=CARTESIAN_POINT('Ctrl Pts',(-61.8947712580223,0.,-80.376047049409));
#9664=CARTESIAN_POINT('Ctrl Pts',(-61.5469592745134,0.2,-81.4946855909645));
#9665=CARTESIAN_POINT('Ctrl Pts',(-61.7114649423892,0.2,-81.3019789514528));
#9666=CARTESIAN_POINT('Ctrl Pts',(-61.8947712580223,0.2,-80.7379595187358));
#9667=CARTESIAN_POINT('Ctrl Pts',(-61.8947712580223,0.2,-80.376047049409));
#9668=CARTESIAN_POINT('Origin',(-60.6124404934533,0.2,-80.3757568323524));
#9669=CARTESIAN_POINT('Origin',(-63.9980937258629,0.,-79.2691589127018));
#9670=CARTESIAN_POINT('',(-63.9980937258629,0.,-79.2691589127018));
#9671=CARTESIAN_POINT('',(-63.9980937258629,0.,-78.9260470911323));
#9672=CARTESIAN_POINT('',(-63.9980937258629,0.,-64.3845794563509));
#9673=CARTESIAN_POINT('',(-63.9980937258629,0.2,-79.2691589127018));
#9674=CARTESIAN_POINT('',(-63.9980937258629,0.,-79.2691589127018));
#9675=CARTESIAN_POINT('',(-63.9980937258629,0.2,-78.9260470911323));
#9676=CARTESIAN_POINT('',(-63.9980937258629,0.2,-79.2691589127018));
#9677=CARTESIAN_POINT('',(-63.9980937258629,0.,-78.9260470911323));
#9678=CARTESIAN_POINT('Origin',(-62.7031991115834,0.,-79.2691589127018));
#9679=CARTESIAN_POINT('',(-62.7031991115834,0.,-79.2691589127018));
#9680=CARTESIAN_POINT('',(-54.8515995557917,0.,-79.2691589127018));
#9681=CARTESIAN_POINT('',(-62.7031991115834,0.2,-79.2691589127018));
#9682=CARTESIAN_POINT('',(-62.7031991115834,0.,-79.2691589127018));
#9683=CARTESIAN_POINT('',(-62.7031991115834,0.2,-79.2691589127018));
#9684=CARTESIAN_POINT('Origin',(-62.7031991115834,0.,-81.8260470076858));
#9685=CARTESIAN_POINT('',(-62.7031991115834,0.,-81.8260470076858));
#9686=CARTESIAN_POINT('',(-62.7031991115834,0.,-65.6630235038429));
#9687=CARTESIAN_POINT('',(-62.7031991115834,0.2,-81.8260470076858));
#9688=CARTESIAN_POINT('',(-62.7031991115834,0.,-81.8260470076858));
#9689=CARTESIAN_POINT('',(-62.7031991115834,0.2,-81.8260470076858));
#9690=CARTESIAN_POINT('Origin',(-62.31778583256,0.,-81.8260470076858));
#9691=CARTESIAN_POINT('',(-62.31778583256,0.,-81.8260470076858));
#9692=CARTESIAN_POINT('',(-54.65889291628,0.,-81.8260470076858));
#9693=CARTESIAN_POINT('',(-62.31778583256,0.2,-81.8260470076858));
#9694=CARTESIAN_POINT('',(-62.31778583256,0.,-81.8260470076858));
#9695=CARTESIAN_POINT('',(-62.31778583256,0.2,-81.8260470076858));
#9696=CARTESIAN_POINT('Origin',(-62.31778583256,0.,-78.9260470911323));
#9697=CARTESIAN_POINT('',(-62.31778583256,0.,-78.9260470911323));
#9698=CARTESIAN_POINT('',(-62.31778583256,0.,-64.2130235455661));
#9699=CARTESIAN_POINT('',(-62.31778583256,0.2,-78.9260470911323));
#9700=CARTESIAN_POINT('',(-62.31778583256,0.,-78.9260470911323));
#9701=CARTESIAN_POINT('',(-62.31778583256,0.2,-78.9260470911323));
#9702=CARTESIAN_POINT('Origin',(-63.9980937258629,0.,-78.9260470911323));
#9703=CARTESIAN_POINT('',(-55.4990468629315,0.,-78.9260470911323));
#9704=CARTESIAN_POINT('',(-63.9980937258629,0.2,-78.9260470911323));
#9705=CARTESIAN_POINT('Origin',(-62.7965120366932,0.2,-80.0146193068908));
#9706=CARTESIAN_POINT('Origin',(-68.0989850179098,0.,-78.9260470911323));
#9707=CARTESIAN_POINT('',(-68.0989850179098,0.,-78.9260470911323));
#9708=CARTESIAN_POINT('',(-66.2847225093366,0.,-78.9260470911323));
#9709=CARTESIAN_POINT('',(-57.5494925089549,0.,-78.9260470911323));
#9710=CARTESIAN_POINT('',(-68.0989850179098,0.2,-78.9260470911323));
#9711=CARTESIAN_POINT('',(-68.0989850179098,0.,-78.9260470911323));
#9712=CARTESIAN_POINT('',(-66.2847225093366,0.2,-78.9260470911323));
#9713=CARTESIAN_POINT('',(-68.0989850179098,0.2,-78.9260470911323));
#9714=CARTESIAN_POINT('',(-66.2847225093366,0.,-78.9260470911323));
#9715=CARTESIAN_POINT('Origin',(-68.0989850179098,0.,-79.2691589127018));
#9716=CARTESIAN_POINT('',(-68.0989850179098,0.,-79.2691589127018));
#9717=CARTESIAN_POINT('',(-68.0989850179098,0.,-64.3845794563509));
#9718=CARTESIAN_POINT('',(-68.0989850179098,0.2,-79.2691589127018));
#9719=CARTESIAN_POINT('',(-68.0989850179098,0.,-79.2691589127018));
#9720=CARTESIAN_POINT('',(-68.0989850179098,0.2,-79.2691589127018));
#9721=CARTESIAN_POINT('Origin',(-66.6701357883599,0.,-79.2691589127018));
#9722=CARTESIAN_POINT('',(-66.6701357883599,0.,-79.2691589127018));
#9723=CARTESIAN_POINT('',(-56.83506789418,0.,-79.2691589127018));
#9724=CARTESIAN_POINT('',(-66.6701357883599,0.2,-79.2691589127018));
#9725=CARTESIAN_POINT('',(-66.6701357883599,0.,-79.2691589127018));
#9726=CARTESIAN_POINT('',(-66.6701357883599,0.2,-79.2691589127018));
#9727=CARTESIAN_POINT('Origin',(-66.6701357883599,0.,-80.3454959968035));
#9728=CARTESIAN_POINT('',(-66.6701357883599,0.,-80.3454959968035));
#9729=CARTESIAN_POINT('',(-66.6701357883599,0.,-64.9227479984017));
#9730=CARTESIAN_POINT('',(-66.6701357883599,0.2,-80.3454959968035));
#9731=CARTESIAN_POINT('',(-66.6701357883599,0.,-80.3454959968035));
#9732=CARTESIAN_POINT('',(-66.6701357883599,0.2,-80.3454959968035));
#9733=CARTESIAN_POINT('Origin',(-68.002631698154,0.,-80.3454959968035));
#9734=CARTESIAN_POINT('',(-68.002631698154,0.,-80.3454959968035));
#9735=CARTESIAN_POINT('',(-57.501315849077,0.,-80.3454959968035));
#9736=CARTESIAN_POINT('',(-68.002631698154,0.2,-80.3454959968035));
#9737=CARTESIAN_POINT('',(-68.002631698154,0.,-80.3454959968035));
#9738=CARTESIAN_POINT('',(-68.002631698154,0.2,-80.3454959968035));
#9739=CARTESIAN_POINT('Origin',(-68.002631698154,0.,-80.688607818373));
#9740=CARTESIAN_POINT('',(-68.002631698154,0.,-80.688607818373));
#9741=CARTESIAN_POINT('',(-68.002631698154,0.,-65.0943039091865));
#9742=CARTESIAN_POINT('',(-68.002631698154,0.2,-80.688607818373));
#9743=CARTESIAN_POINT('',(-68.002631698154,0.,-80.688607818373));
#9744=CARTESIAN_POINT('',(-68.002631698154,0.2,-80.688607818373));
#9745=CARTESIAN_POINT('Origin',(-66.6701357883599,0.,-80.688607818373));
#9746=CARTESIAN_POINT('',(-66.6701357883599,0.,-80.688607818373));
#9747=CARTESIAN_POINT('',(-56.83506789418,0.,-80.688607818373));
#9748=CARTESIAN_POINT('',(-66.6701357883599,0.2,-80.688607818373));
#9749=CARTESIAN_POINT('',(-66.6701357883599,0.,-80.688607818373));
#9750=CARTESIAN_POINT('',(-66.6701357883599,0.2,-80.688607818373));
#9751=CARTESIAN_POINT('Origin',(-66.6701357883599,0.,-81.4829351861162));
#9752=CARTESIAN_POINT('',(-66.6701357883599,0.,-81.4829351861162));
#9753=CARTESIAN_POINT('',(-66.6701357883599,0.,-65.4914675930581));
#9754=CARTESIAN_POINT('',(-66.6701357883599,0.2,-81.4829351861162));
#9755=CARTESIAN_POINT('',(-66.6701357883599,0.,-81.4829351861162));
#9756=CARTESIAN_POINT('',(-66.6701357883599,0.2,-81.4829351861162));
#9757=CARTESIAN_POINT('Origin',(-68.0989850179098,0.,-81.4829351861162));
#9758=CARTESIAN_POINT('',(-68.0989850179098,0.,-81.4829351861162));
#9759=CARTESIAN_POINT('',(-57.5494925089549,0.,-81.4829351861162));
#9760=CARTESIAN_POINT('',(-68.0989850179098,0.2,-81.4829351861162));
#9761=CARTESIAN_POINT('',(-68.0989850179098,0.,-81.4829351861162));
#9762=CARTESIAN_POINT('',(-68.0989850179098,0.2,-81.4829351861162));
#9763=CARTESIAN_POINT('Origin',(-68.0989850179098,0.,-81.8260470076858));
#9764=CARTESIAN_POINT('',(-68.0989850179098,0.,-81.8260470076858));
#9765=CARTESIAN_POINT('',(-68.0989850179098,0.,-65.6630235038429));
#9766=CARTESIAN_POINT('',(-68.0989850179098,0.2,-81.8260470076858));
#9767=CARTESIAN_POINT('',(-68.0989850179098,0.,-81.8260470076858));
#9768=CARTESIAN_POINT('',(-68.0989850179098,0.2,-81.8260470076858));
#9769=CARTESIAN_POINT('Origin',(-66.2847225093366,0.,-81.8260470076858));
#9770=CARTESIAN_POINT('',(-66.2847225093366,0.,-81.8260470076858));
#9771=CARTESIAN_POINT('',(-56.6423612546683,0.,-81.8260470076858));
#9772=CARTESIAN_POINT('',(-66.2847225093366,0.2,-81.8260470076858));
#9773=CARTESIAN_POINT('',(-66.2847225093366,0.,-81.8260470076858));
#9774=CARTESIAN_POINT('',(-66.2847225093366,0.2,-81.8260470076858));
#9775=CARTESIAN_POINT('Origin',(-66.2847225093366,0.,-78.9260470911323));
#9776=CARTESIAN_POINT('',(-66.2847225093366,0.,-64.2130235455661));
#9777=CARTESIAN_POINT('',(-66.2847225093366,0.2,-78.9260470911323));
#9778=CARTESIAN_POINT('Origin',(-67.0734628015271,0.2,-80.4011805780439));
#9779=CARTESIAN_POINT('Origin',(-47.,0.,-49.5));
#9780=CARTESIAN_POINT('',(-3.5527136788005E-14,0.,-99.));
#9781=CARTESIAN_POINT('',(-94.,0.,-99.));
#9782=CARTESIAN_POINT('',(-3.5527136788005E-14,0.,-99.));
#9783=CARTESIAN_POINT('',(0.,0.,0.));
#9784=CARTESIAN_POINT('',(0.,0.,0.));
#9785=CARTESIAN_POINT('',(-94.,0.,0.));
#9786=CARTESIAN_POINT('',(-94.,0.,0.));
#9787=CARTESIAN_POINT('',(-94.,0.,-99.));
#9788=CARTESIAN_POINT('',(-73.8,0.,-53.7));
#9789=CARTESIAN_POINT('',(-84.8,0.,-53.7));
#9790=CARTESIAN_POINT('',(-60.4,0.,-53.7));
#9791=CARTESIAN_POINT('',(-84.8,0.,-42.7));
#9792=CARTESIAN_POINT('',(-84.8,0.,-51.6));
#9793=CARTESIAN_POINT('',(-73.8,0.,-42.7));
#9794=CARTESIAN_POINT('',(-65.9,0.,-42.7));
#9795=CARTESIAN_POINT('',(-73.8,0.,-46.1));
#9796=CARTESIAN_POINT('',(-35.8,0.,-42.7));
#9797=CARTESIAN_POINT('',(-35.8,0.,-53.7));
#9798=CARTESIAN_POINT('',(-35.8,0.,-46.1));
#9799=CARTESIAN_POINT('',(-46.8,0.,-53.7));
#9800=CARTESIAN_POINT('',(-41.4,0.,-53.7));
#9801=CARTESIAN_POINT('',(-46.8,0.,-42.7));
#9802=CARTESIAN_POINT('',(-46.8,0.,-51.6));
#9803=CARTESIAN_POINT('',(-46.9,0.,-42.7));
#9804=CARTESIAN_POINT('',(-73.8,0.,-56.7));
#9805=CARTESIAN_POINT('',(-46.8,0.,-56.7));
#9806=CARTESIAN_POINT('',(-60.4,0.,-56.7));
#9807=CARTESIAN_POINT('',(-46.8,0.,-61.7));
#9808=CARTESIAN_POINT('',(-46.8,0.,-53.1));
#9809=CARTESIAN_POINT('',(-73.8,0.,-61.7));
#9810=CARTESIAN_POINT('',(-46.9,0.,-61.7));
#9811=CARTESIAN_POINT('',(-73.8,0.,-55.6));
#9812=CARTESIAN_POINT('Origin',(-47.,0.,-49.5));
#9813=CARTESIAN_POINT('Origin',(-47.,0.,-49.5));
#9814=CARTESIAN_POINT('Origin',(-47.,0.,-49.5));
#9815=CARTESIAN_POINT('Origin',(-47.,0.,-49.5));
#9816=CARTESIAN_POINT('Origin',(-47.,0.,-49.5));
#9817=CARTESIAN_POINT('Origin',(-47.,0.,-49.5));
#9818=CARTESIAN_POINT('Origin',(-47.,0.,-49.5));
#9819=CARTESIAN_POINT('Origin',(-73.8,0.,-53.7));
#9820=CARTESIAN_POINT('',(-84.8,2.,-53.7));
#9821=CARTESIAN_POINT('',(-73.8,2.,-53.7));
#9822=CARTESIAN_POINT('',(-60.4,2.,-53.7));
#9823=CARTESIAN_POINT('',(-84.8,0.,-53.7));
#9824=CARTESIAN_POINT('',(-73.8,0.,-53.7));
#9825=CARTESIAN_POINT('Origin',(-73.8,0.,-42.7));
#9826=CARTESIAN_POINT('',(-73.8,2.,-42.7));
#9827=CARTESIAN_POINT('',(-73.8,2.,-46.1));
#9828=CARTESIAN_POINT('',(-73.8,0.,-42.7));
#9829=CARTESIAN_POINT('Origin',(-84.8,0.,-42.7));
#9830=CARTESIAN_POINT('',(-84.8,2.,-42.7));
#9831=CARTESIAN_POINT('',(-65.9,2.,-42.7));
#9832=CARTESIAN_POINT('',(-84.8,0.,-42.7));
#9833=CARTESIAN_POINT('Origin',(-84.8,0.,-53.7));
#9834=CARTESIAN_POINT('',(-84.8,2.,-51.6));
#9835=CARTESIAN_POINT('Origin',(-35.8,0.,-42.7));
#9836=CARTESIAN_POINT('',(-35.8,2.,-53.7));
#9837=CARTESIAN_POINT('',(-35.8,2.,-42.7));
#9838=CARTESIAN_POINT('',(-35.8,2.,-46.1));
#9839=CARTESIAN_POINT('',(-35.8,0.,-53.7));
#9840=CARTESIAN_POINT('',(-35.8,0.,-42.7));
#9841=CARTESIAN_POINT('Origin',(-46.8,0.,-42.7));
#9842=CARTESIAN_POINT('',(-46.8,2.,-42.7));
#9843=CARTESIAN_POINT('',(-46.9,2.,-42.7));
#9844=CARTESIAN_POINT('',(-46.8,0.,-42.7));
#9845=CARTESIAN_POINT('Origin',(-46.8,0.,-53.7));
#9846=CARTESIAN_POINT('',(-46.8,2.,-53.7));
#9847=CARTESIAN_POINT('',(-46.8,2.,-51.6));
#9848=CARTESIAN_POINT('',(-46.8,0.,-53.7));
#9849=CARTESIAN_POINT('Origin',(-35.8,0.,-53.7));
#9850=CARTESIAN_POINT('',(-41.4,2.,-53.7));
#9851=CARTESIAN_POINT('Origin',(-73.8,0.,-56.7));
#9852=CARTESIAN_POINT('',(-46.8,2.,-56.7));
#9853=CARTESIAN_POINT('',(-73.8,2.,-56.7));
#9854=CARTESIAN_POINT('',(-60.4,2.,-56.7));
#9855=CARTESIAN_POINT('',(-46.8,0.,-56.7));
#9856=CARTESIAN_POINT('',(-73.8,0.,-56.7));
#9857=CARTESIAN_POINT('Origin',(-46.8,0.,-56.7));
#9858=CARTESIAN_POINT('',(-46.8,2.,-61.7));
#9859=CARTESIAN_POINT('',(-46.8,2.,-53.1));
#9860=CARTESIAN_POINT('',(-46.8,0.,-61.7));
#9861=CARTESIAN_POINT('Origin',(-46.8,0.,-61.7));
#9862=CARTESIAN_POINT('',(-73.8,2.,-61.7));
#9863=CARTESIAN_POINT('',(-46.9,2.,-61.7));
#9864=CARTESIAN_POINT('',(-73.8,0.,-61.7));
#9865=CARTESIAN_POINT('Origin',(-73.8,0.,-61.7));
#9866=CARTESIAN_POINT('',(-73.8,2.,-55.6));
#9867=CARTESIAN_POINT('Origin',(-7.99999999999999,2.,-39.5));
#9868=CARTESIAN_POINT('',(-4.99999999999998,2.,-39.5));
#9869=CARTESIAN_POINT('',(-7.99999999999999,2.,-39.5));
#9870=CARTESIAN_POINT('',(-27.5,2.,-39.5));
#9871=CARTESIAN_POINT('',(-4.99999999999998,24.5,-39.5));
#9872=CARTESIAN_POINT('',(-4.99999999999998,2.,-39.5));
#9873=CARTESIAN_POINT('',(-7.99999999999999,24.5,-39.5));
#9874=CARTESIAN_POINT('',(-7.99999999999999,24.5,-39.5));
#9875=CARTESIAN_POINT('',(-7.99999999999999,2.,-39.5));
#9876=CARTESIAN_POINT('Origin',(-8.00000000000001,2.,-59.5));
#9877=CARTESIAN_POINT('',(-8.00000000000001,2.,-59.5));
#9878=CARTESIAN_POINT('',(-8.,2.,-54.5));
#9879=CARTESIAN_POINT('',(-8.00000000000001,24.5,-59.5));
#9880=CARTESIAN_POINT('',(-8.00000000000001,24.5,-59.5));
#9881=CARTESIAN_POINT('',(-8.00000000000001,2.,-59.5));
#9882=CARTESIAN_POINT('Origin',(-5.,2.,-59.5));
#9883=CARTESIAN_POINT('',(-5.,2.,-59.5));
#9884=CARTESIAN_POINT('',(-26.,2.,-59.5));
#9885=CARTESIAN_POINT('',(-5.,24.5,-59.5));
#9886=CARTESIAN_POINT('',(-5.,24.5,-59.5));
#9887=CARTESIAN_POINT('',(-5.,2.,-59.5));
#9888=CARTESIAN_POINT('Origin',(-4.99999999999998,2.,-39.5));
#9889=CARTESIAN_POINT('',(-4.99999999999999,2.,-44.5));
#9890=CARTESIAN_POINT('',(-4.99999999999998,24.5,-39.5));
#9891=CARTESIAN_POINT('Origin',(-6.49999999999999,24.5,-49.5));
#9892=CARTESIAN_POINT('Origin',(-89.,2.,-39.5));
#9893=CARTESIAN_POINT('',(-86.,2.,-39.5));
#9894=CARTESIAN_POINT('',(-89.,2.,-39.5));
#9895=CARTESIAN_POINT('',(-68.,2.,-39.5));
#9896=CARTESIAN_POINT('',(-86.,24.5,-39.5));
#9897=CARTESIAN_POINT('',(-86.,2.,-39.5));
#9898=CARTESIAN_POINT('',(-89.,24.5,-39.5));
#9899=CARTESIAN_POINT('',(-89.,24.5,-39.5));
#9900=CARTESIAN_POINT('',(-89.,2.,-39.5));
#9901=CARTESIAN_POINT('Origin',(-89.,2.,-59.5));
#9902=CARTESIAN_POINT('',(-89.,2.,-59.5));
#9903=CARTESIAN_POINT('',(-89.,2.,-54.5));
#9904=CARTESIAN_POINT('',(-89.,24.5,-59.5));
#9905=CARTESIAN_POINT('',(-89.,24.5,-59.5));
#9906=CARTESIAN_POINT('',(-89.,2.,-59.5));
#9907=CARTESIAN_POINT('Origin',(-86.,2.,-59.5));
#9908=CARTESIAN_POINT('',(-86.,2.,-59.5));
#9909=CARTESIAN_POINT('',(-66.5,2.,-59.5));
#9910=CARTESIAN_POINT('',(-86.,24.5,-59.5));
#9911=CARTESIAN_POINT('',(-86.,24.5,-59.5));
#9912=CARTESIAN_POINT('',(-86.,2.,-59.5));
#9913=CARTESIAN_POINT('Origin',(-86.,2.,-39.5));
#9914=CARTESIAN_POINT('',(-86.,2.,-44.5));
#9915=CARTESIAN_POINT('',(-86.,24.5,-39.5));
#9916=CARTESIAN_POINT('Origin',(-87.5,24.5,-49.5));
#9917=CARTESIAN_POINT('Origin',(-42.,53.,-1.74999999999999));
#9918=CARTESIAN_POINT('',(-57.,51.,-2.99999999999999));
#9919=CARTESIAN_POINT('',(-57.,55.,-0.499999999999989));
#9920=CARTESIAN_POINT('',(-57.,48.2696629213483,-4.70646067415729));
#9921=CARTESIAN_POINT('',(-37.,55.,-0.499999999999989));
#9922=CARTESIAN_POINT('',(-42.,55.,-0.499999999999989));
#9923=CARTESIAN_POINT('',(-37.,51.,-2.99999999999999));
#9924=CARTESIAN_POINT('',(-37.,48.7191011235955,-4.4255617977528));
#9925=CARTESIAN_POINT('',(-47.,51.,-2.99999999999999));
#9926=CARTESIAN_POINT('Origin',(-37.,40.,0.));
#9927=CARTESIAN_POINT('',(-37.,55.,0.));
#9928=CARTESIAN_POINT('',(-37.,55.,0.));
#9929=CARTESIAN_POINT('',(-37.,40.,0.));
#9930=CARTESIAN_POINT('',(-37.,40.,0.));
#9931=CARTESIAN_POINT('',(-37.,40.,-1.99999999999999));
#9932=CARTESIAN_POINT('',(-37.,40.,-24.75));
#9933=CARTESIAN_POINT('',(-37.,51.,-1.99999999999998));
#9934=CARTESIAN_POINT('',(-37.,40.,-1.99999999999999));
#9935=CARTESIAN_POINT('',(-37.,51.,-97.));
#9936=CARTESIAN_POINT('Origin',(-47.,55.,-0.999999999999995));
#9937=CARTESIAN_POINT('',(-57.,55.,0.));
#9938=CARTESIAN_POINT('',(-57.,55.,-99.));
#9939=CARTESIAN_POINT('',(-94.,55.,0.));
#9940=CARTESIAN_POINT('Origin',(-52.,53.,-97.25));
#9941=CARTESIAN_POINT('',(-37.,51.,-96.));
#9942=CARTESIAN_POINT('',(-37.,55.,-98.5));
#9943=CARTESIAN_POINT('',(-37.,26.4719101123596,-80.6699438202247));
#9944=CARTESIAN_POINT('',(-57.,55.,-98.5));
#9945=CARTESIAN_POINT('',(-52.,55.,-98.5));
#9946=CARTESIAN_POINT('',(-57.,51.,-96.));
#9947=CARTESIAN_POINT('',(-57.,26.9213483146068,-80.9508426966292));
#9948=CARTESIAN_POINT('',(-57.,51.,-96.));
#9949=CARTESIAN_POINT('Origin',(-47.,55.,-0.999999999999995));
#9950=CARTESIAN_POINT('',(-37.,55.,-99.));
#9951=CARTESIAN_POINT('',(-37.,55.,0.));
#9952=CARTESIAN_POINT('',(-57.,55.,-99.));
#9953=CARTESIAN_POINT('',(-3.5527136788005E-14,55.,-99.));
#9954=CARTESIAN_POINT('',(-57.,55.,-99.));
#9955=CARTESIAN_POINT('Origin',(-37.,40.,0.));
#9956=CARTESIAN_POINT('',(-37.,51.,-97.));
#9957=CARTESIAN_POINT('',(-37.,51.,-97.));
#9958=CARTESIAN_POINT('',(-37.,40.,-97.));
#9959=CARTESIAN_POINT('',(-37.,40.,-97.));
#9960=CARTESIAN_POINT('',(-37.,40.,-99.));
#9961=CARTESIAN_POINT('',(-37.,40.,-73.25));
#9962=CARTESIAN_POINT('',(-37.,40.,-99.));
#9963=CARTESIAN_POINT('Origin',(-57.,40.,-1.99999999999999));
#9964=CARTESIAN_POINT('',(-57.,40.,-99.));
#9965=CARTESIAN_POINT('',(-57.,40.,-99.));
#9966=CARTESIAN_POINT('',(-57.,40.,-97.));
#9967=CARTESIAN_POINT('',(-57.,40.,-74.25));
#9968=CARTESIAN_POINT('',(-57.,51.,-97.));
#9969=CARTESIAN_POINT('',(-57.,40.,-97.));
#9970=CARTESIAN_POINT('',(-57.,51.,-97.));
#9971=CARTESIAN_POINT('Origin',(-57.,51.,-97.));
#9972=CARTESIAN_POINT('',(-74.5,51.,-97.));
#9973=CARTESIAN_POINT('Origin',(-57.,51.,-97.));
#9974=CARTESIAN_POINT('',(-57.,51.,-1.99999999999998));
#9975=CARTESIAN_POINT('',(-29.5,51.,-1.99999999999999));
#9976=CARTESIAN_POINT('',(-57.,51.,-97.));
#9977=CARTESIAN_POINT('Origin',(-92.,40.,-97.));
#9978=CARTESIAN_POINT('',(-92.,40.,-97.));
#9979=CARTESIAN_POINT('',(-69.5,40.,-97.));
#9980=CARTESIAN_POINT('',(-92.,2.,-97.));
#9981=CARTESIAN_POINT('',(-92.,40.,-97.));
#9982=CARTESIAN_POINT('',(-2.00000000000003,2.,-97.));
#9983=CARTESIAN_POINT('',(-2.00000000000003,2.,-97.));
#9984=CARTESIAN_POINT('',(-2.00000000000003,40.,-97.));
#9985=CARTESIAN_POINT('',(-2.00000000000003,40.,-97.));
#9986=CARTESIAN_POINT('',(-69.5,40.,-97.));
#9987=CARTESIAN_POINT('Origin',(-57.,40.,-1.99999999999999));
#9988=CARTESIAN_POINT('',(-57.,40.,-1.99999999999999));
#9989=CARTESIAN_POINT('',(-57.,40.,-1.99999999999999));
#9990=CARTESIAN_POINT('',(-57.,40.,0.));
#9991=CARTESIAN_POINT('',(-57.,40.,-25.75));
#9992=CARTESIAN_POINT('',(-57.,40.,0.));
#9993=CARTESIAN_POINT('Origin',(-47.,40.,-49.5));
#9994=CARTESIAN_POINT('',(-92.,40.,-1.99999999999998));
#9995=CARTESIAN_POINT('',(-24.5,40.,-2.));
#9996=CARTESIAN_POINT('',(-92.,40.,-25.75));
#9997=CARTESIAN_POINT('',(-94.,40.,-99.));
#9998=CARTESIAN_POINT('',(-3.5527136788005E-14,40.,-99.));
#9999=CARTESIAN_POINT('',(-94.,40.,0.));
#10000=CARTESIAN_POINT('',(-94.,40.,-99.));
#10001=CARTESIAN_POINT('',(-94.,40.,0.));
#10002=CARTESIAN_POINT('Origin',(-47.,40.,-49.5));
#10003=CARTESIAN_POINT('',(0.,40.,0.));
#10004=CARTESIAN_POINT('',(-94.,40.,0.));
#10005=CARTESIAN_POINT('',(-3.5527136788005E-14,40.,-99.));
#10006=CARTESIAN_POINT('',(0.,40.,0.));
#10007=CARTESIAN_POINT('',(-3.5527136788005E-14,40.,-99.));
#10008=CARTESIAN_POINT('',(-2.,40.,-2.));
#10009=CARTESIAN_POINT('',(-2.00000000000002,40.,-73.25));
#10010=CARTESIAN_POINT('',(-24.5,40.,-2.));
#10011=CARTESIAN_POINT('Origin',(-92.,40.,-1.99999999999998));
#10012=CARTESIAN_POINT('',(-92.,2.,-1.99999999999998));
#10013=CARTESIAN_POINT('',(-92.,40.,-1.99999999999998));
#10014=CARTESIAN_POINT('',(-92.,2.,-97.));
#10015=CARTESIAN_POINT('Origin',(-1.99999999999999,40.,-2.));
#10016=CARTESIAN_POINT('',(-2.,2.,-1.99999999999999));
#10017=CARTESIAN_POINT('',(-2.,40.,-2.));
#10018=CARTESIAN_POINT('',(-92.,2.,-1.99999999999998));
#10019=CARTESIAN_POINT('Origin',(-2.00000000000003,40.,-97.));
#10020=CARTESIAN_POINT('',(-2.,2.,-1.99999999999999));
#10021=CARTESIAN_POINT('Origin',(-47.,2.,-49.5));
#10022=CARTESIAN_POINT('Origin',(0.,0.,0.));
#10023=CARTESIAN_POINT('',(-3.5527136788005E-14,0.,-99.));
#10024=CARTESIAN_POINT('',(0.,0.,0.));
#10025=CARTESIAN_POINT('Origin',(-94.,0.,0.));
#10026=CARTESIAN_POINT('',(-94.,0.,0.));
#10027=CARTESIAN_POINT('Origin',(-94.,0.,-99.));
#10028=CARTESIAN_POINT('',(-94.,0.,-99.));
#10029=CARTESIAN_POINT('Origin',(-3.5527136788005E-14,0.,-99.));
#10030=CARTESIAN_POINT('Origin',(-47.,0.,-49.5));
#10031=UNCERTAINTY_MEASURE_WITH_UNIT(LENGTH_MEASURE(0.01),#10035,
'DISTANCE_ACCURACY_VALUE',
'Maximum model space distance between geometric entities at asserted c
onnectivities');
#10032=UNCERTAINTY_MEASURE_WITH_UNIT(LENGTH_MEASURE(0.01),#10035,
'DISTANCE_ACCURACY_VALUE',
'Maximum model space distance between geometric entities at asserted c
onnectivities');
#10033=(
GEOMETRIC_REPRESENTATION_CONTEXT(3)
GLOBAL_UNCERTAINTY_ASSIGNED_CONTEXT((#10031))
GLOBAL_UNIT_ASSIGNED_CONTEXT((#10035,#10037,#10038))
REPRESENTATION_CONTEXT('','3D')
);
#10034=(
GEOMETRIC_REPRESENTATION_CONTEXT(3)
GLOBAL_UNCERTAINTY_ASSIGNED_CONTEXT((#10032))
GLOBAL_UNIT_ASSIGNED_CONTEXT((#10035,#10037,#10038))
REPRESENTATION_CONTEXT('','3D')
);
#10035=(
LENGTH_UNIT()
NAMED_UNIT(*)
SI_UNIT(.MILLI.,.METRE.)
);
#10036=(
LENGTH_UNIT()
NAMED_UNIT(*)
SI_UNIT(.CENTI.,.METRE.)
);
#10037=(
NAMED_UNIT(*)
PLANE_ANGLE_UNIT()
SI_UNIT($,.RADIAN.)
);
#10038=(
NAMED_UNIT(*)
SI_UNIT($,.STERADIAN.)
SOLID_ANGLE_UNIT()
);
#10039=SHAPE_DEFINITION_REPRESENTATION(#10040,#10041);
#10040=PRODUCT_DEFINITION_SHAPE('',$,#10043);
#10041=SHAPE_REPRESENTATION('',(#5967),#10033);
#10042=PRODUCT_DEFINITION_CONTEXT('part definition',#10047,'design');
#10043=PRODUCT_DEFINITION('Arduino_case_lid','Arduino_case_lid',#10044,
#10042);
#10044=PRODUCT_DEFINITION_FORMATION('',$,#10049);
#10045=PRODUCT_RELATED_PRODUCT_CATEGORY('Arduino_case_lid',
'Arduino_case_lid',(#10049));
#10046=APPLICATION_PROTOCOL_DEFINITION('international standard',
'automotive_design',2009,#10047);
#10047=APPLICATION_CONTEXT(
'Core Data for Automotive Mechanical Design Process');
#10048=PRODUCT_CONTEXT('part definition',#10047,'mechanical');
#10049=PRODUCT('Arduino_case_lid','Arduino_case_lid',$,(#10048));
#10050=PRESENTATION_STYLE_ASSIGNMENT((#10051));
#10051=SURFACE_STYLE_USAGE(.BOTH.,#10054);
#10052=SURFACE_STYLE_RENDERING_WITH_PROPERTIES($,#10058,(#10053));
#10053=SURFACE_STYLE_TRANSPARENT(0.);
#10054=SURFACE_SIDE_STYLE('',(#10055,#10052));
#10055=SURFACE_STYLE_FILL_AREA(#10056);
#10056=FILL_AREA_STYLE('',(#10057));
#10057=FILL_AREA_STYLE_COLOUR('',#10058);
#10058=COLOUR_RGB('',0.749019607843137,0.749019607843137,0.749019607843137);
ENDSEC;
END-ISO-10303-21;
